Series_reference,Period,Data_value,Suppressed,STATUS,UNITS,Magnitude,Subject,Group,Series_title_1,Series_title_2,Series_title_3,Series_title_4,Series_title_5
ECTA.S19A1,2001.03,2462.5,,F,Dollars,6,Electronic Card Transactions (ANZSIC06) - ECT,Total values - Electronic card transactions A/S/T by division,Actual,RTS total industries,,,
ECTA.S19A1,2002.03,17177.2,,F,Dollars,6,Electronic Card Transactions (ANZSIC06) - ECT,Total values - Electronic card transactions A/S/T by division,Actual,RTS total industries,,,
ECTA.S19A1,2003.03,22530.5,,F,Dollars,6,Electronic Card Transactions (ANZSIC06) - ECT,Total values - Electronic card transactions A/S/T by division,Actual,RTS total industries,,,
ECTA.S19A1,2004.03,28005.1,,F,Dollars,6,Electronic Card Transactions (ANZSIC06) - ECT,Total values - Electronic card transactions A/S/T by division,Actual,RTS total industries,,,
ECTA.S19A1,2005.03,30629.6,,F,Dollars,6,Electronic Card Transactions (ANZSIC06) - ECT,Total values - Electronic card transactions A/S/T by division,Actual,RTS total industries,,,
ECTA.S19A1,2006.03,33317.4,,F,Dollars,6,Electronic Card Transactions (ANZSIC06) - ECT,Total values - Electronic card transactions A/S/T by division,Actual,RTS total industries,,,
ECTA.S19A1,2007.03,36422,,F,Dollars,6,Electronic Card Transactions (ANZSIC06) - ECT,Total values - Electronic card transactions A/S/T by division,Actual,RTS total industries,,,
ECTA.S19A1,2008.03,39198,,F,Dollars,6,Electronic Card Transactions (ANZSIC06) - ECT,Total values - Electronic card transactions A/S/T by division,Actual,RTS total industries,,,
ECTA.S19A1,2009.03,40629.4,,F,Dollars,6,Electronic Card Transactions (ANZSIC06) - ECT,Total values - Electronic card transactions A/S/T by division,Actual,RTS total industries,,,
ECTA.S19A1,2010.03,41815.4,,F,Dollars,6,Electronic Card Transactions (ANZSIC06) - ECT,Total values - Electronic card transactions A/S/T by division,Actual,RTS total industries,,,
ECTA.S19A1,2011.03,43848.6,,F,Dollars,6,Electronic Card Transactions (ANZSIC06) - ECT,Total values - Electronic card transactions A/S/T by division,Actual,RTS total industries,,,
ECTA.S19A1,2012.03,47004.9,,F,Dollars,6,Electronic Card Transactions (ANZSIC06) - ECT,Total values - Electronic card transactions A/S/T by division,Actual,RTS total industries,,,
ECTA.S19A1,2013.03,49188.8,,F,Dollars,6,Electronic Card Transactions (ANZSIC06) - ECT,Total values - Electronic card transactions A/S/T by division,Actual,RTS total industries,,,
ECTA.S19A1,2014.03,52108.2,,F,Dollars,6,Electronic Card Transactions (ANZSIC06) - ECT,Total values - Electronic card transactions A/S/T by division,Actual,RTS total industries,,,
ECTA.S19A1,2015.03,54410.5,,F,Dollars,6,Electronic Card Transactions (ANZSIC06) - ECT,Total values - Electronic card transactions A/S/T by division,Actual,RTS total industries,,,
ECTA.S19A1,2016.03,57389.5,,F,Dollars,6,Electronic Card Transactions (ANZSIC06) - ECT,Total values - Electronic card transactions A/S/T by division,Actual,RTS total industries,,,
ECTA.S19A1,2017.03,61063,,F,Dollars,6,Electronic Card Transactions (ANZSIC06) - ECT,Total values - Electronic card transactions A/S/T by division,Actual,RTS total industries,,,
ECTA.S19A1,2018.03,66066.1,,F,Dollars,6,Electronic Card Transactions (ANZSIC06) - ECT,Total values - Electronic card transactions A/S/T by division,Actual,RTS total industries,,,
ECTA.S19A1,2019.03,68767.7,,F,Dollars,6,Electronic Card Transactions (ANZSIC06) - ECT,Total values - Electronic card transactions A/S/T by division,Actual,RTS total industries,,,
ECTA.S19A1,2020.03,71013.6,,F,Dollars,6,Electronic Card Transactions (ANZSIC06) - ECT,Total values - Electronic card transactions A/S/T by division,Actual,RTS total industries,,,
ECTA.S19A1,2021.03,70647.8,,F,Dollars,6,Electronic Card Transactions (ANZSIC06) - ECT,Total values - Electronic card transactions A/S/T by division,Actual,RTS total industries,,,
ECTA.S19A1,2022.03,74434.2,,F,Dollars,6,Electronic Card Transactions (ANZSIC06) - ECT,Total values - Electronic card transactions A/S/T by division,Actual,RTS total industries,,,
ECTA.S19A1,2023.03,81911.4,,F,Dollars,6,Electronic Card Transactions (ANZSIC06) - ECT,Total values - Electronic card transactions A/S/T by division,Actual,RTS total industries,,,
ECTA.S19A1,2024.03,84577.4,,F,Dollars,6,Electronic Card Transactions (ANZSIC06) - ECT,Total values - Electronic card transactions A/S/T by division,Actual,RTS total industries,,,
ECTA.S19A1,2025.03,82712.5,,F,Dollars,6,Electronic Card Transactions (ANZSIC06) - ECT,Total values - Electronic card transactions A/S/T by division,Actual,RTS total industries,,,
ECTA.S19A1,2026.03,83252.7,,F,Dollars,6,Electronic Card Transactions (ANZSIC06) - ECT,Total values - Electronic card transactions A/S/T by division,Actual,RTS total industries,,,
ECTA.S19A2,2001.03,,,C,Dollars,6,Electronic Card Transactions (ANZSIC06) - ECT,Total values - Electronic card transactions A/S/T by division,Actual,RTS core industries,,,
ECTA.S19A2,2002.03,,,C,Dollars,6,Electronic Card Transactions (ANZSIC06) - ECT,Total values - Electronic card transactions A/S/T by division,Actual,RTS core industries,,,
ECTA.S19A2,2003.03,,,C,Dollars,6,Electronic Card Transactions (ANZSIC06) - ECT,Total values - Electronic card transactions A/S/T by division,Actual,RTS core industries,,,
ECTA.S19A2,2004.03,24641.7,,F,Dollars,6,Electronic Card Transactions (ANZSIC06) - ECT,Total values - Electronic card transactions A/S/T by division,Actual,RTS core industries,,,
ECTA.S19A2,2005.03,26469.8,,F,Dollars,6,Electronic Card Transactions (ANZSIC06) - ECT,Total values - Electronic card transactions A/S/T by division,Actual,RTS core industries,,,
ECTA.S19A2,2006.03,28502,,F,Dollars,6,Electronic Card Transactions (ANZSIC06) - ECT,Total values - Electronic card transactions A/S/T by division,Actual,RTS core industries,,,
ECTA.S19A2,2007.03,31000.7,,F,Dollars,6,Electronic Card Transactions (ANZSIC06) - ECT,Total values - Electronic card transactions A/S/T by division,Actual,RTS core industries,,,
ECTA.S19A2,2008.03,33293.2,,F,Dollars,6,Electronic Card Transactions (ANZSIC06) - ECT,Total values - Electronic card transactions A/S/T by division,Actual,RTS core industries,,,
ECTA.S19A2,2009.03,34258.5,,F,Dollars,6,Electronic Card Transactions (ANZSIC06) - ECT,Total values - Electronic card transactions A/S/T by division,Actual,RTS core industries,,,
ECTA.S19A2,2010.03,35712.7,,F,Dollars,6,Electronic Card Transactions (ANZSIC06) - ECT,Total values - Electronic card transactions A/S/T by division,Actual,RTS core industries,,,
ECTA.S19A2,2011.03,37132.3,,F,Dollars,6,Electronic Card Transactions (ANZSIC06) - ECT,Total values - Electronic card transactions A/S/T by division,Actual,RTS core industries,,,
ECTA.S19A2,2012.03,39561.9,,F,Dollars,6,Electronic Card Transactions (ANZSIC06) - ECT,Total values - Electronic card transactions A/S/T by division,Actual,RTS core industries,,,
ECTA.S19A2,2013.03,40945.5,,F,Dollars,6,Electronic Card Transactions (ANZSIC06) - ECT,Total values - Electronic card transactions A/S/T by division,Actual,RTS core industries,,,
ECTA.S19A2,2014.03,42895.6,,F,Dollars,6,Electronic Card Transactions (ANZSIC06) - ECT,Total values - Electronic card transactions A/S/T by division,Actual,RTS core industries,,,
ECTA.S19A2,2015.03,45331.2,,F,Dollars,6,Electronic Card Transactions (ANZSIC06) - ECT,Total values - Electronic card transactions A/S/T by division,Actual,RTS core industries,,,
ECTA.S19A2,2016.03,48446,,F,Dollars,6,Electronic Card Transactions (ANZSIC06) - ECT,Total values - Electronic card transactions A/S/T by division,Actual,RTS core industries,,,
ECTA.S19A2,2017.03,51946.2,,F,Dollars,6,Electronic Card Transactions (ANZSIC06) - ECT,Total values - Electronic card transactions A/S/T by division,Actual,RTS core industries,,,
ECTA.S19A2,2018.03,56559.5,,F,Dollars,6,Electronic Card Transactions (ANZSIC06) - ECT,Total values - Electronic card transactions A/S/T by division,Actual,RTS core industries,,,
ECTA.S19A2,2019.03,59043.4,,F,Dollars,6,Electronic Card Transactions (ANZSIC06) - ECT,Total values - Electronic card transactions A/S/T by division,Actual,RTS core industries,,,
ECTA.S19A2,2020.03,61767.5,,F,Dollars,6,Electronic Card Transactions (ANZSIC06) - ECT,Total values - Electronic card transactions A/S/T by division,Actual,RTS core industries,,,
ECTA.S19A2,2021.03,62608.9,,F,Dollars,6,Electronic Card Transactions (ANZSIC06) - ECT,Total values - Electronic card transactions A/S/T by division,Actual,RTS core industries,,,
ECTA.S19A2,2022.03,65606.7,,F,Dollars,6,Electronic Card Transactions (ANZSIC06) - ECT,Total values - Electronic card transactions A/S/T by division,Actual,RTS core industries,,,
ECTA.S19A2,2023.03,72141.4,,F,Dollars,6,Electronic Card Transactions (ANZSIC06) - ECT,Total values - Electronic card transactions A/S/T by division,Actual,RTS core industries,,,
ECTA.S19A2,2024.03,75055,,F,Dollars,6,Electronic Card Transactions (ANZSIC06) - ECT,Total values - Electronic card transactions A/S/T by division,Actual,RTS core industries,,,
ECTA.S19A2,2025.03,74174.7,,F,Dollars,6,Electronic Card Transactions (ANZSIC06) - ECT,Total values - Electronic card transactions A/S/T by division,Actual,RTS core industries,,,
ECTA.S19A2,2026.03,75066.5,,F,Dollars,6,Electronic Card Transactions (ANZSIC06) - ECT,Total values - Electronic card transactions A/S/T by division,Actual,RTS core industries,,,
ECTA.S19A9,2001.03,,,C,Dollars,6,Electronic Card Transactions (ANZSIC06) - ECT,Total values - Electronic card transactions A/S/T by division,Actual,Total,,,
ECTA.S19A9,2002.03,,,C,Dollars,6,Electronic Card Transactions (ANZSIC06) - ECT,Total values - Electronic card transactions A/S/T by division,Actual,Total,,,
ECTA.S19A9,2003.03,,,C,Dollars,6,Electronic Card Transactions (ANZSIC06) - ECT,Total values - Electronic card transactions A/S/T by division,Actual,Total,,,
ECTA.S19A9,2004.03,36878.7,,F,Dollars,6,Electronic Card Transactions (ANZSIC06) - ECT,Total values - Electronic card transactions A/S/T by division,Actual,Total,,,
ECTA.S19A9,2005.03,40756.2,,F,Dollars,6,Electronic Card Transactions (ANZSIC06) - ECT,Total values - Electronic card transactions A/S/T by division,Actual,Total,,,
ECTA.S19A9,2006.03,44303.8,,F,Dollars,6,Electronic Card Transactions (ANZSIC06) - ECT,Total values - Electronic card transactions A/S/T by division,Actual,Total,,,
ECTA.S19A9,2007.03,48616.7,,F,Dollars,6,Electronic Card Transactions (ANZSIC06) - ECT,Total values - Electronic card transactions A/S/T by division,Actual,Total,,,
ECTA.S19A9,2008.03,52669.1,,F,Dollars,6,Electronic Card Transactions (ANZSIC06) - ECT,Total values - Electronic card transactions A/S/T by division,Actual,Total,,,
ECTA.S19A9,2009.03,54475.5,,F,Dollars,6,Electronic Card Transactions (ANZSIC06) - ECT,Total values - Electronic card transactions A/S/T by division,Actual,Total,,,
ECTA.S19A9,2010.03,55977.4,,F,Dollars,6,Electronic Card Transactions (ANZSIC06) - ECT,Total values - Electronic card transactions A/S/T by division,Actual,Total,,,
ECTA.S19A9,2011.03,58624.9,,F,Dollars,6,Electronic Card Transactions (ANZSIC06) - ECT,Total values - Electronic card transactions A/S/T by division,Actual,Total,,,
ECTA.S19A9,2012.03,62614.7,,F,Dollars,6,Electronic Card Transactions (ANZSIC06) - ECT,Total values - Electronic card transactions A/S/T by division,Actual,Total,,,
ECTA.S19A9,2013.03,65296.1,,F,Dollars,6,Electronic Card Transactions (ANZSIC06) - ECT,Total values - Electronic card transactions A/S/T by division,Actual,Total,,,
ECTA.S19A9,2014.03,69247.1,,F,Dollars,6,Electronic Card Transactions (ANZSIC06) - ECT,Total values - Electronic card transactions A/S/T by division,Actual,Total,,,
ECTA.S19A9,2015.03,72320.3,,F,Dollars,6,Electronic Card Transactions (ANZSIC06) - ECT,Total values - Electronic card transactions A/S/T by division,Actual,Total,,,
ECTA.S19A9,2016.03,76488.6,,F,Dollars,6,Electronic Card Transactions (ANZSIC06) - ECT,Total values - Electronic card transactions A/S/T by division,Actual,Total,,,
ECTA.S19A9,2017.03,81950.3,,F,Dollars,6,Electronic Card Transactions (ANZSIC06) - ECT,Total values - Electronic card transactions A/S/T by division,Actual,Total,,,
ECTA.S19A9,2018.03,90200.1,,F,Dollars,6,Electronic Card Transactions (ANZSIC06) - ECT,Total values - Electronic card transactions A/S/T by division,Actual,Total,,,
ECTA.S19A9,2019.03,94179.2,,F,Dollars,6,Electronic Card Transactions (ANZSIC06) - ECT,Total values - Electronic card transactions A/S/T by division,Actual,Total,,,
ECTA.S19A9,2020.03,96962,,F,Dollars,6,Electronic Card Transactions (ANZSIC06) - ECT,Total values - Electronic card transactions A/S/T by division,Actual,Total,,,
ECTA.S19A9,2021.03,93243,,F,Dollars,6,Electronic Card Transactions (ANZSIC06) - ECT,Total values - Electronic card transactions A/S/T by division,Actual,Total,,,
ECTA.S19A9,2022.03,98590.4,,F,Dollars,6,Electronic Card Transactions (ANZSIC06) - ECT,Total values - Electronic card transactions A/S/T by division,Actual,Total,,,
ECTA.S19A9,2023.03,111083.3,,F,Dollars,6,Electronic Card Transactions (ANZSIC06) - ECT,Total values - Electronic card transactions A/S/T by division,Actual,Total,,,
ECTA.S19A9,2024.03,116697.1,,F,Dollars,6,Electronic Card Transactions (ANZSIC06) - ECT,Total values - Electronic card transactions A/S/T by division,Actual,Total,,,
ECTA.S19A9,2025.03,116151.7,,F,Dollars,6,Electronic Card Transactions (ANZSIC06) - ECT,Total values - Electronic card transactions A/S/T by division,Actual,Total,,,
ECTA.S19A9,2026.03,115280.8,,F,Dollars,6,Electronic Card Transactions (ANZSIC06) - ECT,Total values - Electronic card transactions A/S/T by division,Actual,Total,,,
ECTA.S19AW,2001.03,,,C,Dollars,6,Electronic Card Transactions (ANZSIC06) - ECT,Total values - Electronic card transactions A/S/T by division,Actual,Credit,,,
ECTA.S19AW,2002.03,,,C,Dollars,6,Electronic Card Transactions (ANZSIC06) - ECT,Total values - Electronic card transactions A/S/T by division,Actual,Credit,,,
ECTA.S19AW,2003.03,,,C,Dollars,6,Electronic Card Transactions (ANZSIC06) - ECT,Total values - Electronic card transactions A/S/T by division,Actual,Credit,,,
ECTA.S19AW,2004.03,16307.6,,F,Dollars,6,Electronic Card Transactions (ANZSIC06) - ECT,Total values - Electronic card transactions A/S/T by division,Actual,Credit,,,
ECTA.S19AW,2005.03,18481.2,,F,Dollars,6,Electronic Card Transactions (ANZSIC06) - ECT,Total values - Electronic card transactions A/S/T by division,Actual,Credit,,,
ECTA.S19AW,2006.03,20210.6,,F,Dollars,6,Electronic Card Transactions (ANZSIC06) - ECT,Total values - Electronic card transactions A/S/T by division,Actual,Credit,,,
ECTA.S19AW,2007.03,22272.1,,F,Dollars,6,Electronic Card Transactions (ANZSIC06) - ECT,Total values - Electronic card transactions A/S/T by division,Actual,Credit,,,
ECTA.S19AW,2008.03,23982.4,,F,Dollars,6,Electronic Card Transactions (ANZSIC06) - ECT,Total values - Electronic card transactions A/S/T by division,Actual,Credit,,,
ECTA.S19AW,2009.03,24381.1,,F,Dollars,6,Electronic Card Transactions (ANZSIC06) - ECT,Total values - Electronic card transactions A/S/T by division,Actual,Credit,,,
ECTA.S19AW,2010.03,24135.6,,F,Dollars,6,Electronic Card Transactions (ANZSIC06) - ECT,Total values - Electronic card transactions A/S/T by division,Actual,Credit,,,
ECTA.S19AW,2011.03,24851.6,,F,Dollars,6,Electronic Card Transactions (ANZSIC06) - ECT,Total values - Electronic card transactions A/S/T by division,Actual,Credit,,,
ECTA.S19AW,2012.03,26411.2,,F,Dollars,6,Electronic Card Transactions (ANZSIC06) - ECT,Total values - Electronic card transactions A/S/T by division,Actual,Credit,,,
ECTA.S19AW,2013.03,27504.1,,F,Dollars,6,Electronic Card Transactions (ANZSIC06) - ECT,Total values - Electronic card transactions A/S/T by division,Actual,Credit,,,
ECTA.S19AW,2014.03,29840,,F,Dollars,6,Electronic Card Transactions (ANZSIC06) - ECT,Total values - Electronic card transactions A/S/T by division,Actual,Credit,,,
ECTA.S19AW,2015.03,31607.8,,F,Dollars,6,Electronic Card Transactions (ANZSIC06) - ECT,Total values - Electronic card transactions A/S/T by division,Actual,Credit,,,
ECTA.S19AW,2016.03,34681.6,,F,Dollars,6,Electronic Card Transactions (ANZSIC06) - ECT,Total values - Electronic card transactions A/S/T by division,Actual,Credit,,,
ECTA.S19AW,2017.03,39793.5,,F,Dollars,6,Electronic Card Transactions (ANZSIC06) - ECT,Total values - Electronic card transactions A/S/T by division,Actual,Credit,,,
ECTA.S19AW,2018.03,48375.1,,F,Dollars,6,Electronic Card Transactions (ANZSIC06) - ECT,Total values - Electronic card transactions A/S/T by division,Actual,Credit,,,
ECTA.S19AW,2019.03,52496.6,,F,Dollars,6,Electronic Card Transactions (ANZSIC06) - ECT,Total values - Electronic card transactions A/S/T by division,Actual,Credit,,,
ECTA.S19AW,2020.03,54616.7,,F,Dollars,6,Electronic Card Transactions (ANZSIC06) - ECT,Total values - Electronic card transactions A/S/T by division,Actual,Credit,,,
ECTA.S19AW,2021.03,57752.3,,F,Dollars,6,Electronic Card Transactions (ANZSIC06) - ECT,Total values - Electronic card transactions A/S/T by division,Actual,Credit,,,
ECTA.S19AW,2022.03,64065.8,,F,Dollars,6,Electronic Card Transactions (ANZSIC06) - ECT,Total values - Electronic card transactions A/S/T by division,Actual,Credit,,,
ECTA.S19AW,2023.03,74372,,F,Dollars,6,Electronic Card Transactions (ANZSIC06) - ECT,Total values - Electronic card transactions A/S/T by division,Actual,Credit,,,
ECTA.S19AW,2024.03,78189.7,,F,Dollars,6,Electronic Card Transactions (ANZSIC06) - ECT,Total values - Electronic card transactions A/S/T by division,Actual,Credit,,,
ECTA.S19AW,2025.03,79766,,F,Dollars,6,Electronic Card Transactions (ANZSIC06) - ECT,Total values - Electronic card transactions A/S/T by division,Actual,Credit,,,
ECTA.S19AW,2026.03,79900.5,,F,Dollars,6,Electronic Card Transactions (ANZSIC06) - ECT,Total values - Electronic card transactions A/S/T by division,Actual,Credit,,,
ECTA.S19AX,2001.03,,,C,Dollars,6,Electronic Card Transactions (ANZSIC06) - ECT,Total values - Electronic card transactions A/S/T by division,Actual,Debit,,,
ECTA.S19AX,2002.03,,,C,Dollars,6,Electronic Card Transactions (ANZSIC06) - ECT,Total values - Electronic card transactions A/S/T by division,Actual,Debit,,,
ECTA.S19AX,2003.03,,,C,Dollars,6,Electronic Card Transactions (ANZSIC06) - ECT,Total values - Electronic card transactions A/S/T by division,Actual,Debit,,,
ECTA.S19AX,2004.03,20571.1,,F,Dollars,6,Electronic Card Transactions (ANZSIC06) - ECT,Total values - Electronic card transactions A/S/T by division,Actual,Debit,,,
ECTA.S19AX,2005.03,22274.9,,F,Dollars,6,Electronic Card Transactions (ANZSIC06) - ECT,Total values - Electronic card transactions A/S/T by division,Actual,Debit,,,
ECTA.S19AX,2006.03,24093.1,,F,Dollars,6,Electronic Card Transactions (ANZSIC06) - ECT,Total values - Electronic card transactions A/S/T by division,Actual,Debit,,,
ECTA.S19AX,2007.03,26344.6,,F,Dollars,6,Electronic Card Transactions (ANZSIC06) - ECT,Total values - Electronic card transactions A/S/T by division,Actual,Debit,,,
ECTA.S19AX,2008.03,28686.8,,F,Dollars,6,Electronic Card Transactions (ANZSIC06) - ECT,Total values - Electronic card transactions A/S/T by division,Actual,Debit,,,
ECTA.S19AX,2009.03,30094.4,,F,Dollars,6,Electronic Card Transactions (ANZSIC06) - ECT,Total values - Electronic card transactions A/S/T by division,Actual,Debit,,,
ECTA.S19AX,2010.03,31841.8,,F,Dollars,6,Electronic Card Transactions (ANZSIC06) - ECT,Total values - Electronic card transactions A/S/T by division,Actual,Debit,,,
ECTA.S19AX,2011.03,33773.3,,F,Dollars,6,Electronic Card Transactions (ANZSIC06) - ECT,Total values - Electronic card transactions A/S/T by division,Actual,Debit,,,
ECTA.S19AX,2012.03,36203.5,,F,Dollars,6,Electronic Card Transactions (ANZSIC06) - ECT,Total values - Electronic card transactions A/S/T by division,Actual,Debit,,,
ECTA.S19AX,2013.03,37792,,F,Dollars,6,Electronic Card Transactions (ANZSIC06) - ECT,Total values - Electronic card transactions A/S/T by division,Actual,Debit,,,
ECTA.S19AX,2014.03,39407.1,,F,Dollars,6,Electronic Card Transactions (ANZSIC06) - ECT,Total values - Electronic card transactions A/S/T by division,Actual,Debit,,,
ECTA.S19AX,2015.03,40712.5,,F,Dollars,6,Electronic Card Transactions (ANZSIC06) - ECT,Total values - Electronic card transactions A/S/T by division,Actual,Debit,,,
ECTA.S19AX,2016.03,41807,,F,Dollars,6,Electronic Card Transactions (ANZSIC06) - ECT,Total values - Electronic card transactions A/S/T by division,Actual,Debit,,,
ECTA.S19AX,2017.03,42156.9,,F,Dollars,6,Electronic Card Transactions (ANZSIC06) - ECT,Total values - Electronic card transactions A/S/T by division,Actual,Debit,,,
ECTA.S19AX,2018.03,41824.9,,F,Dollars,6,Electronic Card Transactions (ANZSIC06) - ECT,Total values - Electronic card transactions A/S/T by division,Actual,Debit,,,
ECTA.S19AX,2019.03,41682.6,,F,Dollars,6,Electronic Card Transactions (ANZSIC06) - ECT,Total values - Electronic card transactions A/S/T by division,Actual,Debit,,,
ECTA.S19AX,2020.03,42345.4,,F,Dollars,6,Electronic Card Transactions (ANZSIC06) - ECT,Total values - Electronic card transactions A/S/T by division,Actual,Debit,,,
ECTA.S19AX,2021.03,35490.7,,F,Dollars,6,Electronic Card Transactions (ANZSIC06) - ECT,Total values - Electronic card transactions A/S/T by division,Actual,Debit,,,
ECTA.S19AX,2022.03,34524.6,,F,Dollars,6,Electronic Card Transactions (ANZSIC06) - ECT,Total values - Electronic card transactions A/S/T by division,Actual,Debit,,,
ECTA.S19AX,2023.03,36711.3,,F,Dollars,6,Electronic Card Transactions (ANZSIC06) - ECT,Total values - Electronic card transactions A/S/T by division,Actual,Debit,,,
ECTA.S19AX,2024.03,38507.4,,F,Dollars,6,Electronic Card Transactions (ANZSIC06) - ECT,Total values - Electronic card transactions A/S/T by division,Actual,Debit,,,
ECTA.S19AX,2025.03,36385.7,,F,Dollars,6,Electronic Card Transactions (ANZSIC06) - ECT,Total values - Electronic card transactions A/S/T by division,Actual,Debit,,,
ECTA.S19AX,2026.03,35380.3,,F,Dollars,6,Electronic Card Transactions (ANZSIC06) - ECT,Total values - Electronic card transactions A/S/T by division,Actual,Debit,,,
ECTA.S1GA1,2001.03,,,C,Dollars,6,Electronic Card Transactions (ANZSIC06) - ECT,Values - Electronic card transactions A/S/T by industry group,Actual,Consumables,,,
ECTA.S1GA1,2002.03,,,C,Dollars,6,Electronic Card Transactions (ANZSIC06) - ECT,Values - Electronic card transactions A/S/T by industry group,Actual,Consumables,,,
ECTA.S1GA1,2003.03,,,C,Dollars,6,Electronic Card Transactions (ANZSIC06) - ECT,Values - Electronic card transactions A/S/T by industry group,Actual,Consumables,,,
ECTA.S1GA1,2004.03,9753.9,,F,Dollars,6,Electronic Card Transactions (ANZSIC06) - ECT,Values - Electronic card transactions A/S/T by industry group,Actual,Consumables,,,
ECTA.S1GA1,2005.03,10471.4,,F,Dollars,6,Electronic Card Transactions (ANZSIC06) - ECT,Values - Electronic card transactions A/S/T by industry group,Actual,Consumables,,,
ECTA.S1GA1,2006.03,11360.4,,F,Dollars,6,Electronic Card Transactions (ANZSIC06) - ECT,Values - Electronic card transactions A/S/T by industry group,Actual,Consumables,,,
ECTA.S1GA1,2007.03,12358.4,,F,Dollars,6,Electronic Card Transactions (ANZSIC06) - ECT,Values - Electronic card transactions A/S/T by industry group,Actual,Consumables,,,
ECTA.S1GA1,2008.03,13299.6,,F,Dollars,6,Electronic Card Transactions (ANZSIC06) - ECT,Values - Electronic card transactions A/S/T by industry group,Actual,Consumables,,,
ECTA.S1GA1,2009.03,14203.1,,F,Dollars,6,Electronic Card Transactions (ANZSIC06) - ECT,Values - Electronic card transactions A/S/T by industry group,Actual,Consumables,,,
ECTA.S1GA1,2010.03,15223.4,,F,Dollars,6,Electronic Card Transactions (ANZSIC06) - ECT,Values - Electronic card transactions A/S/T by industry group,Actual,Consumables,,,
ECTA.S1GA1,2011.03,16075.6,,F,Dollars,6,Electronic Card Transactions (ANZSIC06) - ECT,Values - Electronic card transactions A/S/T by industry group,Actual,Consumables,,,
ECTA.S1GA1,2012.03,17325,,F,Dollars,6,Electronic Card Transactions (ANZSIC06) - ECT,Values - Electronic card transactions A/S/T by industry group,Actual,Consumables,,,
ECTA.S1GA1,2013.03,17972.9,,F,Dollars,6,Electronic Card Transactions (ANZSIC06) - ECT,Values - Electronic card transactions A/S/T by industry group,Actual,Consumables,,,
ECTA.S1GA1,2014.03,18492.6,,F,Dollars,6,Electronic Card Transactions (ANZSIC06) - ECT,Values - Electronic card transactions A/S/T by industry group,Actual,Consumables,,,
ECTA.S1GA1,2015.03,19560.4,,F,Dollars,6,Electronic Card Transactions (ANZSIC06) - ECT,Values - Electronic card transactions A/S/T by industry group,Actual,Consumables,,,
ECTA.S1GA1,2016.03,20709.1,,F,Dollars,6,Electronic Card Transactions (ANZSIC06) - ECT,Values - Electronic card transactions A/S/T by industry group,Actual,Consumables,,,
ECTA.S1GA1,2017.03,21832.3,,F,Dollars,6,Electronic Card Transactions (ANZSIC06) - ECT,Values - Electronic card transactions A/S/T by industry group,Actual,Consumables,,,
ECTA.S1GA1,2018.03,23627,,F,Dollars,6,Electronic Card Transactions (ANZSIC06) - ECT,Values - Electronic card transactions A/S/T by industry group,Actual,Consumables,,,
ECTA.S1GA1,2019.03,24552.7,,F,Dollars,6,Electronic Card Transactions (ANZSIC06) - ECT,Values - Electronic card transactions A/S/T by industry group,Actual,Consumables,,,
ECTA.S1GA1,2020.03,26067.9,,F,Dollars,6,Electronic Card Transactions (ANZSIC06) - ECT,Values - Electronic card transactions A/S/T by industry group,Actual,Consumables,,,
ECTA.S1GA1,2021.03,27755.9,,F,Dollars,6,Electronic Card Transactions (ANZSIC06) - ECT,Values - Electronic card transactions A/S/T by industry group,Actual,Consumables,,,
ECTA.S1GA1,2022.03,29021.4,,F,Dollars,6,Electronic Card Transactions (ANZSIC06) - ECT,Values - Electronic card transactions A/S/T by industry group,Actual,Consumables,,,
ECTA.S1GA1,2023.03,30453.3,,F,Dollars,6,Electronic Card Transactions (ANZSIC06) - ECT,Values - Electronic card transactions A/S/T by industry group,Actual,Consumables,,,
ECTA.S1GA1,2024.03,32405.7,,F,Dollars,6,Electronic Card Transactions (ANZSIC06) - ECT,Values - Electronic card transactions A/S/T by industry group,Actual,Consumables,,,
ECTA.S1GA1,2025.03,32606.1,,F,Dollars,6,Electronic Card Transactions (ANZSIC06) - ECT,Values - Electronic card transactions A/S/T by industry group,Actual,Consumables,,,
ECTA.S1GA1,2026.03,33636.8,,F,Dollars,6,Electronic Card Transactions (ANZSIC06) - ECT,Values - Electronic card transactions A/S/T by industry group,Actual,Consumables,,,
ECTA.S1GA2,2001.03,,,C,Dollars,6,Electronic Card Transactions (ANZSIC06) - ECT,Values - Electronic card transactions A/S/T by industry group,Actual,Durables,,,
ECTA.S1GA2,2002.03,,,C,Dollars,6,Electronic Card Transactions (ANZSIC06) - ECT,Values - Electronic card transactions A/S/T by industry group,Actual,Durables,,,
ECTA.S1GA2,2003.03,,,C,Dollars,6,Electronic Card Transactions (ANZSIC06) - ECT,Values - Electronic card transactions A/S/T by industry group,Actual,Durables,,,
ECTA.S1GA2,2004.03,8794.3,,F,Dollars,6,Electronic Card Transactions (ANZSIC06) - ECT,Values - Electronic card transactions A/S/T by industry group,Actual,Durables,,,
ECTA.S1GA2,2005.03,9357.2,,F,Dollars,6,Electronic Card Transactions (ANZSIC06) - ECT,Values - Electronic card transactions A/S/T by industry group,Actual,Durables,,,
ECTA.S1GA2,2006.03,9983.8,,F,Dollars,6,Electronic Card Transactions (ANZSIC06) - ECT,Values - Electronic card transactions A/S/T by industry group,Actual,Durables,,,
ECTA.S1GA2,2007.03,10713.8,,F,Dollars,6,Electronic Card Transactions (ANZSIC06) - ECT,Values - Electronic card transactions A/S/T by industry group,Actual,Durables,,,
ECTA.S1GA2,2008.03,11331.1,,F,Dollars,6,Electronic Card Transactions (ANZSIC06) - ECT,Values - Electronic card transactions A/S/T by industry group,Actual,Durables,,,
ECTA.S1GA2,2009.03,11199.7,,F,Dollars,6,Electronic Card Transactions (ANZSIC06) - ECT,Values - Electronic card transactions A/S/T by industry group,Actual,Durables,,,
ECTA.S1GA2,2010.03,11290.6,,F,Dollars,6,Electronic Card Transactions (ANZSIC06) - ECT,Values - Electronic card transactions A/S/T by industry group,Actual,Durables,,,
ECTA.S1GA2,2011.03,11361.6,,F,Dollars,6,Electronic Card Transactions (ANZSIC06) - ECT,Values - Electronic card transactions A/S/T by industry group,Actual,Durables,,,
ECTA.S1GA2,2012.03,11752.5,,F,Dollars,6,Electronic Card Transactions (ANZSIC06) - ECT,Values - Electronic card transactions A/S/T by industry group,Actual,Durables,,,
ECTA.S1GA2,2013.03,12149.1,,F,Dollars,6,Electronic Card Transactions (ANZSIC06) - ECT,Values - Electronic card transactions A/S/T by industry group,Actual,Durables,,,
ECTA.S1GA2,2014.03,12814.3,,F,Dollars,6,Electronic Card Transactions (ANZSIC06) - ECT,Values - Electronic card transactions A/S/T by industry group,Actual,Durables,,,
ECTA.S1GA2,2015.03,13329.6,,F,Dollars,6,Electronic Card Transactions (ANZSIC06) - ECT,Values - Electronic card transactions A/S/T by industry group,Actual,Durables,,,
ECTA.S1GA2,2016.03,14129.8,,F,Dollars,6,Electronic Card Transactions (ANZSIC06) - ECT,Values - Electronic card transactions A/S/T by industry group,Actual,Durables,,,
ECTA.S1GA2,2017.03,14888.8,,F,Dollars,6,Electronic Card Transactions (ANZSIC06) - ECT,Values - Electronic card transactions A/S/T by industry group,Actual,Durables,,,
ECTA.S1GA2,2018.03,16065.5,,F,Dollars,6,Electronic Card Transactions (ANZSIC06) - ECT,Values - Electronic card transactions A/S/T by industry group,Actual,Durables,,,
ECTA.S1GA2,2019.03,16827.6,,F,Dollars,6,Electronic Card Transactions (ANZSIC06) - ECT,Values - Electronic card transactions A/S/T by industry group,Actual,Durables,,,
ECTA.S1GA2,2020.03,17776.2,,F,Dollars,6,Electronic Card Transactions (ANZSIC06) - ECT,Values - Electronic card transactions A/S/T by industry group,Actual,Durables,,,
ECTA.S1GA2,2021.03,18790.7,,F,Dollars,6,Electronic Card Transactions (ANZSIC06) - ECT,Values - Electronic card transactions A/S/T by industry group,Actual,Durables,,,
ECTA.S1GA2,2022.03,19857.4,,F,Dollars,6,Electronic Card Transactions (ANZSIC06) - ECT,Values - Electronic card transactions A/S/T by industry group,Actual,Durables,,,
ECTA.S1GA2,2023.03,20962.9,,F,Dollars,6,Electronic Card Transactions (ANZSIC06) - ECT,Values - Electronic card transactions A/S/T by industry group,Actual,Durables,,,
ECTA.S1GA2,2024.03,20819,,F,Dollars,6,Electronic Card Transactions (ANZSIC06) - ECT,Values - Electronic card transactions A/S/T by industry group,Actual,Durables,,,
ECTA.S1GA2,2025.03,20025,,F,Dollars,6,Electronic Card Transactions (ANZSIC06) - ECT,Values - Electronic card transactions A/S/T by industry group,Actual,Durables,,,
ECTA.S1GA2,2026.03,19813.3,,F,Dollars,6,Electronic Card Transactions (ANZSIC06) - ECT,Values - Electronic card transactions A/S/T by industry group,Actual,Durables,,,
ECTA.S1GA3,2001.03,,,C,Dollars,6,Electronic Card Transactions (ANZSIC06) - ECT,Values - Electronic card transactions A/S/T by industry group,Actual,Hospitality,,,
ECTA.S1GA3,2002.03,,,C,Dollars,6,Electronic Card Transactions (ANZSIC06) - ECT,Values - Electronic card transactions A/S/T by industry group,Actual,Hospitality,,,
ECTA.S1GA3,2003.03,,,C,Dollars,6,Electronic Card Transactions (ANZSIC06) - ECT,Values - Electronic card transactions A/S/T by industry group,Actual,Hospitality,,,
ECTA.S1GA3,2004.03,3798.7,,F,Dollars,6,Electronic Card Transactions (ANZSIC06) - ECT,Values - Electronic card transactions A/S/T by industry group,Actual,Hospitality,,,
ECTA.S1GA3,2005.03,4219.6,,F,Dollars,6,Electronic Card Transactions (ANZSIC06) - ECT,Values - Electronic card transactions A/S/T by industry group,Actual,Hospitality,,,
ECTA.S1GA3,2006.03,4572.6,,F,Dollars,6,Electronic Card Transactions (ANZSIC06) - ECT,Values - Electronic card transactions A/S/T by industry group,Actual,Hospitality,,,
ECTA.S1GA3,2007.03,5157.3,,F,Dollars,6,Electronic Card Transactions (ANZSIC06) - ECT,Values - Electronic card transactions A/S/T by industry group,Actual,Hospitality,,,
ECTA.S1GA3,2008.03,5714.4,,F,Dollars,6,Electronic Card Transactions (ANZSIC06) - ECT,Values - Electronic card transactions A/S/T by industry group,Actual,Hospitality,,,
ECTA.S1GA3,2009.03,5898.5,,F,Dollars,6,Electronic Card Transactions (ANZSIC06) - ECT,Values - Electronic card transactions A/S/T by industry group,Actual,Hospitality,,,
ECTA.S1GA3,2010.03,6145.8,,F,Dollars,6,Electronic Card Transactions (ANZSIC06) - ECT,Values - Electronic card transactions A/S/T by industry group,Actual,Hospitality,,,
ECTA.S1GA3,2011.03,6470,,F,Dollars,6,Electronic Card Transactions (ANZSIC06) - ECT,Values - Electronic card transactions A/S/T by industry group,Actual,Hospitality,,,
ECTA.S1GA3,2012.03,7070.6,,F,Dollars,6,Electronic Card Transactions (ANZSIC06) - ECT,Values - Electronic card transactions A/S/T by industry group,Actual,Hospitality,,,
ECTA.S1GA3,2013.03,7438.5,,F,Dollars,6,Electronic Card Transactions (ANZSIC06) - ECT,Values - Electronic card transactions A/S/T by industry group,Actual,Hospitality,,,
ECTA.S1GA3,2014.03,8135.5,,F,Dollars,6,Electronic Card Transactions (ANZSIC06) - ECT,Values - Electronic card transactions A/S/T by industry group,Actual,Hospitality,,,
ECTA.S1GA3,2015.03,8964.9,,F,Dollars,6,Electronic Card Transactions (ANZSIC06) - ECT,Values - Electronic card transactions A/S/T by industry group,Actual,Hospitality,,,
ECTA.S1GA3,2016.03,9952.2,,F,Dollars,6,Electronic Card Transactions (ANZSIC06) - ECT,Values - Electronic card transactions A/S/T by industry group,Actual,Hospitality,,,
ECTA.S1GA3,2017.03,11394.5,,F,Dollars,6,Electronic Card Transactions (ANZSIC06) - ECT,Values - Electronic card transactions A/S/T by industry group,Actual,Hospitality,,,
ECTA.S1GA3,2018.03,12881.4,,F,Dollars,6,Electronic Card Transactions (ANZSIC06) - ECT,Values - Electronic card transactions A/S/T by industry group,Actual,Hospitality,,,
ECTA.S1GA3,2019.03,13705.6,,F,Dollars,6,Electronic Card Transactions (ANZSIC06) - ECT,Values - Electronic card transactions A/S/T by industry group,Actual,Hospitality,,,
ECTA.S1GA3,2020.03,14038.1,,F,Dollars,6,Electronic Card Transactions (ANZSIC06) - ECT,Values - Electronic card transactions A/S/T by industry group,Actual,Hospitality,,,
ECTA.S1GA3,2021.03,12283.9,,F,Dollars,6,Electronic Card Transactions (ANZSIC06) - ECT,Values - Electronic card transactions A/S/T by industry group,Actual,Hospitality,,,
ECTA.S1GA3,2022.03,12820.3,,F,Dollars,6,Electronic Card Transactions (ANZSIC06) - ECT,Values - Electronic card transactions A/S/T by industry group,Actual,Hospitality,,,
ECTA.S1GA3,2023.03,16204.7,,F,Dollars,6,Electronic Card Transactions (ANZSIC06) - ECT,Values - Electronic card transactions A/S/T by industry group,Actual,Hospitality,,,
ECTA.S1GA3,2024.03,17411.1,,F,Dollars,6,Electronic Card Transactions (ANZSIC06) - ECT,Values - Electronic card transactions A/S/T by industry group,Actual,Hospitality,,,
ECTA.S1GA3,2025.03,17400.1,,F,Dollars,6,Electronic Card Transactions (ANZSIC06) - ECT,Values - Electronic card transactions A/S/T by industry group,Actual,Hospitality,,,
ECTA.S1GA3,2026.03,17580.4,,F,Dollars,6,Electronic Card Transactions (ANZSIC06) - ECT,Values - Electronic card transactions A/S/T by industry group,Actual,Hospitality,,,
ECTA.S1GA4,2001.03,,,C,Dollars,6,Electronic Card Transactions (ANZSIC06) - ECT,Values - Electronic card transactions A/S/T by industry group,Actual,Services,,,
ECTA.S1GA4,2002.03,,,C,Dollars,6,Electronic Card Transactions (ANZSIC06) - ECT,Values - Electronic card transactions A/S/T by industry group,Actual,Services,,,
ECTA.S1GA4,2003.03,,,C,Dollars,6,Electronic Card Transactions (ANZSIC06) - ECT,Values - Electronic card transactions A/S/T by industry group,Actual,Services,,,
ECTA.S1GA4,2004.03,981.4,,F,Dollars,6,Electronic Card Transactions (ANZSIC06) - ECT,Values - Electronic card transactions A/S/T by industry group,Actual,Services,,,
ECTA.S1GA4,2005.03,1129.4,,F,Dollars,6,Electronic Card Transactions (ANZSIC06) - ECT,Values - Electronic card transactions A/S/T by industry group,Actual,Services,,,
ECTA.S1GA4,2006.03,1269.5,,F,Dollars,6,Electronic Card Transactions (ANZSIC06) - ECT,Values - Electronic card transactions A/S/T by industry group,Actual,Services,,,
ECTA.S1GA4,2007.03,1412.3,,F,Dollars,6,Electronic Card Transactions (ANZSIC06) - ECT,Values - Electronic card transactions A/S/T by industry group,Actual,Services,,,
ECTA.S1GA4,2008.03,1563.6,,F,Dollars,6,Electronic Card Transactions (ANZSIC06) - ECT,Values - Electronic card transactions A/S/T by industry group,Actual,Services,,,
ECTA.S1GA4,2009.03,1671.6,,F,Dollars,6,Electronic Card Transactions (ANZSIC06) - ECT,Values - Electronic card transactions A/S/T by industry group,Actual,Services,,,
ECTA.S1GA4,2010.03,1762.2,,F,Dollars,6,Electronic Card Transactions (ANZSIC06) - ECT,Values - Electronic card transactions A/S/T by industry group,Actual,Services,,,
ECTA.S1GA4,2011.03,1846.8,,F,Dollars,6,Electronic Card Transactions (ANZSIC06) - ECT,Values - Electronic card transactions A/S/T by industry group,Actual,Services,,,
ECTA.S1GA4,2012.03,1975,,F,Dollars,6,Electronic Card Transactions (ANZSIC06) - ECT,Values - Electronic card transactions A/S/T by industry group,Actual,Services,,,
ECTA.S1GA4,2013.03,2096.4,,F,Dollars,6,Electronic Card Transactions (ANZSIC06) - ECT,Values - Electronic card transactions A/S/T by industry group,Actual,Services,,,
ECTA.S1GA4,2014.03,2358.2,,F,Dollars,6,Electronic Card Transactions (ANZSIC06) - ECT,Values - Electronic card transactions A/S/T by industry group,Actual,Services,,,
ECTA.S1GA4,2015.03,2591.7,,F,Dollars,6,Electronic Card Transactions (ANZSIC06) - ECT,Values - Electronic card transactions A/S/T by industry group,Actual,Services,,,
ECTA.S1GA4,2016.03,2796.7,,F,Dollars,6,Electronic Card Transactions (ANZSIC06) - ECT,Values - Electronic card transactions A/S/T by industry group,Actual,Services,,,
ECTA.S1GA4,2017.03,3048.3,,F,Dollars,6,Electronic Card Transactions (ANZSIC06) - ECT,Values - Electronic card transactions A/S/T by industry group,Actual,Services,,,
ECTA.S1GA4,2018.03,3406.9,,F,Dollars,6,Electronic Card Transactions (ANZSIC06) - ECT,Values - Electronic card transactions A/S/T by industry group,Actual,Services,,,
ECTA.S1GA4,2019.03,3638.7,,F,Dollars,6,Electronic Card Transactions (ANZSIC06) - ECT,Values - Electronic card transactions A/S/T by industry group,Actual,Services,,,
ECTA.S1GA4,2020.03,3754.4,,F,Dollars,6,Electronic Card Transactions (ANZSIC06) - ECT,Values - Electronic card transactions A/S/T by industry group,Actual,Services,,,
ECTA.S1GA4,2021.03,3602.1,,F,Dollars,6,Electronic Card Transactions (ANZSIC06) - ECT,Values - Electronic card transactions A/S/T by industry group,Actual,Services,,,
ECTA.S1GA4,2022.03,3709.6,,F,Dollars,6,Electronic Card Transactions (ANZSIC06) - ECT,Values - Electronic card transactions A/S/T by industry group,Actual,Services,,,
ECTA.S1GA4,2023.03,4336.6,,F,Dollars,6,Electronic Card Transactions (ANZSIC06) - ECT,Values - Electronic card transactions A/S/T by industry group,Actual,Services,,,
ECTA.S1GA4,2024.03,4553.1,,F,Dollars,6,Electronic Card Transactions (ANZSIC06) - ECT,Values - Electronic card transactions A/S/T by industry group,Actual,Services,,,
ECTA.S1GA4,2025.03,4594.6,,F,Dollars,6,Electronic Card Transactions (ANZSIC06) - ECT,Values - Electronic card transactions A/S/T by industry group,Actual,Services,,,
ECTA.S1GA4,2026.03,4730.2,,F,Dollars,6,Electronic Card Transactions (ANZSIC06) - ECT,Values - Electronic card transactions A/S/T by industry group,Actual,Services,,,
ECTA.S1GA5,2001.03,,,C,Dollars,6,Electronic Card Transactions (ANZSIC06) - ECT,Values - Electronic card transactions A/S/T by industry group,Actual,Apparel,,,
ECTA.S1GA5,2002.03,,,C,Dollars,6,Electronic Card Transactions (ANZSIC06) - ECT,Values - Electronic card transactions A/S/T by industry group,Actual,Apparel,,,
ECTA.S1GA5,2003.03,,,C,Dollars,6,Electronic Card Transactions (ANZSIC06) - ECT,Values - Electronic card transactions A/S/T by industry group,Actual,Apparel,,,
ECTA.S1GA5,2004.03,2294.9,,F,Dollars,6,Electronic Card Transactions (ANZSIC06) - ECT,Values - Electronic card transactions A/S/T by industry group,Actual,Apparel,,,
ECTA.S1GA5,2005.03,2421.6,,F,Dollars,6,Electronic Card Transactions (ANZSIC06) - ECT,Values - Electronic card transactions A/S/T by industry group,Actual,Apparel,,,
ECTA.S1GA5,2006.03,2585.2,,F,Dollars,6,Electronic Card Transactions (ANZSIC06) - ECT,Values - Electronic card transactions A/S/T by industry group,Actual,Apparel,,,
ECTA.S1GA5,2007.03,2771.2,,F,Dollars,6,Electronic Card Transactions (ANZSIC06) - ECT,Values - Electronic card transactions A/S/T by industry group,Actual,Apparel,,,
ECTA.S1GA5,2008.03,2948.2,,F,Dollars,6,Electronic Card Transactions (ANZSIC06) - ECT,Values - Electronic card transactions A/S/T by industry group,Actual,Apparel,,,
ECTA.S1GA5,2009.03,2957.2,,F,Dollars,6,Electronic Card Transactions (ANZSIC06) - ECT,Values - Electronic card transactions A/S/T by industry group,Actual,Apparel,,,
ECTA.S1GA5,2010.03,3052.9,,F,Dollars,6,Electronic Card Transactions (ANZSIC06) - ECT,Values - Electronic card transactions A/S/T by industry group,Actual,Apparel,,,
ECTA.S1GA5,2011.03,3114.2,,F,Dollars,6,Electronic Card Transactions (ANZSIC06) - ECT,Values - Electronic card transactions A/S/T by industry group,Actual,Apparel,,,
ECTA.S1GA5,2012.03,3285.9,,F,Dollars,6,Electronic Card Transactions (ANZSIC06) - ECT,Values - Electronic card transactions A/S/T by industry group,Actual,Apparel,,,
ECTA.S1GA5,2013.03,3309.4,,F,Dollars,6,Electronic Card Transactions (ANZSIC06) - ECT,Values - Electronic card transactions A/S/T by industry group,Actual,Apparel,,,
ECTA.S1GA5,2014.03,3409.3,,F,Dollars,6,Electronic Card Transactions (ANZSIC06) - ECT,Values - Electronic card transactions A/S/T by industry group,Actual,Apparel,,,
ECTA.S1GA5,2015.03,3426.9,,F,Dollars,6,Electronic Card Transactions (ANZSIC06) - ECT,Values - Electronic card transactions A/S/T by industry group,Actual,Apparel,,,
ECTA.S1GA5,2016.03,3589.4,,F,Dollars,6,Electronic Card Transactions (ANZSIC06) - ECT,Values - Electronic card transactions A/S/T by industry group,Actual,Apparel,,,
ECTA.S1GA5,2017.03,3773.2,,F,Dollars,6,Electronic Card Transactions (ANZSIC06) - ECT,Values - Electronic card transactions A/S/T by industry group,Actual,Apparel,,,
ECTA.S1GA5,2018.03,3947.8,,F,Dollars,6,Electronic Card Transactions (ANZSIC06) - ECT,Values - Electronic card transactions A/S/T by industry group,Actual,Apparel,,,
ECTA.S1GA5,2019.03,3919.3,,F,Dollars,6,Electronic Card Transactions (ANZSIC06) - ECT,Values - Electronic card transactions A/S/T by industry group,Actual,Apparel,,,
ECTA.S1GA5,2020.03,3847.2,,F,Dollars,6,Electronic Card Transactions (ANZSIC06) - ECT,Values - Electronic card transactions A/S/T by industry group,Actual,Apparel,,,
ECTA.S1GA5,2021.03,3739.2,,F,Dollars,6,Electronic Card Transactions (ANZSIC06) - ECT,Values - Electronic card transactions A/S/T by industry group,Actual,Apparel,,,
ECTA.S1GA5,2022.03,3867.8,,F,Dollars,6,Electronic Card Transactions (ANZSIC06) - ECT,Values - Electronic card transactions A/S/T by industry group,Actual,Apparel,,,
ECTA.S1GA5,2023.03,4484,,F,Dollars,6,Electronic Card Transactions (ANZSIC06) - ECT,Values - Electronic card transactions A/S/T by industry group,Actual,Apparel,,,
ECTA.S1GA5,2024.03,4397.5,,F,Dollars,6,Electronic Card Transactions (ANZSIC06) - ECT,Values - Electronic card transactions A/S/T by industry group,Actual,Apparel,,,
ECTA.S1GA5,2025.03,4107.8,,F,Dollars,6,Electronic Card Transactions (ANZSIC06) - ECT,Values - Electronic card transactions A/S/T by industry group,Actual,Apparel,,,
ECTA.S1GA5,2026.03,4036,,F,Dollars,6,Electronic Card Transactions (ANZSIC06) - ECT,Values - Electronic card transactions A/S/T by industry group,Actual,Apparel,,,
ECTA.S1GA6,2001.03,,,C,Dollars,6,Electronic Card Transactions (ANZSIC06) - ECT,Values - Electronic card transactions A/S/T by industry group,Actual,Motor vehicles excl. fuel,,,
ECTA.S1GA6,2002.03,,,C,Dollars,6,Electronic Card Transactions (ANZSIC06) - ECT,Values - Electronic card transactions A/S/T by industry group,Actual,Motor vehicles excl. fuel,,,
ECTA.S1GA6,2003.03,,,C,Dollars,6,Electronic Card Transactions (ANZSIC06) - ECT,Values - Electronic card transactions A/S/T by industry group,Actual,Motor vehicles excl. fuel,,,
ECTA.S1GA6,2004.03,717.9,,F,Dollars,6,Electronic Card Transactions (ANZSIC06) - ECT,Values - Electronic card transactions A/S/T by industry group,Actual,Motor vehicles excl. fuel,,,
ECTA.S1GA6,2005.03,813.1,,F,Dollars,6,Electronic Card Transactions (ANZSIC06) - ECT,Values - Electronic card transactions A/S/T by industry group,Actual,Motor vehicles excl. fuel,,,
ECTA.S1GA6,2006.03,892,,F,Dollars,6,Electronic Card Transactions (ANZSIC06) - ECT,Values - Electronic card transactions A/S/T by industry group,Actual,Motor vehicles excl. fuel,,,
ECTA.S1GA6,2007.03,972.9,,F,Dollars,6,Electronic Card Transactions (ANZSIC06) - ECT,Values - Electronic card transactions A/S/T by industry group,Actual,Motor vehicles excl. fuel,,,
ECTA.S1GA6,2008.03,1076.2,,F,Dollars,6,Electronic Card Transactions (ANZSIC06) - ECT,Values - Electronic card transactions A/S/T by industry group,Actual,Motor vehicles excl. fuel,,,
ECTA.S1GA6,2009.03,1083.4,,F,Dollars,6,Electronic Card Transactions (ANZSIC06) - ECT,Values - Electronic card transactions A/S/T by industry group,Actual,Motor vehicles excl. fuel,,,
ECTA.S1GA6,2010.03,1133.6,,F,Dollars,6,Electronic Card Transactions (ANZSIC06) - ECT,Values - Electronic card transactions A/S/T by industry group,Actual,Motor vehicles excl. fuel,,,
ECTA.S1GA6,2011.03,1178.3,,F,Dollars,6,Electronic Card Transactions (ANZSIC06) - ECT,Values - Electronic card transactions A/S/T by industry group,Actual,Motor vehicles excl. fuel,,,
ECTA.S1GA6,2012.03,1268.6,,F,Dollars,6,Electronic Card Transactions (ANZSIC06) - ECT,Values - Electronic card transactions A/S/T by industry group,Actual,Motor vehicles excl. fuel,,,
ECTA.S1GA6,2013.03,1354.4,,F,Dollars,6,Electronic Card Transactions (ANZSIC06) - ECT,Values - Electronic card transactions A/S/T by industry group,Actual,Motor vehicles excl. fuel,,,
ECTA.S1GA6,2014.03,1494.1,,F,Dollars,6,Electronic Card Transactions (ANZSIC06) - ECT,Values - Electronic card transactions A/S/T by industry group,Actual,Motor vehicles excl. fuel,,,
ECTA.S1GA6,2015.03,1634.8,,F,Dollars,6,Electronic Card Transactions (ANZSIC06) - ECT,Values - Electronic card transactions A/S/T by industry group,Actual,Motor vehicles excl. fuel,,,
ECTA.S1GA6,2016.03,1799.9,,F,Dollars,6,Electronic Card Transactions (ANZSIC06) - ECT,Values - Electronic card transactions A/S/T by industry group,Actual,Motor vehicles excl. fuel,,,
ECTA.S1GA6,2017.03,1958.4,,F,Dollars,6,Electronic Card Transactions (ANZSIC06) - ECT,Values - Electronic card transactions A/S/T by industry group,Actual,Motor vehicles excl. fuel,,,
ECTA.S1GA6,2018.03,2124.1,,F,Dollars,6,Electronic Card Transactions (ANZSIC06) - ECT,Values - Electronic card transactions A/S/T by industry group,Actual,Motor vehicles excl. fuel,,,
ECTA.S1GA6,2019.03,2215.8,,F,Dollars,6,Electronic Card Transactions (ANZSIC06) - ECT,Values - Electronic card transactions A/S/T by industry group,Actual,Motor vehicles excl. fuel,,,
ECTA.S1GA6,2020.03,2277.5,,F,Dollars,6,Electronic Card Transactions (ANZSIC06) - ECT,Values - Electronic card transactions A/S/T by industry group,Actual,Motor vehicles excl. fuel,,,
ECTA.S1GA6,2021.03,2351.9,,F,Dollars,6,Electronic Card Transactions (ANZSIC06) - ECT,Values - Electronic card transactions A/S/T by industry group,Actual,Motor vehicles excl. fuel,,,
ECTA.S1GA6,2022.03,2452,,F,Dollars,6,Electronic Card Transactions (ANZSIC06) - ECT,Values - Electronic card transactions A/S/T by industry group,Actual,Motor vehicles excl. fuel,,,
ECTA.S1GA6,2023.03,2660.1,,F,Dollars,6,Electronic Card Transactions (ANZSIC06) - ECT,Values - Electronic card transactions A/S/T by industry group,Actual,Motor vehicles excl. fuel,,,
ECTA.S1GA6,2024.03,2745.4,,F,Dollars,6,Electronic Card Transactions (ANZSIC06) - ECT,Values - Electronic card transactions A/S/T by industry group,Actual,Motor vehicles excl. fuel,,,
ECTA.S1GA6,2025.03,2368.3,,F,Dollars,6,Electronic Card Transactions (ANZSIC06) - ECT,Values - Electronic card transactions A/S/T by industry group,Actual,Motor vehicles excl. fuel,,,
ECTA.S1GA6,2026.03,2353.8,,F,Dollars,6,Electronic Card Transactions (ANZSIC06) - ECT,Values - Electronic card transactions A/S/T by industry group,Actual,Motor vehicles excl. fuel,,,
ECTA.S1GA7,2001.03,,,C,Dollars,6,Electronic Card Transactions (ANZSIC06) - ECT,Values - Electronic card transactions A/S/T by industry group,Actual,Fuel,,,
ECTA.S1GA7,2002.03,,,C,Dollars,6,Electronic Card Transactions (ANZSIC06) - ECT,Values - Electronic card transactions A/S/T by industry group,Actual,Fuel,,,
ECTA.S1GA7,2003.03,,,C,Dollars,6,Electronic Card Transactions (ANZSIC06) - ECT,Values - Electronic card transactions A/S/T by industry group,Actual,Fuel,,,
ECTA.S1GA7,2004.03,2645.5,,F,Dollars,6,Electronic Card Transactions (ANZSIC06) - ECT,Values - Electronic card transactions A/S/T by industry group,Actual,Fuel,,,
ECTA.S1GA7,2005.03,3346.7,,F,Dollars,6,Electronic Card Transactions (ANZSIC06) - ECT,Values - Electronic card transactions A/S/T by industry group,Actual,Fuel,,,
ECTA.S1GA7,2006.03,3923.5,,F,Dollars,6,Electronic Card Transactions (ANZSIC06) - ECT,Values - Electronic card transactions A/S/T by industry group,Actual,Fuel,,,
ECTA.S1GA7,2007.03,4448.4,,F,Dollars,6,Electronic Card Transactions (ANZSIC06) - ECT,Values - Electronic card transactions A/S/T by industry group,Actual,Fuel,,,
ECTA.S1GA7,2008.03,4828.6,,F,Dollars,6,Electronic Card Transactions (ANZSIC06) - ECT,Values - Electronic card transactions A/S/T by industry group,Actual,Fuel,,,
ECTA.S1GA7,2009.03,5287.5,,F,Dollars,6,Electronic Card Transactions (ANZSIC06) - ECT,Values - Electronic card transactions A/S/T by industry group,Actual,Fuel,,,
ECTA.S1GA7,2010.03,4969.2,,F,Dollars,6,Electronic Card Transactions (ANZSIC06) - ECT,Values - Electronic card transactions A/S/T by industry group,Actual,Fuel,,,
ECTA.S1GA7,2011.03,5538,,F,Dollars,6,Electronic Card Transactions (ANZSIC06) - ECT,Values - Electronic card transactions A/S/T by industry group,Actual,Fuel,,,
ECTA.S1GA7,2012.03,6174.4,,F,Dollars,6,Electronic Card Transactions (ANZSIC06) - ECT,Values - Electronic card transactions A/S/T by industry group,Actual,Fuel,,,
ECTA.S1GA7,2013.03,6888.9,,F,Dollars,6,Electronic Card Transactions (ANZSIC06) - ECT,Values - Electronic card transactions A/S/T by industry group,Actual,Fuel,,,
ECTA.S1GA7,2014.03,7718.4,,F,Dollars,6,Electronic Card Transactions (ANZSIC06) - ECT,Values - Electronic card transactions A/S/T by industry group,Actual,Fuel,,,
ECTA.S1GA7,2015.03,7444.5,,F,Dollars,6,Electronic Card Transactions (ANZSIC06) - ECT,Values - Electronic card transactions A/S/T by industry group,Actual,Fuel,,,
ECTA.S1GA7,2016.03,7143.6,,F,Dollars,6,Electronic Card Transactions (ANZSIC06) - ECT,Values - Electronic card transactions A/S/T by industry group,Actual,Fuel,,,
ECTA.S1GA7,2017.03,7158.4,,F,Dollars,6,Electronic Card Transactions (ANZSIC06) - ECT,Values - Electronic card transactions A/S/T by industry group,Actual,Fuel,,,
ECTA.S1GA7,2018.03,7382.4,,F,Dollars,6,Electronic Card Transactions (ANZSIC06) - ECT,Values - Electronic card transactions A/S/T by industry group,Actual,Fuel,,,
ECTA.S1GA7,2019.03,7508.4,,F,Dollars,6,Electronic Card Transactions (ANZSIC06) - ECT,Values - Electronic card transactions A/S/T by industry group,Actual,Fuel,,,
ECTA.S1GA7,2020.03,6968.7,,F,Dollars,6,Electronic Card Transactions (ANZSIC06) - ECT,Values - Electronic card transactions A/S/T by industry group,Actual,Fuel,,,
ECTA.S1GA7,2021.03,5687.1,,F,Dollars,6,Electronic Card Transactions (ANZSIC06) - ECT,Values - Electronic card transactions A/S/T by industry group,Actual,Fuel,,,
ECTA.S1GA7,2022.03,6375.4,,F,Dollars,6,Electronic Card Transactions (ANZSIC06) - ECT,Values - Electronic card transactions A/S/T by industry group,Actual,Fuel,,,
ECTA.S1GA7,2023.03,7109.9,,F,Dollars,6,Electronic Card Transactions (ANZSIC06) - ECT,Values - Electronic card transactions A/S/T by industry group,Actual,Fuel,,,
ECTA.S1GA7,2024.03,6777,,F,Dollars,6,Electronic Card Transactions (ANZSIC06) - ECT,Values - Electronic card transactions A/S/T by industry group,Actual,Fuel,,,
ECTA.S1GA7,2025.03,6169.5,,F,Dollars,6,Electronic Card Transactions (ANZSIC06) - ECT,Values - Electronic card transactions A/S/T by industry group,Actual,Fuel,,,
ECTA.S1GA7,2026.03,5832.4,,F,Dollars,6,Electronic Card Transactions (ANZSIC06) - ECT,Values - Electronic card transactions A/S/T by industry group,Actual,Fuel,,,
ECTA.S1GA8,2001.03,,,C,Dollars,6,Electronic Card Transactions (ANZSIC06) - ECT,Values - Electronic card transactions A/S/T by industry group,Actual,Non-retail excl. services,,,
ECTA.S1GA8,2002.03,,,C,Dollars,6,Electronic Card Transactions (ANZSIC06) - ECT,Values - Electronic card transactions A/S/T by industry group,Actual,Non-retail excl. services,,,
ECTA.S1GA8,2003.03,,,C,Dollars,6,Electronic Card Transactions (ANZSIC06) - ECT,Values - Electronic card transactions A/S/T by industry group,Actual,Non-retail excl. services,,,
ECTA.S1GA8,2004.03,7892.3,,F,Dollars,6,Electronic Card Transactions (ANZSIC06) - ECT,Values - Electronic card transactions A/S/T by industry group,Actual,Non-retail excl. services,,,
ECTA.S1GA8,2005.03,8997.1,,F,Dollars,6,Electronic Card Transactions (ANZSIC06) - ECT,Values - Electronic card transactions A/S/T by industry group,Actual,Non-retail excl. services,,,
ECTA.S1GA8,2006.03,9716.9,,F,Dollars,6,Electronic Card Transactions (ANZSIC06) - ECT,Values - Electronic card transactions A/S/T by industry group,Actual,Non-retail excl. services,,,
ECTA.S1GA8,2007.03,10782.3,,F,Dollars,6,Electronic Card Transactions (ANZSIC06) - ECT,Values - Electronic card transactions A/S/T by industry group,Actual,Non-retail excl. services,,,
ECTA.S1GA8,2008.03,11907.6,,F,Dollars,6,Electronic Card Transactions (ANZSIC06) - ECT,Values - Electronic card transactions A/S/T by industry group,Actual,Non-retail excl. services,,,
ECTA.S1GA8,2009.03,12174.4,,F,Dollars,6,Electronic Card Transactions (ANZSIC06) - ECT,Values - Electronic card transactions A/S/T by industry group,Actual,Non-retail excl. services,,,
ECTA.S1GA8,2010.03,12399.8,,F,Dollars,6,Electronic Card Transactions (ANZSIC06) - ECT,Values - Electronic card transactions A/S/T by industry group,Actual,Non-retail excl. services,,,
ECTA.S1GA8,2011.03,12927.2,,F,Dollars,6,Electronic Card Transactions (ANZSIC06) - ECT,Values - Electronic card transactions A/S/T by industry group,Actual,Non-retail excl. services,,,
ECTA.S1GA8,2012.03,13631.6,,F,Dollars,6,Electronic Card Transactions (ANZSIC06) - ECT,Values - Electronic card transactions A/S/T by industry group,Actual,Non-retail excl. services,,,
ECTA.S1GA8,2013.03,14008.7,,F,Dollars,6,Electronic Card Transactions (ANZSIC06) - ECT,Values - Electronic card transactions A/S/T by industry group,Actual,Non-retail excl. services,,,
ECTA.S1GA8,2014.03,14784.4,,F,Dollars,6,Electronic Card Transactions (ANZSIC06) - ECT,Values - Electronic card transactions A/S/T by industry group,Actual,Non-retail excl. services,,,
ECTA.S1GA8,2015.03,15323.1,,F,Dollars,6,Electronic Card Transactions (ANZSIC06) - ECT,Values - Electronic card transactions A/S/T by industry group,Actual,Non-retail excl. services,,,
ECTA.S1GA8,2016.03,16309.6,,F,Dollars,6,Electronic Card Transactions (ANZSIC06) - ECT,Values - Electronic card transactions A/S/T by industry group,Actual,Non-retail excl. services,,,
ECTA.S1GA8,2017.03,17844.1,,F,Dollars,6,Electronic Card Transactions (ANZSIC06) - ECT,Values - Electronic card transactions A/S/T by industry group,Actual,Non-retail excl. services,,,
ECTA.S1GA8,2018.03,20727.1,,F,Dollars,6,Electronic Card Transactions (ANZSIC06) - ECT,Values - Electronic card transactions A/S/T by industry group,Actual,Non-retail excl. services,,,
ECTA.S1GA8,2019.03,21772.8,,F,Dollars,6,Electronic Card Transactions (ANZSIC06) - ECT,Values - Electronic card transactions A/S/T by industry group,Actual,Non-retail excl. services,,,
ECTA.S1GA8,2020.03,22194,,F,Dollars,6,Electronic Card Transactions (ANZSIC06) - ECT,Values - Electronic card transactions A/S/T by industry group,Actual,Non-retail excl. services,,,
ECTA.S1GA8,2021.03,18993,,F,Dollars,6,Electronic Card Transactions (ANZSIC06) - ECT,Values - Electronic card transactions A/S/T by industry group,Actual,Non-retail excl. services,,,
ECTA.S1GA8,2022.03,20446.7,,F,Dollars,6,Electronic Card Transactions (ANZSIC06) - ECT,Values - Electronic card transactions A/S/T by industry group,Actual,Non-retail excl. services,,,
ECTA.S1GA8,2023.03,24835.3,,F,Dollars,6,Electronic Card Transactions (ANZSIC06) - ECT,Values - Electronic card transactions A/S/T by industry group,Actual,Non-retail excl. services,,,
ECTA.S1GA8,2024.03,27566.6,,F,Dollars,6,Electronic Card Transactions (ANZSIC06) - ECT,Values - Electronic card transactions A/S/T by industry group,Actual,Non-retail excl. services,,,
ECTA.S1GA8,2025.03,28844.6,,F,Dollars,6,Electronic Card Transactions (ANZSIC06) - ECT,Values - Electronic card transactions A/S/T by industry group,Actual,Non-retail excl. services,,,
ECTA.S1GA8,2026.03,27297.9,,F,Dollars,6,Electronic Card Transactions (ANZSIC06) - ECT,Values - Electronic card transactions A/S/T by industry group,Actual,Non-retail excl. services,,,
ECTA.S29A1,2001.03,,,C,Number,0,Electronic Card Transactions (ANZSIC06) - ECT,Number of electronic card transactions A/S/T by division,Actual,RTS total industries,,,
ECTA.S29A1,2002.03,,,C,Number,0,Electronic Card Transactions (ANZSIC06) - ECT,Number of electronic card transactions A/S/T by division,Actual,RTS total industries,,,
ECTA.S29A1,2003.03,,,C,Number,0,Electronic Card Transactions (ANZSIC06) - ECT,Number of electronic card transactions A/S/T by division,Actual,RTS total industries,,,
ECTA.S29A1,2004.03,588806931,,F,Number,0,Electronic Card Transactions (ANZSIC06) - ECT,Number of electronic card transactions A/S/T by division,Actual,RTS total industries,,,
ECTA.S29A1,2005.03,646646117,,F,Number,0,Electronic Card Transactions (ANZSIC06) - ECT,Number of electronic card transactions A/S/T by division,Actual,RTS total industries,,,
ECTA.S29A1,2006.03,706783322,,F,Number,0,Electronic Card Transactions (ANZSIC06) - ECT,Number of electronic card transactions A/S/T by division,Actual,RTS total industries,,,
ECTA.S29A1,2007.03,765192107,,F,Number,0,Electronic Card Transactions (ANZSIC06) - ECT,Number of electronic card transactions A/S/T by division,Actual,RTS total industries,,,
ECTA.S29A1,2008.03,830825132,,F,Number,0,Electronic Card Transactions (ANZSIC06) - ECT,Number of electronic card transactions A/S/T by division,Actual,RTS total industries,,,
ECTA.S29A1,2009.03,876181852,,F,Number,0,Electronic Card Transactions (ANZSIC06) - ECT,Number of electronic card transactions A/S/T by division,Actual,RTS total industries,,,
ECTA.S29A1,2010.03,933437431,,F,Number,0,Electronic Card Transactions (ANZSIC06) - ECT,Number of electronic card transactions A/S/T by division,Actual,RTS total industries,,,
ECTA.S29A1,2011.03,985468154,,F,Number,0,Electronic Card Transactions (ANZSIC06) - ECT,Number of electronic card transactions A/S/T by division,Actual,RTS total industries,,,
ECTA.S29A1,2012.03,1038177483,,F,Number,0,Electronic Card Transactions (ANZSIC06) - ECT,Number of electronic card transactions A/S/T by division,Actual,RTS total industries,,,
ECTA.S29A1,2013.03,1087705018,,F,Number,0,Electronic Card Transactions (ANZSIC06) - ECT,Number of electronic card transactions A/S/T by division,Actual,RTS total industries,,,
ECTA.S29A1,2014.03,1152505489,,F,Number,0,Electronic Card Transactions (ANZSIC06) - ECT,Number of electronic card transactions A/S/T by division,Actual,RTS total industries,,,
ECTA.S29A1,2015.03,1220864253,,F,Number,0,Electronic Card Transactions (ANZSIC06) - ECT,Number of electronic card transactions A/S/T by division,Actual,RTS total industries,,,
ECTA.S29A1,2016.03,1293866673,,F,Number,0,Electronic Card Transactions (ANZSIC06) - ECT,Number of electronic card transactions A/S/T by division,Actual,RTS total industries,,,
ECTA.S29A1,2017.03,1387201807,,F,Number,0,Electronic Card Transactions (ANZSIC06) - ECT,Number of electronic card transactions A/S/T by division,Actual,RTS total industries,,,
ECTA.S29A1,2018.03,1491014589,,F,Number,0,Electronic Card Transactions (ANZSIC06) - ECT,Number of electronic card transactions A/S/T by division,Actual,RTS total industries,,,
ECTA.S29A1,2019.03,1558429110,,F,Number,0,Electronic Card Transactions (ANZSIC06) - ECT,Number of electronic card transactions A/S/T by division,Actual,RTS total industries,,,
ECTA.S29A1,2020.03,1593169180,,F,Number,0,Electronic Card Transactions (ANZSIC06) - ECT,Number of electronic card transactions A/S/T by division,Actual,RTS total industries,,,
ECTA.S29A1,2021.03,1493489703,,F,Number,0,Electronic Card Transactions (ANZSIC06) - ECT,Number of electronic card transactions A/S/T by division,Actual,RTS total industries,,,
ECTA.S29A1,2022.03,1522595014,,F,Number,0,Electronic Card Transactions (ANZSIC06) - ECT,Number of electronic card transactions A/S/T by division,Actual,RTS total industries,,,
ECTA.S29A1,2023.03,1654575163,,F,Number,0,Electronic Card Transactions (ANZSIC06) - ECT,Number of electronic card transactions A/S/T by division,Actual,RTS total industries,,,
ECTA.S29A1,2024.03,1716970850,,F,Number,0,Electronic Card Transactions (ANZSIC06) - ECT,Number of electronic card transactions A/S/T by division,Actual,RTS total industries,,,
ECTA.S29A1,2025.03,1722350229,,F,Number,0,Electronic Card Transactions (ANZSIC06) - ECT,Number of electronic card transactions A/S/T by division,Actual,RTS total industries,,,
ECTA.S29A1,2026.03,1723941199,,F,Number,0,Electronic Card Transactions (ANZSIC06) - ECT,Number of electronic card transactions A/S/T by division,Actual,RTS total industries,,,
ECTA.S29A2,2001.03,,,C,Number,0,Electronic Card Transactions (ANZSIC06) - ECT,Number of electronic card transactions A/S/T by division,Actual,RTS core industries,,,
ECTA.S29A2,2002.03,,,C,Number,0,Electronic Card Transactions (ANZSIC06) - ECT,Number of electronic card transactions A/S/T by division,Actual,RTS core industries,,,
ECTA.S29A2,2003.03,,,C,Number,0,Electronic Card Transactions (ANZSIC06) - ECT,Number of electronic card transactions A/S/T by division,Actual,RTS core industries,,,
ECTA.S29A2,2004.03,495113109,,F,Number,0,Electronic Card Transactions (ANZSIC06) - ECT,Number of electronic card transactions A/S/T by division,Actual,RTS core industries,,,
ECTA.S29A2,2005.03,539502887,,F,Number,0,Electronic Card Transactions (ANZSIC06) - ECT,Number of electronic card transactions A/S/T by division,Actual,RTS core industries,,,
ECTA.S29A2,2006.03,592614010,,F,Number,0,Electronic Card Transactions (ANZSIC06) - ECT,Number of electronic card transactions A/S/T by division,Actual,RTS core industries,,,
ECTA.S29A2,2007.03,644900770,,F,Number,0,Electronic Card Transactions (ANZSIC06) - ECT,Number of electronic card transactions A/S/T by division,Actual,RTS core industries,,,
ECTA.S29A2,2008.03,703820694,,F,Number,0,Electronic Card Transactions (ANZSIC06) - ECT,Number of electronic card transactions A/S/T by division,Actual,RTS core industries,,,
ECTA.S29A2,2009.03,749949518,,F,Number,0,Electronic Card Transactions (ANZSIC06) - ECT,Number of electronic card transactions A/S/T by division,Actual,RTS core industries,,,
ECTA.S29A2,2010.03,803291345,,F,Number,0,Electronic Card Transactions (ANZSIC06) - ECT,Number of electronic card transactions A/S/T by division,Actual,RTS core industries,,,
ECTA.S29A2,2011.03,850793709,,F,Number,0,Electronic Card Transactions (ANZSIC06) - ECT,Number of electronic card transactions A/S/T by division,Actual,RTS core industries,,,
ECTA.S29A2,2012.03,903010277,,F,Number,0,Electronic Card Transactions (ANZSIC06) - ECT,Number of electronic card transactions A/S/T by division,Actual,RTS core industries,,,
ECTA.S29A2,2013.03,943634757,,F,Number,0,Electronic Card Transactions (ANZSIC06) - ECT,Number of electronic card transactions A/S/T by division,Actual,RTS core industries,,,
ECTA.S29A2,2014.03,993978393,,F,Number,0,Electronic Card Transactions (ANZSIC06) - ECT,Number of electronic card transactions A/S/T by division,Actual,RTS core industries,,,
ECTA.S29A2,2015.03,1059844932,,F,Number,0,Electronic Card Transactions (ANZSIC06) - ECT,Number of electronic card transactions A/S/T by division,Actual,RTS core industries,,,
ECTA.S29A2,2016.03,1127526943,,F,Number,0,Electronic Card Transactions (ANZSIC06) - ECT,Number of electronic card transactions A/S/T by division,Actual,RTS core industries,,,
ECTA.S29A2,2017.03,1214556004,,F,Number,0,Electronic Card Transactions (ANZSIC06) - ECT,Number of electronic card transactions A/S/T by division,Actual,RTS core industries,,,
ECTA.S29A2,2018.03,1314685911,,F,Number,0,Electronic Card Transactions (ANZSIC06) - ECT,Number of electronic card transactions A/S/T by division,Actual,RTS core industries,,,
ECTA.S29A2,2019.03,1385058916,,F,Number,0,Electronic Card Transactions (ANZSIC06) - ECT,Number of electronic card transactions A/S/T by division,Actual,RTS core industries,,,
ECTA.S29A2,2020.03,1426423318,,F,Number,0,Electronic Card Transactions (ANZSIC06) - ECT,Number of electronic card transactions A/S/T by division,Actual,RTS core industries,,,
ECTA.S29A2,2021.03,1342170723,,F,Number,0,Electronic Card Transactions (ANZSIC06) - ECT,Number of electronic card transactions A/S/T by division,Actual,RTS core industries,,,
ECTA.S29A2,2022.03,1368284312,,F,Number,0,Electronic Card Transactions (ANZSIC06) - ECT,Number of electronic card transactions A/S/T by division,Actual,RTS core industries,,,
ECTA.S29A2,2023.03,1497229725,,F,Number,0,Electronic Card Transactions (ANZSIC06) - ECT,Number of electronic card transactions A/S/T by division,Actual,RTS core industries,,,
ECTA.S29A2,2024.03,1557012402,,F,Number,0,Electronic Card Transactions (ANZSIC06) - ECT,Number of electronic card transactions A/S/T by division,Actual,RTS core industries,,,
ECTA.S29A2,2025.03,1573302485,,F,Number,0,Electronic Card Transactions (ANZSIC06) - ECT,Number of electronic card transactions A/S/T by division,Actual,RTS core industries,,,
ECTA.S29A2,2026.03,1580403174,,F,Number,0,Electronic Card Transactions (ANZSIC06) - ECT,Number of electronic card transactions A/S/T by division,Actual,RTS core industries,,,
ECTA.S29A9,2001.03,,,C,Number,0,Electronic Card Transactions (ANZSIC06) - ECT,Number of electronic card transactions A/S/T by division,Actual,Total,,,
ECTA.S29A9,2002.03,,,C,Number,0,Electronic Card Transactions (ANZSIC06) - ECT,Number of electronic card transactions A/S/T by division,Actual,Total,,,
ECTA.S29A9,2003.03,,,C,Number,0,Electronic Card Transactions (ANZSIC06) - ECT,Number of electronic card transactions A/S/T by division,Actual,Total,,,
ECTA.S29A9,2004.03,684979211,,F,Number,0,Electronic Card Transactions (ANZSIC06) - ECT,Number of electronic card transactions A/S/T by division,Actual,Total,,,
ECTA.S29A9,2005.03,754629755,,F,Number,0,Electronic Card Transactions (ANZSIC06) - ECT,Number of electronic card transactions A/S/T by division,Actual,Total,,,
ECTA.S29A9,2006.03,821740965,,F,Number,0,Electronic Card Transactions (ANZSIC06) - ECT,Number of electronic card transactions A/S/T by division,Actual,Total,,,
ECTA.S29A9,2007.03,892055984,,F,Number,0,Electronic Card Transactions (ANZSIC06) - ECT,Number of electronic card transactions A/S/T by division,Actual,Total,,,
ECTA.S29A9,2008.03,974791063,,F,Number,0,Electronic Card Transactions (ANZSIC06) - ECT,Number of electronic card transactions A/S/T by division,Actual,Total,,,
ECTA.S29A9,2009.03,1027444058,,F,Number,0,Electronic Card Transactions (ANZSIC06) - ECT,Number of electronic card transactions A/S/T by division,Actual,Total,,,
ECTA.S29A9,2010.03,1091955385,,F,Number,0,Electronic Card Transactions (ANZSIC06) - ECT,Number of electronic card transactions A/S/T by division,Actual,Total,,,
ECTA.S29A9,2011.03,1151607794,,F,Number,0,Electronic Card Transactions (ANZSIC06) - ECT,Number of electronic card transactions A/S/T by division,Actual,Total,,,
ECTA.S29A9,2012.03,1215119074,,F,Number,0,Electronic Card Transactions (ANZSIC06) - ECT,Number of electronic card transactions A/S/T by division,Actual,Total,,,
ECTA.S29A9,2013.03,1272376213,,F,Number,0,Electronic Card Transactions (ANZSIC06) - ECT,Number of electronic card transactions A/S/T by division,Actual,Total,,,
ECTA.S29A9,2014.03,1349778117,,F,Number,0,Electronic Card Transactions (ANZSIC06) - ECT,Number of electronic card transactions A/S/T by division,Actual,Total,,,
ECTA.S29A9,2015.03,1427025657,,F,Number,0,Electronic Card Transactions (ANZSIC06) - ECT,Number of electronic card transactions A/S/T by division,Actual,Total,,,
ECTA.S29A9,2016.03,1513990667,,F,Number,0,Electronic Card Transactions (ANZSIC06) - ECT,Number of electronic card transactions A/S/T by division,Actual,Total,,,
ECTA.S29A9,2017.03,1631653698,,F,Number,0,Electronic Card Transactions (ANZSIC06) - ECT,Number of electronic card transactions A/S/T by division,Actual,Total,,,
ECTA.S29A9,2018.03,1772792469,,F,Number,0,Electronic Card Transactions (ANZSIC06) - ECT,Number of electronic card transactions A/S/T by division,Actual,Total,,,
ECTA.S29A9,2019.03,1856333384,,F,Number,0,Electronic Card Transactions (ANZSIC06) - ECT,Number of electronic card transactions A/S/T by division,Actual,Total,,,
ECTA.S29A9,2020.03,1903657106,,F,Number,0,Electronic Card Transactions (ANZSIC06) - ECT,Number of electronic card transactions A/S/T by division,Actual,Total,,,
ECTA.S29A9,2021.03,1778034808,,F,Number,0,Electronic Card Transactions (ANZSIC06) - ECT,Number of electronic card transactions A/S/T by division,Actual,Total,,,
ECTA.S29A9,2022.03,1822066404,,F,Number,0,Electronic Card Transactions (ANZSIC06) - ECT,Number of electronic card transactions A/S/T by division,Actual,Total,,,
ECTA.S29A9,2023.03,1996075739,,F,Number,0,Electronic Card Transactions (ANZSIC06) - ECT,Number of electronic card transactions A/S/T by division,Actual,Total,,,
ECTA.S29A9,2024.03,2092841710,,F,Number,0,Electronic Card Transactions (ANZSIC06) - ECT,Number of electronic card transactions A/S/T by division,Actual,Total,,,
ECTA.S29A9,2025.03,2110232213,,F,Number,0,Electronic Card Transactions (ANZSIC06) - ECT,Number of electronic card transactions A/S/T by division,Actual,Total,,,
ECTA.S29A9,2026.03,2113455843,,F,Number,0,Electronic Card Transactions (ANZSIC06) - ECT,Number of electronic card transactions A/S/T by division,Actual,Total,,,
ECTA.S29AW,2001.03,,,C,Number,0,Electronic Card Transactions (ANZSIC06) - ECT,Number of electronic card transactions A/S/T by division,Actual,Credit,,,
ECTA.S29AW,2002.03,,,C,Number,0,Electronic Card Transactions (ANZSIC06) - ECT,Number of electronic card transactions A/S/T by division,Actual,Credit,,,
ECTA.S29AW,2003.03,,,C,Number,0,Electronic Card Transactions (ANZSIC06) - ECT,Number of electronic card transactions A/S/T by division,Actual,Credit,,,
ECTA.S29AW,2004.03,175164639,,F,Number,0,Electronic Card Transactions (ANZSIC06) - ECT,Number of electronic card transactions A/S/T by division,Actual,Credit,,,
ECTA.S29AW,2005.03,195790533,,F,Number,0,Electronic Card Transactions (ANZSIC06) - ECT,Number of electronic card transactions A/S/T by division,Actual,Credit,,,
ECTA.S29AW,2006.03,210968205,,F,Number,0,Electronic Card Transactions (ANZSIC06) - ECT,Number of electronic card transactions A/S/T by division,Actual,Credit,,,
ECTA.S29AW,2007.03,225913337,,F,Number,0,Electronic Card Transactions (ANZSIC06) - ECT,Number of electronic card transactions A/S/T by division,Actual,Credit,,,
ECTA.S29AW,2008.03,240051535,,F,Number,0,Electronic Card Transactions (ANZSIC06) - ECT,Number of electronic card transactions A/S/T by division,Actual,Credit,,,
ECTA.S29AW,2009.03,245016363,,F,Number,0,Electronic Card Transactions (ANZSIC06) - ECT,Number of electronic card transactions A/S/T by division,Actual,Credit,,,
ECTA.S29AW,2010.03,251415302,,F,Number,0,Electronic Card Transactions (ANZSIC06) - ECT,Number of electronic card transactions A/S/T by division,Actual,Credit,,,
ECTA.S29AW,2011.03,256962888,,F,Number,0,Electronic Card Transactions (ANZSIC06) - ECT,Number of electronic card transactions A/S/T by division,Actual,Credit,,,
ECTA.S29AW,2012.03,271075612,,F,Number,0,Electronic Card Transactions (ANZSIC06) - ECT,Number of electronic card transactions A/S/T by division,Actual,Credit,,,
ECTA.S29AW,2013.03,289001419,,F,Number,0,Electronic Card Transactions (ANZSIC06) - ECT,Number of electronic card transactions A/S/T by division,Actual,Credit,,,
ECTA.S29AW,2014.03,323503974,,F,Number,0,Electronic Card Transactions (ANZSIC06) - ECT,Number of electronic card transactions A/S/T by division,Actual,Credit,,,
ECTA.S29AW,2015.03,363251739,,F,Number,0,Electronic Card Transactions (ANZSIC06) - ECT,Number of electronic card transactions A/S/T by division,Actual,Credit,,,
ECTA.S29AW,2016.03,430282120,,F,Number,0,Electronic Card Transactions (ANZSIC06) - ECT,Number of electronic card transactions A/S/T by division,Actual,Credit,,,
ECTA.S29AW,2017.03,547291376,,F,Number,0,Electronic Card Transactions (ANZSIC06) - ECT,Number of electronic card transactions A/S/T by division,Actual,Credit,,,
ECTA.S29AW,2018.03,710954366,,F,Number,0,Electronic Card Transactions (ANZSIC06) - ECT,Number of electronic card transactions A/S/T by division,Actual,Credit,,,
ECTA.S29AW,2019.03,810384734,,F,Number,0,Electronic Card Transactions (ANZSIC06) - ECT,Number of electronic card transactions A/S/T by division,Actual,Credit,,,
ECTA.S29AW,2020.03,871093600,,F,Number,0,Electronic Card Transactions (ANZSIC06) - ECT,Number of electronic card transactions A/S/T by division,Actual,Credit,,,
ECTA.S29AW,2021.03,996587069,,F,Number,0,Electronic Card Transactions (ANZSIC06) - ECT,Number of electronic card transactions A/S/T by division,Actual,Credit,,,
ECTA.S29AW,2022.03,1090486526,,F,Number,0,Electronic Card Transactions (ANZSIC06) - ECT,Number of electronic card transactions A/S/T by division,Actual,Credit,,,
ECTA.S29AW,2023.03,1251102993,,F,Number,0,Electronic Card Transactions (ANZSIC06) - ECT,Number of electronic card transactions A/S/T by division,Actual,Credit,,,
ECTA.S29AW,2024.03,1328467347,,F,Number,0,Electronic Card Transactions (ANZSIC06) - ECT,Number of electronic card transactions A/S/T by division,Actual,Credit,,,
ECTA.S29AW,2025.03,1390572333,,F,Number,0,Electronic Card Transactions (ANZSIC06) - ECT,Number of electronic card transactions A/S/T by division,Actual,Credit,,,
ECTA.S29AW,2026.03,1438756002,,F,Number,0,Electronic Card Transactions (ANZSIC06) - ECT,Number of electronic card transactions A/S/T by division,Actual,Credit,,,
ECTA.S29AX,2001.03,,,C,Number,0,Electronic Card Transactions (ANZSIC06) - ECT,Number of electronic card transactions A/S/T by division,Actual,Debit,,,
ECTA.S29AX,2002.03,,,C,Number,0,Electronic Card Transactions (ANZSIC06) - ECT,Number of electronic card transactions A/S/T by division,Actual,Debit,,,
ECTA.S29AX,2003.03,,,C,Number,0,Electronic Card Transactions (ANZSIC06) - ECT,Number of electronic card transactions A/S/T by division,Actual,Debit,,,
ECTA.S29AX,2004.03,509814572,,F,Number,0,Electronic Card Transactions (ANZSIC06) - ECT,Number of electronic card transactions A/S/T by division,Actual,Debit,,,
ECTA.S29AX,2005.03,558839222,,F,Number,0,Electronic Card Transactions (ANZSIC06) - ECT,Number of electronic card transactions A/S/T by division,Actual,Debit,,,
ECTA.S29AX,2006.03,610772760,,F,Number,0,Electronic Card Transactions (ANZSIC06) - ECT,Number of electronic card transactions A/S/T by division,Actual,Debit,,,
ECTA.S29AX,2007.03,666142647,,F,Number,0,Electronic Card Transactions (ANZSIC06) - ECT,Number of electronic card transactions A/S/T by division,Actual,Debit,,,
ECTA.S29AX,2008.03,734739528,,F,Number,0,Electronic Card Transactions (ANZSIC06) - ECT,Number of electronic card transactions A/S/T by division,Actual,Debit,,,
ECTA.S29AX,2009.03,782427695,,F,Number,0,Electronic Card Transactions (ANZSIC06) - ECT,Number of electronic card transactions A/S/T by division,Actual,Debit,,,
ECTA.S29AX,2010.03,840540083,,F,Number,0,Electronic Card Transactions (ANZSIC06) - ECT,Number of electronic card transactions A/S/T by division,Actual,Debit,,,
ECTA.S29AX,2011.03,894644906,,F,Number,0,Electronic Card Transactions (ANZSIC06) - ECT,Number of electronic card transactions A/S/T by division,Actual,Debit,,,
ECTA.S29AX,2012.03,944043462,,F,Number,0,Electronic Card Transactions (ANZSIC06) - ECT,Number of electronic card transactions A/S/T by division,Actual,Debit,,,
ECTA.S29AX,2013.03,983374794,,F,Number,0,Electronic Card Transactions (ANZSIC06) - ECT,Number of electronic card transactions A/S/T by division,Actual,Debit,,,
ECTA.S29AX,2014.03,1026274143,,F,Number,0,Electronic Card Transactions (ANZSIC06) - ECT,Number of electronic card transactions A/S/T by division,Actual,Debit,,,
ECTA.S29AX,2015.03,1063773918,,F,Number,0,Electronic Card Transactions (ANZSIC06) - ECT,Number of electronic card transactions A/S/T by division,Actual,Debit,,,
ECTA.S29AX,2016.03,1083708547,,F,Number,0,Electronic Card Transactions (ANZSIC06) - ECT,Number of electronic card transactions A/S/T by division,Actual,Debit,,,
ECTA.S29AX,2017.03,1084362322,,F,Number,0,Electronic Card Transactions (ANZSIC06) - ECT,Number of electronic card transactions A/S/T by division,Actual,Debit,,,
ECTA.S29AX,2018.03,1061838103,,F,Number,0,Electronic Card Transactions (ANZSIC06) - ECT,Number of electronic card transactions A/S/T by division,Actual,Debit,,,
ECTA.S29AX,2019.03,1045948649,,F,Number,0,Electronic Card Transactions (ANZSIC06) - ECT,Number of electronic card transactions A/S/T by division,Actual,Debit,,,
ECTA.S29AX,2020.03,1032563505,,F,Number,0,Electronic Card Transactions (ANZSIC06) - ECT,Number of electronic card transactions A/S/T by division,Actual,Debit,,,
ECTA.S29AX,2021.03,781447738,,F,Number,0,Electronic Card Transactions (ANZSIC06) - ECT,Number of electronic card transactions A/S/T by division,Actual,Debit,,,
ECTA.S29AX,2022.03,731579878,,F,Number,0,Electronic Card Transactions (ANZSIC06) - ECT,Number of electronic card transactions A/S/T by division,Actual,Debit,,,
ECTA.S29AX,2023.03,744972746,,F,Number,0,Electronic Card Transactions (ANZSIC06) - ECT,Number of electronic card transactions A/S/T by division,Actual,Debit,,,
ECTA.S29AX,2024.03,764374363,,F,Number,0,Electronic Card Transactions (ANZSIC06) - ECT,Number of electronic card transactions A/S/T by division,Actual,Debit,,,
ECTA.S29AX,2025.03,719659880,,F,Number,0,Electronic Card Transactions (ANZSIC06) - ECT,Number of electronic card transactions A/S/T by division,Actual,Debit,,,
ECTA.S29AX,2026.03,674699841,,F,Number,0,Electronic Card Transactions (ANZSIC06) - ECT,Number of electronic card transactions A/S/T by division,Actual,Debit,,,
ECTA.S4A1V,2000.03,,,C,Dollars,0,Electronic Card Transactions (ANZSIC06) - ECT,Electronic card transactions by mean and proportion,Actual,Mean transaction value,Value ($),,
ECTA.S4A1V,2001.03,,,C,Dollars,0,Electronic Card Transactions (ANZSIC06) - ECT,Electronic card transactions by mean and proportion,Actual,Mean transaction value,Value ($),,
ECTA.S4A1V,2002.03,,,C,Dollars,0,Electronic Card Transactions (ANZSIC06) - ECT,Electronic card transactions by mean and proportion,Actual,Mean transaction value,Value ($),,
ECTA.S4A1V,2003.03,,,C,Dollars,0,Electronic Card Transactions (ANZSIC06) - ECT,Electronic card transactions by mean and proportion,Actual,Mean transaction value,Value ($),,
ECTA.S4A1V,2004.03,53.8,,F,Dollars,0,Electronic Card Transactions (ANZSIC06) - ECT,Electronic card transactions by mean and proportion,Actual,Mean transaction value,Value ($),,
ECTA.S4A1V,2005.03,54,,F,Dollars,0,Electronic Card Transactions (ANZSIC06) - ECT,Electronic card transactions by mean and proportion,Actual,Mean transaction value,Value ($),,
ECTA.S4A1V,2006.03,53.9,,F,Dollars,0,Electronic Card Transactions (ANZSIC06) - ECT,Electronic card transactions by mean and proportion,Actual,Mean transaction value,Value ($),,
ECTA.S4A1V,2007.03,54.5,,F,Dollars,0,Electronic Card Transactions (ANZSIC06) - ECT,Electronic card transactions by mean and proportion,Actual,Mean transaction value,Value ($),,
ECTA.S4A1V,2008.03,54,,F,Dollars,0,Electronic Card Transactions (ANZSIC06) - ECT,Electronic card transactions by mean and proportion,Actual,Mean transaction value,Value ($),,
ECTA.S4A1V,2009.03,53,,F,Dollars,0,Electronic Card Transactions (ANZSIC06) - ECT,Electronic card transactions by mean and proportion,Actual,Mean transaction value,Value ($),,
ECTA.S4A1V,2010.03,51.3,,F,Dollars,0,Electronic Card Transactions (ANZSIC06) - ECT,Electronic card transactions by mean and proportion,Actual,Mean transaction value,Value ($),,
ECTA.S4A1V,2011.03,50.9,,F,Dollars,0,Electronic Card Transactions (ANZSIC06) - ECT,Electronic card transactions by mean and proportion,Actual,Mean transaction value,Value ($),,
ECTA.S4A1V,2012.03,51.5,,F,Dollars,0,Electronic Card Transactions (ANZSIC06) - ECT,Electronic card transactions by mean and proportion,Actual,Mean transaction value,Value ($),,
ECTA.S4A1V,2013.03,51.3,,F,Dollars,0,Electronic Card Transactions (ANZSIC06) - ECT,Electronic card transactions by mean and proportion,Actual,Mean transaction value,Value ($),,
ECTA.S4A1V,2014.03,51.3,,F,Dollars,0,Electronic Card Transactions (ANZSIC06) - ECT,Electronic card transactions by mean and proportion,Actual,Mean transaction value,Value ($),,
ECTA.S4A1V,2015.03,50.7,,F,Dollars,0,Electronic Card Transactions (ANZSIC06) - ECT,Electronic card transactions by mean and proportion,Actual,Mean transaction value,Value ($),,
ECTA.S4A1V,2016.03,50.5,,F,Dollars,0,Electronic Card Transactions (ANZSIC06) - ECT,Electronic card transactions by mean and proportion,Actual,Mean transaction value,Value ($),,
ECTA.S4A1V,2017.03,50.2,,F,Dollars,0,Electronic Card Transactions (ANZSIC06) - ECT,Electronic card transactions by mean and proportion,Actual,Mean transaction value,Value ($),,
ECTA.S4A1V,2018.03,50.9,,F,Dollars,0,Electronic Card Transactions (ANZSIC06) - ECT,Electronic card transactions by mean and proportion,Actual,Mean transaction value,Value ($),,
ECTA.S4A1V,2019.03,50.7,,F,Dollars,0,Electronic Card Transactions (ANZSIC06) - ECT,Electronic card transactions by mean and proportion,Actual,Mean transaction value,Value ($),,
ECTA.S4A1V,2020.03,50.9,,F,Dollars,0,Electronic Card Transactions (ANZSIC06) - ECT,Electronic card transactions by mean and proportion,Actual,Mean transaction value,Value ($),,
ECTA.S4A1V,2021.03,52.4,,F,Dollars,0,Electronic Card Transactions (ANZSIC06) - ECT,Electronic card transactions by mean and proportion,Actual,Mean transaction value,Value ($),,
ECTA.S4A1V,2022.03,54.1,,F,Dollars,0,Electronic Card Transactions (ANZSIC06) - ECT,Electronic card transactions by mean and proportion,Actual,Mean transaction value,Value ($),,
ECTA.S4A1V,2023.03,55.6,,F,Dollars,0,Electronic Card Transactions (ANZSIC06) - ECT,Electronic card transactions by mean and proportion,Actual,Mean transaction value,Value ($),,
ECTA.S4A1V,2024.03,55.8,,F,Dollars,0,Electronic Card Transactions (ANZSIC06) - ECT,Electronic card transactions by mean and proportion,Actual,Mean transaction value,Value ($),,
ECTA.S4A1V,2025.03,55,,F,Dollars,0,Electronic Card Transactions (ANZSIC06) - ECT,Electronic card transactions by mean and proportion,Actual,Mean transaction value,Value ($),,
ECTA.S4A1V,2026.03,54.5,,F,Dollars,0,Electronic Card Transactions (ANZSIC06) - ECT,Electronic card transactions by mean and proportion,Actual,Mean transaction value,Value ($),,
ECTA.S4A2V,2000.03,,,C,Dollars,0,Electronic Card Transactions (ANZSIC06) - ECT,Electronic card transactions by mean and proportion,Actual,Mean value of transaction per person,Value ($),,
ECTA.S4A2V,2001.03,,,C,Dollars,0,Electronic Card Transactions (ANZSIC06) - ECT,Electronic card transactions by mean and proportion,Actual,Mean value of transaction per person,Value ($),,
ECTA.S4A2V,2002.03,,,C,Dollars,0,Electronic Card Transactions (ANZSIC06) - ECT,Electronic card transactions by mean and proportion,Actual,Mean value of transaction per person,Value ($),,
ECTA.S4A2V,2003.03,,,C,Dollars,0,Electronic Card Transactions (ANZSIC06) - ECT,Electronic card transactions by mean and proportion,Actual,Mean value of transaction per person,Value ($),,
ECTA.S4A2V,2004.03,8839.8,,F,Dollars,0,Electronic Card Transactions (ANZSIC06) - ECT,Electronic card transactions by mean and proportion,Actual,Mean value of transaction per person,Value ($),,
ECTA.S4A2V,2005.03,9636.3,,F,Dollars,0,Electronic Card Transactions (ANZSIC06) - ECT,Electronic card transactions by mean and proportion,Actual,Mean value of transaction per person,Value ($),,
ECTA.S4A2V,2006.03,10354.5,,F,Dollars,0,Electronic Card Transactions (ANZSIC06) - ECT,Electronic card transactions by mean and proportion,Actual,Mean value of transaction per person,Value ($),,
ECTA.S4A2V,2007.03,11221.4,,F,Dollars,0,Electronic Card Transactions (ANZSIC06) - ECT,Electronic card transactions by mean and proportion,Actual,Mean value of transaction per person,Value ($),,
ECTA.S4A2V,2008.03,12040.3,,F,Dollars,0,Electronic Card Transactions (ANZSIC06) - ECT,Electronic card transactions by mean and proportion,Actual,Mean value of transaction per person,Value ($),,
ECTA.S4A2V,2009.03,12361.4,,F,Dollars,0,Electronic Card Transactions (ANZSIC06) - ECT,Electronic card transactions by mean and proportion,Actual,Mean value of transaction per person,Value ($),,
ECTA.S4A2V,2010.03,12559.1,,F,Dollars,0,Electronic Card Transactions (ANZSIC06) - ECT,Electronic card transactions by mean and proportion,Actual,Mean value of transaction per person,Value ($),,
ECTA.S4A2V,2011.03,13026.5,,F,Dollars,0,Electronic Card Transactions (ANZSIC06) - ECT,Electronic card transactions by mean and proportion,Actual,Mean value of transaction per person,Value ($),,
ECTA.S4A2V,2012.03,13815.8,,F,Dollars,0,Electronic Card Transactions (ANZSIC06) - ECT,Electronic card transactions by mean and proportion,Actual,Mean value of transaction per person,Value ($),,
ECTA.S4A2V,2013.03,14345.2,,F,Dollars,0,Electronic Card Transactions (ANZSIC06) - ECT,Electronic card transactions by mean and proportion,Actual,Mean value of transaction per person,Value ($),,
ECTA.S4A2V,2014.03,15025.3,,F,Dollars,0,Electronic Card Transactions (ANZSIC06) - ECT,Electronic card transactions by mean and proportion,Actual,Mean value of transaction per person,Value ($),,
ECTA.S4A2V,2015.03,15384.7,,F,Dollars,0,Electronic Card Transactions (ANZSIC06) - ECT,Electronic card transactions by mean and proportion,Actual,Mean value of transaction per person,Value ($),,
ECTA.S4A2V,2016.03,15898.2,,F,Dollars,0,Electronic Card Transactions (ANZSIC06) - ECT,Electronic card transactions by mean and proportion,Actual,Mean value of transaction per person,Value ($),,
ECTA.S4A2V,2017.03,16634.8,,F,Dollars,0,Electronic Card Transactions (ANZSIC06) - ECT,Electronic card transactions by mean and proportion,Actual,Mean value of transaction per person,Value ($),,
ECTA.S4A2V,2018.03,17937.5,,F,Dollars,0,Electronic Card Transactions (ANZSIC06) - ECT,Electronic card transactions by mean and proportion,Actual,Mean value of transaction per person,Value ($),,
ECTA.S4A2V,2019.03,18421.1,,F,Dollars,0,Electronic Card Transactions (ANZSIC06) - ECT,Electronic card transactions by mean and proportion,Actual,Mean value of transaction per person,Value ($),,
ECTA.S4A2V,2020.03,18741.2,,F,Dollars,0,Electronic Card Transactions (ANZSIC06) - ECT,Electronic card transactions by mean and proportion,Actual,Mean value of transaction per person,Value ($),,
ECTA.S4A2V,2021.03,18328.2,,F,Dollars,0,Electronic Card Transactions (ANZSIC06) - ECT,Electronic card transactions by mean and proportion,Actual,Mean value of transaction per person,Value ($),,
ECTA.S4A2V,2022.03,19312.7,,F,Dollars,0,Electronic Card Transactions (ANZSIC06) - ECT,Electronic card transactions by mean and proportion,Actual,Mean value of transaction per person,Value ($),,
ECTA.S4A2V,2023.03,21196.7,,F,Dollars,0,Electronic Card Transactions (ANZSIC06) - ECT,Electronic card transactions by mean and proportion,Actual,Mean value of transaction per person,Value ($),,
ECTA.S4A2V,2024.03,21554.3,,F,Dollars,0,Electronic Card Transactions (ANZSIC06) - ECT,Electronic card transactions by mean and proportion,Actual,Mean value of transaction per person,Value ($),,
ECTA.S4A2V,2025.03,21203.4,,P,Dollars,0,Electronic Card Transactions (ANZSIC06) - ECT,Electronic card transactions by mean and proportion,Actual,Mean value of transaction per person,Value ($),,
ECTA.S4A2V,2026.03,20851.7,,P,Dollars,0,Electronic Card Transactions (ANZSIC06) - ECT,Electronic card transactions by mean and proportion,Actual,Mean value of transaction per person,Value ($),,
ECTA.S4A3N,2000.03,,,C,Number,0,Electronic Card Transactions (ANZSIC06) - ECT,Electronic card transactions by mean and proportion,Actual,Mean number of transactions per person,Number,,
ECTA.S4A3N,2001.03,,,C,Number,0,Electronic Card Transactions (ANZSIC06) - ECT,Electronic card transactions by mean and proportion,Actual,Mean number of transactions per person,Number,,
ECTA.S4A3N,2002.03,,,C,Number,0,Electronic Card Transactions (ANZSIC06) - ECT,Electronic card transactions by mean and proportion,Actual,Mean number of transactions per person,Number,,
ECTA.S4A3N,2003.03,,,C,Number,0,Electronic Card Transactions (ANZSIC06) - ECT,Electronic card transactions by mean and proportion,Actual,Mean number of transactions per person,Number,,
ECTA.S4A3N,2004.03,164.2,,F,Number,0,Electronic Card Transactions (ANZSIC06) - ECT,Electronic card transactions by mean and proportion,Actual,Mean number of transactions per person,Number,,
ECTA.S4A3N,2005.03,178.4,,F,Number,0,Electronic Card Transactions (ANZSIC06) - ECT,Electronic card transactions by mean and proportion,Actual,Mean number of transactions per person,Number,,
ECTA.S4A3N,2006.03,192.1,,F,Number,0,Electronic Card Transactions (ANZSIC06) - ECT,Electronic card transactions by mean and proportion,Actual,Mean number of transactions per person,Number,,
ECTA.S4A3N,2007.03,205.9,,F,Number,0,Electronic Card Transactions (ANZSIC06) - ECT,Electronic card transactions by mean and proportion,Actual,Mean number of transactions per person,Number,,
ECTA.S4A3N,2008.03,222.8,,F,Number,0,Electronic Card Transactions (ANZSIC06) - ECT,Electronic card transactions by mean and proportion,Actual,Mean number of transactions per person,Number,,
ECTA.S4A3N,2009.03,233.1,,F,Number,0,Electronic Card Transactions (ANZSIC06) - ECT,Electronic card transactions by mean and proportion,Actual,Mean number of transactions per person,Number,,
ECTA.S4A3N,2010.03,245,,F,Number,0,Electronic Card Transactions (ANZSIC06) - ECT,Electronic card transactions by mean and proportion,Actual,Mean number of transactions per person,Number,,
ECTA.S4A3N,2011.03,255.9,,F,Number,0,Electronic Card Transactions (ANZSIC06) - ECT,Electronic card transactions by mean and proportion,Actual,Mean number of transactions per person,Number,,
ECTA.S4A3N,2012.03,268.1,,F,Number,0,Electronic Card Transactions (ANZSIC06) - ECT,Electronic card transactions by mean and proportion,Actual,Mean number of transactions per person,Number,,
ECTA.S4A3N,2013.03,279.5,,F,Number,0,Electronic Card Transactions (ANZSIC06) - ECT,Electronic card transactions by mean and proportion,Actual,Mean number of transactions per person,Number,,
ECTA.S4A3N,2014.03,292.9,,F,Number,0,Electronic Card Transactions (ANZSIC06) - ECT,Electronic card transactions by mean and proportion,Actual,Mean number of transactions per person,Number,,
ECTA.S4A3N,2015.03,303.6,,F,Number,0,Electronic Card Transactions (ANZSIC06) - ECT,Electronic card transactions by mean and proportion,Actual,Mean number of transactions per person,Number,,
ECTA.S4A3N,2016.03,314.7,,F,Number,0,Electronic Card Transactions (ANZSIC06) - ECT,Electronic card transactions by mean and proportion,Actual,Mean number of transactions per person,Number,,
ECTA.S4A3N,2017.03,331.2,,F,Number,0,Electronic Card Transactions (ANZSIC06) - ECT,Electronic card transactions by mean and proportion,Actual,Mean number of transactions per person,Number,,
ECTA.S4A3N,2018.03,352.5,,F,Number,0,Electronic Card Transactions (ANZSIC06) - ECT,Electronic card transactions by mean and proportion,Actual,Mean number of transactions per person,Number,,
ECTA.S4A3N,2019.03,363.1,,F,Number,0,Electronic Card Transactions (ANZSIC06) - ECT,Electronic card transactions by mean and proportion,Actual,Mean number of transactions per person,Number,,
ECTA.S4A3N,2020.03,367.9,,F,Number,0,Electronic Card Transactions (ANZSIC06) - ECT,Electronic card transactions by mean and proportion,Actual,Mean number of transactions per person,Number,,
ECTA.S4A3N,2021.03,349.5,,F,Number,0,Electronic Card Transactions (ANZSIC06) - ECT,Electronic card transactions by mean and proportion,Actual,Mean number of transactions per person,Number,,
ECTA.S4A3N,2022.03,356.9,,F,Number,0,Electronic Card Transactions (ANZSIC06) - ECT,Electronic card transactions by mean and proportion,Actual,Mean number of transactions per person,Number,,
ECTA.S4A3N,2023.03,380.9,,F,Number,0,Electronic Card Transactions (ANZSIC06) - ECT,Electronic card transactions by mean and proportion,Actual,Mean number of transactions per person,Number,,
ECTA.S4A3N,2024.03,386.6,,F,Number,0,Electronic Card Transactions (ANZSIC06) - ECT,Electronic card transactions by mean and proportion,Actual,Mean number of transactions per person,Number,,
ECTA.S4A3N,2025.03,385.2,,P,Number,0,Electronic Card Transactions (ANZSIC06) - ECT,Electronic card transactions by mean and proportion,Actual,Mean number of transactions per person,Number,,
ECTA.S4A3N,2026.03,382.3,,P,Number,0,Electronic Card Transactions (ANZSIC06) - ECT,Electronic card transactions by mean and proportion,Actual,Mean number of transactions per person,Number,,
ECTA.S4ACP,2000.03,,,C,Percent,0,Electronic Card Transactions (ANZSIC06) - ECT,Electronic card transactions by mean and proportion,Actual,ECT core retail as a proportion of core Retail Trade Survey,Proportion (%),,
ECTA.S4ACP,2001.03,,,C,Percent,0,Electronic Card Transactions (ANZSIC06) - ECT,Electronic card transactions by mean and proportion,Actual,ECT core retail as a proportion of core Retail Trade Survey,Proportion (%),,
ECTA.S4ACP,2002.03,,,C,Percent,0,Electronic Card Transactions (ANZSIC06) - ECT,Electronic card transactions by mean and proportion,Actual,ECT core retail as a proportion of core Retail Trade Survey,Proportion (%),,
ECTA.S4ACP,2003.03,,,C,Percent,0,Electronic Card Transactions (ANZSIC06) - ECT,Electronic card transactions by mean and proportion,Actual,ECT core retail as a proportion of core Retail Trade Survey,Proportion (%),,
ECTA.S4ACP,2004.03,57.4,,F,Percent,0,Electronic Card Transactions (ANZSIC06) - ECT,Electronic card transactions by mean and proportion,Actual,ECT core retail as a proportion of core Retail Trade Survey,Proportion (%),,
ECTA.S4ACP,2005.03,57.4,,F,Percent,0,Electronic Card Transactions (ANZSIC06) - ECT,Electronic card transactions by mean and proportion,Actual,ECT core retail as a proportion of core Retail Trade Survey,Proportion (%),,
ECTA.S4ACP,2006.03,57.8,,F,Percent,0,Electronic Card Transactions (ANZSIC06) - ECT,Electronic card transactions by mean and proportion,Actual,ECT core retail as a proportion of core Retail Trade Survey,Proportion (%),,
ECTA.S4ACP,2007.03,58.3,,F,Percent,0,Electronic Card Transactions (ANZSIC06) - ECT,Electronic card transactions by mean and proportion,Actual,ECT core retail as a proportion of core Retail Trade Survey,Proportion (%),,
ECTA.S4ACP,2008.03,60.6,,F,Percent,0,Electronic Card Transactions (ANZSIC06) - ECT,Electronic card transactions by mean and proportion,Actual,ECT core retail as a proportion of core Retail Trade Survey,Proportion (%),,
ECTA.S4ACP,2009.03,62.4,,F,Percent,0,Electronic Card Transactions (ANZSIC06) - ECT,Electronic card transactions by mean and proportion,Actual,ECT core retail as a proportion of core Retail Trade Survey,Proportion (%),,
ECTA.S4ACP,2010.03,62.7,,F,Percent,0,Electronic Card Transactions (ANZSIC06) - ECT,Electronic card transactions by mean and proportion,Actual,ECT core retail as a proportion of core Retail Trade Survey,Proportion (%),,
ECTA.S4ACP,2011.03,63.3,,F,Percent,0,Electronic Card Transactions (ANZSIC06) - ECT,Electronic card transactions by mean and proportion,Actual,ECT core retail as a proportion of core Retail Trade Survey,Proportion (%),,
ECTA.S4ACP,2012.03,63.9,,F,Percent,0,Electronic Card Transactions (ANZSIC06) - ECT,Electronic card transactions by mean and proportion,Actual,ECT core retail as a proportion of core Retail Trade Survey,Proportion (%),,
ECTA.S4ACP,2013.03,64.9,,F,Percent,0,Electronic Card Transactions (ANZSIC06) - ECT,Electronic card transactions by mean and proportion,Actual,ECT core retail as a proportion of core Retail Trade Survey,Proportion (%),,
ECTA.S4ACP,2014.03,65.5,,F,Percent,0,Electronic Card Transactions (ANZSIC06) - ECT,Electronic card transactions by mean and proportion,Actual,ECT core retail as a proportion of core Retail Trade Survey,Proportion (%),,
ECTA.S4ACP,2015.03,65.8,,F,Percent,0,Electronic Card Transactions (ANZSIC06) - ECT,Electronic card transactions by mean and proportion,Actual,ECT core retail as a proportion of core Retail Trade Survey,Proportion (%),,
ECTA.S4ACP,2016.03,66.7,,F,Percent,0,Electronic Card Transactions (ANZSIC06) - ECT,Electronic card transactions by mean and proportion,Actual,ECT core retail as a proportion of core Retail Trade Survey,Proportion (%),,
ECTA.S4ACP,2017.03,67.3,,F,Percent,0,Electronic Card Transactions (ANZSIC06) - ECT,Electronic card transactions by mean and proportion,Actual,ECT core retail as a proportion of core Retail Trade Survey,Proportion (%),,
ECTA.S4ACP,2018.03,69.3,,F,Percent,0,Electronic Card Transactions (ANZSIC06) - ECT,Electronic card transactions by mean and proportion,Actual,ECT core retail as a proportion of core Retail Trade Survey,Proportion (%),,
ECTA.S4ACP,2019.03,69.4,,F,Percent,0,Electronic Card Transactions (ANZSIC06) - ECT,Electronic card transactions by mean and proportion,Actual,ECT core retail as a proportion of core Retail Trade Survey,Proportion (%),,
ECTA.S4ACP,2020.03,69.4,,F,Percent,0,Electronic Card Transactions (ANZSIC06) - ECT,Electronic card transactions by mean and proportion,Actual,ECT core retail as a proportion of core Retail Trade Survey,Proportion (%),,
ECTA.S4ACP,2021.03,69,,F,Percent,0,Electronic Card Transactions (ANZSIC06) - ECT,Electronic card transactions by mean and proportion,Actual,ECT core retail as a proportion of core Retail Trade Survey,Proportion (%),,
ECTA.S4ACP,2022.03,65.8,,F,Percent,0,Electronic Card Transactions (ANZSIC06) - ECT,Electronic card transactions by mean and proportion,Actual,ECT core retail as a proportion of core Retail Trade Survey,Proportion (%),,
ECTA.S4ACP,2023.03,67.4,,F,Percent,0,Electronic Card Transactions (ANZSIC06) - ECT,Electronic card transactions by mean and proportion,Actual,ECT core retail as a proportion of core Retail Trade Survey,Proportion (%),,
ECTA.S4ACP,2024.03,68.7,,F,Percent,0,Electronic Card Transactions (ANZSIC06) - ECT,Electronic card transactions by mean and proportion,Actual,ECT core retail as a proportion of core Retail Trade Survey,Proportion (%),,
ECTA.S4ACP,2025.03,67.7,,F,Percent,0,Electronic Card Transactions (ANZSIC06) - ECT,Electronic card transactions by mean and proportion,Actual,ECT core retail as a proportion of core Retail Trade Survey,Proportion (%),,
ECTA.S4ACP,2026.03,65.6,,F,Percent,0,Electronic Card Transactions (ANZSIC06) - ECT,Electronic card transactions by mean and proportion,Actual,ECT core retail as a proportion of core Retail Trade Survey,Proportion (%),,
ECTA.S4ARP,2000.03,,,C,Percent,0,Electronic Card Transactions (ANZSIC06) - ECT,Electronic card transactions by mean and proportion,Actual,ECT retail as a proportion of total Retail Trade Survey,Proportion (%),,
ECTA.S4ARP,2001.03,,,C,Percent,0,Electronic Card Transactions (ANZSIC06) - ECT,Electronic card transactions by mean and proportion,Actual,ECT retail as a proportion of total Retail Trade Survey,Proportion (%),,
ECTA.S4ARP,2002.03,,,C,Percent,0,Electronic Card Transactions (ANZSIC06) - ECT,Electronic card transactions by mean and proportion,Actual,ECT retail as a proportion of total Retail Trade Survey,Proportion (%),,
ECTA.S4ARP,2003.03,,,C,Percent,0,Electronic Card Transactions (ANZSIC06) - ECT,Electronic card transactions by mean and proportion,Actual,ECT retail as a proportion of total Retail Trade Survey,Proportion (%),,
ECTA.S4ARP,2004.03,49.6,,F,Percent,0,Electronic Card Transactions (ANZSIC06) - ECT,Electronic card transactions by mean and proportion,Actual,ECT retail as a proportion of total Retail Trade Survey,Proportion (%),,
ECTA.S4ARP,2005.03,49.7,,F,Percent,0,Electronic Card Transactions (ANZSIC06) - ECT,Electronic card transactions by mean and proportion,Actual,ECT retail as a proportion of total Retail Trade Survey,Proportion (%),,
ECTA.S4ARP,2006.03,51,,F,Percent,0,Electronic Card Transactions (ANZSIC06) - ECT,Electronic card transactions by mean and proportion,Actual,ECT retail as a proportion of total Retail Trade Survey,Proportion (%),,
ECTA.S4ARP,2007.03,52.3,,F,Percent,0,Electronic Card Transactions (ANZSIC06) - ECT,Electronic card transactions by mean and proportion,Actual,ECT retail as a proportion of total Retail Trade Survey,Proportion (%),,
ECTA.S4ARP,2008.03,53.8,,F,Percent,0,Electronic Card Transactions (ANZSIC06) - ECT,Electronic card transactions by mean and proportion,Actual,ECT retail as a proportion of total Retail Trade Survey,Proportion (%),,
ECTA.S4ARP,2009.03,56.7,,F,Percent,0,Electronic Card Transactions (ANZSIC06) - ECT,Electronic card transactions by mean and proportion,Actual,ECT retail as a proportion of total Retail Trade Survey,Proportion (%),,
ECTA.S4ARP,2010.03,57.4,,F,Percent,0,Electronic Card Transactions (ANZSIC06) - ECT,Electronic card transactions by mean and proportion,Actual,ECT retail as a proportion of total Retail Trade Survey,Proportion (%),,
ECTA.S4ARP,2011.03,57.6,,F,Percent,0,Electronic Card Transactions (ANZSIC06) - ECT,Electronic card transactions by mean and proportion,Actual,ECT retail as a proportion of total Retail Trade Survey,Proportion (%),,
ECTA.S4ARP,2012.03,58.1,,F,Percent,0,Electronic Card Transactions (ANZSIC06) - ECT,Electronic card transactions by mean and proportion,Actual,ECT retail as a proportion of total Retail Trade Survey,Proportion (%),,
ECTA.S4ARP,2013.03,58.9,,F,Percent,0,Electronic Card Transactions (ANZSIC06) - ECT,Electronic card transactions by mean and proportion,Actual,ECT retail as a proportion of total Retail Trade Survey,Proportion (%),,
ECTA.S4ARP,2014.03,60.1,,F,Percent,0,Electronic Card Transactions (ANZSIC06) - ECT,Electronic card transactions by mean and proportion,Actual,ECT retail as a proportion of total Retail Trade Survey,Proportion (%),,
ECTA.S4ARP,2015.03,60.1,,F,Percent,0,Electronic Card Transactions (ANZSIC06) - ECT,Electronic card transactions by mean and proportion,Actual,ECT retail as a proportion of total Retail Trade Survey,Proportion (%),,
ECTA.S4ARP,2016.03,60.6,,F,Percent,0,Electronic Card Transactions (ANZSIC06) - ECT,Electronic card transactions by mean and proportion,Actual,ECT retail as a proportion of total Retail Trade Survey,Proportion (%),,
ECTA.S4ARP,2017.03,60.8,,F,Percent,0,Electronic Card Transactions (ANZSIC06) - ECT,Electronic card transactions by mean and proportion,Actual,ECT retail as a proportion of total Retail Trade Survey,Proportion (%),,
ECTA.S4ARP,2018.03,62.2,,F,Percent,0,Electronic Card Transactions (ANZSIC06) - ECT,Electronic card transactions by mean and proportion,Actual,ECT retail as a proportion of total Retail Trade Survey,Proportion (%),,
ECTA.S4ARP,2019.03,62.2,,F,Percent,0,Electronic Card Transactions (ANZSIC06) - ECT,Electronic card transactions by mean and proportion,Actual,ECT retail as a proportion of total Retail Trade Survey,Proportion (%),,
ECTA.S4ARP,2020.03,62,,F,Percent,0,Electronic Card Transactions (ANZSIC06) - ECT,Electronic card transactions by mean and proportion,Actual,ECT retail as a proportion of total Retail Trade Survey,Proportion (%),,
ECTA.S4ARP,2021.03,61.1,,F,Percent,0,Electronic Card Transactions (ANZSIC06) - ECT,Electronic card transactions by mean and proportion,Actual,ECT retail as a proportion of total Retail Trade Survey,Proportion (%),,
ECTA.S4ARP,2022.03,57.7,,F,Percent,0,Electronic Card Transactions (ANZSIC06) - ECT,Electronic card transactions by mean and proportion,Actual,ECT retail as a proportion of total Retail Trade Survey,Proportion (%),,
ECTA.S4ARP,2023.03,59.3,,F,Percent,0,Electronic Card Transactions (ANZSIC06) - ECT,Electronic card transactions by mean and proportion,Actual,ECT retail as a proportion of total Retail Trade Survey,Proportion (%),,
ECTA.S4ARP,2024.03,60.7,,F,Percent,0,Electronic Card Transactions (ANZSIC06) - ECT,Electronic card transactions by mean and proportion,Actual,ECT retail as a proportion of total Retail Trade Survey,Proportion (%),,
ECTA.S4ARP,2025.03,59.8,,F,Percent,0,Electronic Card Transactions (ANZSIC06) - ECT,Electronic card transactions by mean and proportion,Actual,ECT retail as a proportion of total Retail Trade Survey,Proportion (%),,
ECTA.S4ARP,2026.03,57.5,,F,Percent,0,Electronic Card Transactions (ANZSIC06) - ECT,Electronic card transactions by mean and proportion,Actual,ECT retail as a proportion of total Retail Trade Survey,Proportion (%),,
ECTA.S4AWP,2000.03,,,C,Percent,0,Electronic Card Transactions (ANZSIC06) - ECT,Electronic card transactions by mean and proportion,Actual,Credit card usage as a proportion of total ECT value,Proportion (%),,
ECTA.S4AWP,2001.03,,,C,Percent,0,Electronic Card Transactions (ANZSIC06) - ECT,Electronic card transactions by mean and proportion,Actual,Credit card usage as a proportion of total ECT value,Proportion (%),,
ECTA.S4AWP,2002.03,,,C,Percent,0,Electronic Card Transactions (ANZSIC06) - ECT,Electronic card transactions by mean and proportion,Actual,Credit card usage as a proportion of total ECT value,Proportion (%),,
ECTA.S4AWP,2003.03,,,C,Percent,0,Electronic Card Transactions (ANZSIC06) - ECT,Electronic card transactions by mean and proportion,Actual,Credit card usage as a proportion of total ECT value,Proportion (%),,
ECTA.S4AWP,2004.03,44.2,,F,Percent,0,Electronic Card Transactions (ANZSIC06) - ECT,Electronic card transactions by mean and proportion,Actual,Credit card usage as a proportion of total ECT value,Proportion (%),,
ECTA.S4AWP,2005.03,45.3,,F,Percent,0,Electronic Card Transactions (ANZSIC06) - ECT,Electronic card transactions by mean and proportion,Actual,Credit card usage as a proportion of total ECT value,Proportion (%),,
ECTA.S4AWP,2006.03,45.6,,F,Percent,0,Electronic Card Transactions (ANZSIC06) - ECT,Electronic card transactions by mean and proportion,Actual,Credit card usage as a proportion of total ECT value,Proportion (%),,
ECTA.S4AWP,2007.03,45.8,,F,Percent,0,Electronic Card Transactions (ANZSIC06) - ECT,Electronic card transactions by mean and proportion,Actual,Credit card usage as a proportion of total ECT value,Proportion (%),,
ECTA.S4AWP,2008.03,45.5,,F,Percent,0,Electronic Card Transactions (ANZSIC06) - ECT,Electronic card transactions by mean and proportion,Actual,Credit card usage as a proportion of total ECT value,Proportion (%),,
ECTA.S4AWP,2009.03,44.8,,F,Percent,0,Electronic Card Transactions (ANZSIC06) - ECT,Electronic card transactions by mean and proportion,Actual,Credit card usage as a proportion of total ECT value,Proportion (%),,
ECTA.S4AWP,2010.03,43.1,,F,Percent,0,Electronic Card Transactions (ANZSIC06) - ECT,Electronic card transactions by mean and proportion,Actual,Credit card usage as a proportion of total ECT value,Proportion (%),,
ECTA.S4AWP,2011.03,42.4,,F,Percent,0,Electronic Card Transactions (ANZSIC06) - ECT,Electronic card transactions by mean and proportion,Actual,Credit card usage as a proportion of total ECT value,Proportion (%),,
ECTA.S4AWP,2012.03,42.2,,F,Percent,0,Electronic Card Transactions (ANZSIC06) - ECT,Electronic card transactions by mean and proportion,Actual,Credit card usage as a proportion of total ECT value,Proportion (%),,
ECTA.S4AWP,2013.03,42.1,,F,Percent,0,Electronic Card Transactions (ANZSIC06) - ECT,Electronic card transactions by mean and proportion,Actual,Credit card usage as a proportion of total ECT value,Proportion (%),,
ECTA.S4AWP,2014.03,43.1,,F,Percent,0,Electronic Card Transactions (ANZSIC06) - ECT,Electronic card transactions by mean and proportion,Actual,Credit card usage as a proportion of total ECT value,Proportion (%),,
ECTA.S4AWP,2015.03,43.7,,F,Percent,0,Electronic Card Transactions (ANZSIC06) - ECT,Electronic card transactions by mean and proportion,Actual,Credit card usage as a proportion of total ECT value,Proportion (%),,
ECTA.S4AWP,2016.03,45.3,,F,Percent,0,Electronic Card Transactions (ANZSIC06) - ECT,Electronic card transactions by mean and proportion,Actual,Credit card usage as a proportion of total ECT value,Proportion (%),,
ECTA.S4AWP,2017.03,48.6,,F,Percent,0,Electronic Card Transactions (ANZSIC06) - ECT,Electronic card transactions by mean and proportion,Actual,Credit card usage as a proportion of total ECT value,Proportion (%),,
ECTA.S4AWP,2018.03,53.6,,F,Percent,0,Electronic Card Transactions (ANZSIC06) - ECT,Electronic card transactions by mean and proportion,Actual,Credit card usage as a proportion of total ECT value,Proportion (%),,
ECTA.S4AWP,2019.03,55.7,,F,Percent,0,Electronic Card Transactions (ANZSIC06) - ECT,Electronic card transactions by mean and proportion,Actual,Credit card usage as a proportion of total ECT value,Proportion (%),,
ECTA.S4AWP,2020.03,56.3,,F,Percent,0,Electronic Card Transactions (ANZSIC06) - ECT,Electronic card transactions by mean and proportion,Actual,Credit card usage as a proportion of total ECT value,Proportion (%),,
ECTA.S4AWP,2021.03,61.9,,F,Percent,0,Electronic Card Transactions (ANZSIC06) - ECT,Electronic card transactions by mean and proportion,Actual,Credit card usage as a proportion of total ECT value,Proportion (%),,
ECTA.S4AWP,2022.03,65,,F,Percent,0,Electronic Card Transactions (ANZSIC06) - ECT,Electronic card transactions by mean and proportion,Actual,Credit card usage as a proportion of total ECT value,Proportion (%),,
ECTA.S4AWP,2023.03,66.9,,F,Percent,0,Electronic Card Transactions (ANZSIC06) - ECT,Electronic card transactions by mean and proportion,Actual,Credit card usage as a proportion of total ECT value,Proportion (%),,
ECTA.S4AWP,2024.03,67,,F,Percent,0,Electronic Card Transactions (ANZSIC06) - ECT,Electronic card transactions by mean and proportion,Actual,Credit card usage as a proportion of total ECT value,Proportion (%),,
ECTA.S4AWP,2025.03,68.7,,F,Percent,0,Electronic Card Transactions (ANZSIC06) - ECT,Electronic card transactions by mean and proportion,Actual,Credit card usage as a proportion of total ECT value,Proportion (%),,
ECTA.S4AWP,2026.03,69.3,,F,Percent,0,Electronic Card Transactions (ANZSIC06) - ECT,Electronic card transactions by mean and proportion,Actual,Credit card usage as a proportion of total ECT value,Proportion (%),,
ECTA.S4AXP,2000.03,,,C,Percent,0,Electronic Card Transactions (ANZSIC06) - ECT,Electronic card transactions by mean and proportion,Actual,Debit card usage as a proportion of total ECT value,Proportion (%),,
ECTA.S4AXP,2001.03,,,C,Percent,0,Electronic Card Transactions (ANZSIC06) - ECT,Electronic card transactions by mean and proportion,Actual,Debit card usage as a proportion of total ECT value,Proportion (%),,
ECTA.S4AXP,2002.03,,,C,Percent,0,Electronic Card Transactions (ANZSIC06) - ECT,Electronic card transactions by mean and proportion,Actual,Debit card usage as a proportion of total ECT value,Proportion (%),,
ECTA.S4AXP,2003.03,,,C,Percent,0,Electronic Card Transactions (ANZSIC06) - ECT,Electronic card transactions by mean and proportion,Actual,Debit card usage as a proportion of total ECT value,Proportion (%),,
ECTA.S4AXP,2004.03,55.8,,F,Percent,0,Electronic Card Transactions (ANZSIC06) - ECT,Electronic card transactions by mean and proportion,Actual,Debit card usage as a proportion of total ECT value,Proportion (%),,
ECTA.S4AXP,2005.03,54.7,,F,Percent,0,Electronic Card Transactions (ANZSIC06) - ECT,Electronic card transactions by mean and proportion,Actual,Debit card usage as a proportion of total ECT value,Proportion (%),,
ECTA.S4AXP,2006.03,54.4,,F,Percent,0,Electronic Card Transactions (ANZSIC06) - ECT,Electronic card transactions by mean and proportion,Actual,Debit card usage as a proportion of total ECT value,Proportion (%),,
ECTA.S4AXP,2007.03,54.2,,F,Percent,0,Electronic Card Transactions (ANZSIC06) - ECT,Electronic card transactions by mean and proportion,Actual,Debit card usage as a proportion of total ECT value,Proportion (%),,
ECTA.S4AXP,2008.03,54.5,,F,Percent,0,Electronic Card Transactions (ANZSIC06) - ECT,Electronic card transactions by mean and proportion,Actual,Debit card usage as a proportion of total ECT value,Proportion (%),,
ECTA.S4AXP,2009.03,55.2,,F,Percent,0,Electronic Card Transactions (ANZSIC06) - ECT,Electronic card transactions by mean and proportion,Actual,Debit card usage as a proportion of total ECT value,Proportion (%),,
ECTA.S4AXP,2010.03,56.9,,F,Percent,0,Electronic Card Transactions (ANZSIC06) - ECT,Electronic card transactions by mean and proportion,Actual,Debit card usage as a proportion of total ECT value,Proportion (%),,
ECTA.S4AXP,2011.03,57.6,,F,Percent,0,Electronic Card Transactions (ANZSIC06) - ECT,Electronic card transactions by mean and proportion,Actual,Debit card usage as a proportion of total ECT value,Proportion (%),,
ECTA.S4AXP,2012.03,57.8,,F,Percent,0,Electronic Card Transactions (ANZSIC06) - ECT,Electronic card transactions by mean and proportion,Actual,Debit card usage as a proportion of total ECT value,Proportion (%),,
ECTA.S4AXP,2013.03,57.9,,F,Percent,0,Electronic Card Transactions (ANZSIC06) - ECT,Electronic card transactions by mean and proportion,Actual,Debit card usage as a proportion of total ECT value,Proportion (%),,
ECTA.S4AXP,2014.03,56.9,,F,Percent,0,Electronic Card Transactions (ANZSIC06) - ECT,Electronic card transactions by mean and proportion,Actual,Debit card usage as a proportion of total ECT value,Proportion (%),,
ECTA.S4AXP,2015.03,56.3,,F,Percent,0,Electronic Card Transactions (ANZSIC06) - ECT,Electronic card transactions by mean and proportion,Actual,Debit card usage as a proportion of total ECT value,Proportion (%),,
ECTA.S4AXP,2016.03,54.7,,F,Percent,0,Electronic Card Transactions (ANZSIC06) - ECT,Electronic card transactions by mean and proportion,Actual,Debit card usage as a proportion of total ECT value,Proportion (%),,
ECTA.S4AXP,2017.03,51.4,,F,Percent,0,Electronic Card Transactions (ANZSIC06) - ECT,Electronic card transactions by mean and proportion,Actual,Debit card usage as a proportion of total ECT value,Proportion (%),,
ECTA.S4AXP,2018.03,46.4,,F,Percent,0,Electronic Card Transactions (ANZSIC06) - ECT,Electronic card transactions by mean and proportion,Actual,Debit card usage as a proportion of total ECT value,Proportion (%),,
ECTA.S4AXP,2019.03,44.3,,F,Percent,0,Electronic Card Transactions (ANZSIC06) - ECT,Electronic card transactions by mean and proportion,Actual,Debit card usage as a proportion of total ECT value,Proportion (%),,
ECTA.S4AXP,2020.03,43.7,,F,Percent,0,Electronic Card Transactions (ANZSIC06) - ECT,Electronic card transactions by mean and proportion,Actual,Debit card usage as a proportion of total ECT value,Proportion (%),,
ECTA.S4AXP,2021.03,38.1,,F,Percent,0,Electronic Card Transactions (ANZSIC06) - ECT,Electronic card transactions by mean and proportion,Actual,Debit card usage as a proportion of total ECT value,Proportion (%),,
ECTA.S4AXP,2022.03,35,,F,Percent,0,Electronic Card Transactions (ANZSIC06) - ECT,Electronic card transactions by mean and proportion,Actual,Debit card usage as a proportion of total ECT value,Proportion (%),,
ECTA.S4AXP,2023.03,33.1,,F,Percent,0,Electronic Card Transactions (ANZSIC06) - ECT,Electronic card transactions by mean and proportion,Actual,Debit card usage as a proportion of total ECT value,Proportion (%),,
ECTA.S4AXP,2024.03,33,,F,Percent,0,Electronic Card Transactions (ANZSIC06) - ECT,Electronic card transactions by mean and proportion,Actual,Debit card usage as a proportion of total ECT value,Proportion (%),,
ECTA.S4AXP,2025.03,31.3,,F,Percent,0,Electronic Card Transactions (ANZSIC06) - ECT,Electronic card transactions by mean and proportion,Actual,Debit card usage as a proportion of total ECT value,Proportion (%),,
ECTA.S4AXP,2026.03,30.7,,F,Percent,0,Electronic Card Transactions (ANZSIC06) - ECT,Electronic card transactions by mean and proportion,Actual,Debit card usage as a proportion of total ECT value,Proportion (%),,
ECTM.S19A1,2000.01,,,C,Dollars,6,Electronic Card Transactions (ANZSIC06) - ECT,Total values - Electronic card transactions A/S/T by division,Actual,RTS total industries,,,
ECTM.S19A1,2000.02,,,C,Dollars,6,Electronic Card Transactions (ANZSIC06) - ECT,Total values - Electronic card transactions A/S/T by division,Actual,RTS total industries,,,
ECTM.S19A1,2000.03,,,C,Dollars,6,Electronic Card Transactions (ANZSIC06) - ECT,Total values - Electronic card transactions A/S/T by division,Actual,RTS total industries,,,
ECTM.S19A1,2000.04,,,C,Dollars,6,Electronic Card Transactions (ANZSIC06) - ECT,Total values - Electronic card transactions A/S/T by division,Actual,RTS total industries,,,
ECTM.S19A1,2000.05,,,C,Dollars,6,Electronic Card Transactions (ANZSIC06) - ECT,Total values - Electronic card transactions A/S/T by division,Actual,RTS total industries,,,
ECTM.S19A1,2000.06,,,C,Dollars,6,Electronic Card Transactions (ANZSIC06) - ECT,Total values - Electronic card transactions A/S/T by division,Actual,RTS total industries,,,
ECTM.S19A1,2000.07,,,C,Dollars,6,Electronic Card Transactions (ANZSIC06) - ECT,Total values - Electronic card transactions A/S/T by division,Actual,RTS total industries,,,
ECTM.S19A1,2000.08,,,C,Dollars,6,Electronic Card Transactions (ANZSIC06) - ECT,Total values - Electronic card transactions A/S/T by division,Actual,RTS total industries,,,
ECTM.S19A1,2000.09,,,C,Dollars,6,Electronic Card Transactions (ANZSIC06) - ECT,Total values - Electronic card transactions A/S/T by division,Actual,RTS total industries,,,
ECTM.S19A1,2000.10,,,C,Dollars,6,Electronic Card Transactions (ANZSIC06) - ECT,Total values - Electronic card transactions A/S/T by division,Actual,RTS total industries,,,
ECTM.S19A1,2000.11,,,C,Dollars,6,Electronic Card Transactions (ANZSIC06) - ECT,Total values - Electronic card transactions A/S/T by division,Actual,RTS total industries,,,
ECTM.S19A1,2000.12,,,C,Dollars,6,Electronic Card Transactions (ANZSIC06) - ECT,Total values - Electronic card transactions A/S/T by division,Actual,RTS total industries,,,
ECTM.S19A1,2001.01,,,C,Dollars,6,Electronic Card Transactions (ANZSIC06) - ECT,Total values - Electronic card transactions A/S/T by division,Actual,RTS total industries,,,
ECTM.S19A1,2001.02,,,C,Dollars,6,Electronic Card Transactions (ANZSIC06) - ECT,Total values - Electronic card transactions A/S/T by division,Actual,RTS total industries,,,
ECTM.S19A1,2001.03,,,C,Dollars,6,Electronic Card Transactions (ANZSIC06) - ECT,Total values - Electronic card transactions A/S/T by division,Actual,RTS total industries,,,
ECTM.S19A1,2001.04,,,C,Dollars,6,Electronic Card Transactions (ANZSIC06) - ECT,Total values - Electronic card transactions A/S/T by division,Actual,RTS total industries,,,
ECTM.S19A1,2001.05,,,C,Dollars,6,Electronic Card Transactions (ANZSIC06) - ECT,Total values - Electronic card transactions A/S/T by division,Actual,RTS total industries,,,
ECTM.S19A1,2001.06,,,C,Dollars,6,Electronic Card Transactions (ANZSIC06) - ECT,Total values - Electronic card transactions A/S/T by division,Actual,RTS total industries,,,
ECTM.S19A1,2001.07,,,C,Dollars,6,Electronic Card Transactions (ANZSIC06) - ECT,Total values - Electronic card transactions A/S/T by division,Actual,RTS total industries,,,
ECTM.S19A1,2001.08,,,C,Dollars,6,Electronic Card Transactions (ANZSIC06) - ECT,Total values - Electronic card transactions A/S/T by division,Actual,RTS total industries,,,
ECTM.S19A1,2001.09,,,C,Dollars,6,Electronic Card Transactions (ANZSIC06) - ECT,Total values - Electronic card transactions A/S/T by division,Actual,RTS total industries,,,
ECTM.S19A1,2001.10,,,C,Dollars,6,Electronic Card Transactions (ANZSIC06) - ECT,Total values - Electronic card transactions A/S/T by division,Actual,RTS total industries,,,
ECTM.S19A1,2001.11,,,C,Dollars,6,Electronic Card Transactions (ANZSIC06) - ECT,Total values - Electronic card transactions A/S/T by division,Actual,RTS total industries,,,
ECTM.S19A1,2001.12,,,C,Dollars,6,Electronic Card Transactions (ANZSIC06) - ECT,Total values - Electronic card transactions A/S/T by division,Actual,RTS total industries,,,
ECTM.S19A1,2002.01,,,C,Dollars,6,Electronic Card Transactions (ANZSIC06) - ECT,Total values - Electronic card transactions A/S/T by division,Actual,RTS total industries,,,
ECTM.S19A1,2002.02,,,C,Dollars,6,Electronic Card Transactions (ANZSIC06) - ECT,Total values - Electronic card transactions A/S/T by division,Actual,RTS total industries,,,
ECTM.S19A1,2002.03,,,C,Dollars,6,Electronic Card Transactions (ANZSIC06) - ECT,Total values - Electronic card transactions A/S/T by division,Actual,RTS total industries,,,
ECTM.S19A1,2002.04,,,C,Dollars,6,Electronic Card Transactions (ANZSIC06) - ECT,Total values - Electronic card transactions A/S/T by division,Actual,RTS total industries,,,
ECTM.S19A1,2002.05,,,C,Dollars,6,Electronic Card Transactions (ANZSIC06) - ECT,Total values - Electronic card transactions A/S/T by division,Actual,RTS total industries,,,
ECTM.S19A1,2002.06,,,C,Dollars,6,Electronic Card Transactions (ANZSIC06) - ECT,Total values - Electronic card transactions A/S/T by division,Actual,RTS total industries,,,
ECTM.S19A1,2002.07,,,C,Dollars,6,Electronic Card Transactions (ANZSIC06) - ECT,Total values - Electronic card transactions A/S/T by division,Actual,RTS total industries,,,
ECTM.S19A1,2002.08,,,C,Dollars,6,Electronic Card Transactions (ANZSIC06) - ECT,Total values - Electronic card transactions A/S/T by division,Actual,RTS total industries,,,
ECTM.S19A1,2002.09,,,C,Dollars,6,Electronic Card Transactions (ANZSIC06) - ECT,Total values - Electronic card transactions A/S/T by division,Actual,RTS total industries,,,
ECTM.S19A1,2002.10,2182.6,,F,Dollars,6,Electronic Card Transactions (ANZSIC06) - ECT,Total values - Electronic card transactions A/S/T by division,Actual,RTS total industries,,,
ECTM.S19A1,2002.11,2231.4,,F,Dollars,6,Electronic Card Transactions (ANZSIC06) - ECT,Total values - Electronic card transactions A/S/T by division,Actual,RTS total industries,,,
ECTM.S19A1,2002.12,2811.6,,F,Dollars,6,Electronic Card Transactions (ANZSIC06) - ECT,Total values - Electronic card transactions A/S/T by division,Actual,RTS total industries,,,
ECTM.S19A1,2003.01,2212.9,,F,Dollars,6,Electronic Card Transactions (ANZSIC06) - ECT,Total values - Electronic card transactions A/S/T by division,Actual,RTS total industries,,,
ECTM.S19A1,2003.02,2058.6,,F,Dollars,6,Electronic Card Transactions (ANZSIC06) - ECT,Total values - Electronic card transactions A/S/T by division,Actual,RTS total industries,,,
ECTM.S19A1,2003.03,2256,,F,Dollars,6,Electronic Card Transactions (ANZSIC06) - ECT,Total values - Electronic card transactions A/S/T by division,Actual,RTS total industries,,,
ECTM.S19A1,2003.04,2183,,F,Dollars,6,Electronic Card Transactions (ANZSIC06) - ECT,Total values - Electronic card transactions A/S/T by division,Actual,RTS total industries,,,
ECTM.S19A1,2003.05,2217.7,,F,Dollars,6,Electronic Card Transactions (ANZSIC06) - ECT,Total values - Electronic card transactions A/S/T by division,Actual,RTS total industries,,,
ECTM.S19A1,2003.06,2047.7,,F,Dollars,6,Electronic Card Transactions (ANZSIC06) - ECT,Total values - Electronic card transactions A/S/T by division,Actual,RTS total industries,,,
ECTM.S19A1,2003.07,2216.8,,F,Dollars,6,Electronic Card Transactions (ANZSIC06) - ECT,Total values - Electronic card transactions A/S/T by division,Actual,RTS total industries,,,
ECTM.S19A1,2003.08,2211.3,,F,Dollars,6,Electronic Card Transactions (ANZSIC06) - ECT,Total values - Electronic card transactions A/S/T by division,Actual,RTS total industries,,,
ECTM.S19A1,2003.09,2155.2,,F,Dollars,6,Electronic Card Transactions (ANZSIC06) - ECT,Total values - Electronic card transactions A/S/T by division,Actual,RTS total industries,,,
ECTM.S19A1,2003.10,2348.3,,F,Dollars,6,Electronic Card Transactions (ANZSIC06) - ECT,Total values - Electronic card transactions A/S/T by division,Actual,RTS total industries,,,
ECTM.S19A1,2003.11,2421.7,,F,Dollars,6,Electronic Card Transactions (ANZSIC06) - ECT,Total values - Electronic card transactions A/S/T by division,Actual,RTS total industries,,,
ECTM.S19A1,2003.12,3080.4,,F,Dollars,6,Electronic Card Transactions (ANZSIC06) - ECT,Total values - Electronic card transactions A/S/T by division,Actual,RTS total industries,,,
ECTM.S19A1,2004.01,2410.1,,F,Dollars,6,Electronic Card Transactions (ANZSIC06) - ECT,Total values - Electronic card transactions A/S/T by division,Actual,RTS total industries,,,
ECTM.S19A1,2004.02,2261.1,,F,Dollars,6,Electronic Card Transactions (ANZSIC06) - ECT,Total values - Electronic card transactions A/S/T by division,Actual,RTS total industries,,,
ECTM.S19A1,2004.03,2451.8,,F,Dollars,6,Electronic Card Transactions (ANZSIC06) - ECT,Total values - Electronic card transactions A/S/T by division,Actual,RTS total industries,,,
ECTM.S19A1,2004.04,2427.4,,F,Dollars,6,Electronic Card Transactions (ANZSIC06) - ECT,Total values - Electronic card transactions A/S/T by division,Actual,RTS total industries,,,
ECTM.S19A1,2004.05,2410.6,,F,Dollars,6,Electronic Card Transactions (ANZSIC06) - ECT,Total values - Electronic card transactions A/S/T by division,Actual,RTS total industries,,,
ECTM.S19A1,2004.06,2292.2,,F,Dollars,6,Electronic Card Transactions (ANZSIC06) - ECT,Total values - Electronic card transactions A/S/T by division,Actual,RTS total industries,,,
ECTM.S19A1,2004.07,2470.3,,F,Dollars,6,Electronic Card Transactions (ANZSIC06) - ECT,Total values - Electronic card transactions A/S/T by division,Actual,RTS total industries,,,
ECTM.S19A1,2004.08,2379.4,,F,Dollars,6,Electronic Card Transactions (ANZSIC06) - ECT,Total values - Electronic card transactions A/S/T by division,Actual,RTS total industries,,,
ECTM.S19A1,2004.09,2394.1,,F,Dollars,6,Electronic Card Transactions (ANZSIC06) - ECT,Total values - Electronic card transactions A/S/T by division,Actual,RTS total industries,,,
ECTM.S19A1,2004.10,2559.6,,F,Dollars,6,Electronic Card Transactions (ANZSIC06) - ECT,Total values - Electronic card transactions A/S/T by division,Actual,RTS total industries,,,
ECTM.S19A1,2004.11,2642.5,,F,Dollars,6,Electronic Card Transactions (ANZSIC06) - ECT,Total values - Electronic card transactions A/S/T by division,Actual,RTS total industries,,,
ECTM.S19A1,2004.12,3307.6,,F,Dollars,6,Electronic Card Transactions (ANZSIC06) - ECT,Total values - Electronic card transactions A/S/T by division,Actual,RTS total industries,,,
ECTM.S19A1,2005.01,2603.2,,F,Dollars,6,Electronic Card Transactions (ANZSIC06) - ECT,Total values - Electronic card transactions A/S/T by division,Actual,RTS total industries,,,
ECTM.S19A1,2005.02,2442.7,,F,Dollars,6,Electronic Card Transactions (ANZSIC06) - ECT,Total values - Electronic card transactions A/S/T by division,Actual,RTS total industries,,,
ECTM.S19A1,2005.03,2700,,F,Dollars,6,Electronic Card Transactions (ANZSIC06) - ECT,Total values - Electronic card transactions A/S/T by division,Actual,RTS total industries,,,
ECTM.S19A1,2005.04,2647.7,,F,Dollars,6,Electronic Card Transactions (ANZSIC06) - ECT,Total values - Electronic card transactions A/S/T by division,Actual,RTS total industries,,,
ECTM.S19A1,2005.05,2576.1,,F,Dollars,6,Electronic Card Transactions (ANZSIC06) - ECT,Total values - Electronic card transactions A/S/T by division,Actual,RTS total industries,,,
ECTM.S19A1,2005.06,2523.1,,F,Dollars,6,Electronic Card Transactions (ANZSIC06) - ECT,Total values - Electronic card transactions A/S/T by division,Actual,RTS total industries,,,
ECTM.S19A1,2005.07,2673.7,,F,Dollars,6,Electronic Card Transactions (ANZSIC06) - ECT,Total values - Electronic card transactions A/S/T by division,Actual,RTS total industries,,,
ECTM.S19A1,2005.08,2606,,F,Dollars,6,Electronic Card Transactions (ANZSIC06) - ECT,Total values - Electronic card transactions A/S/T by division,Actual,RTS total industries,,,
ECTM.S19A1,2005.09,2645.8,,F,Dollars,6,Electronic Card Transactions (ANZSIC06) - ECT,Total values - Electronic card transactions A/S/T by division,Actual,RTS total industries,,,
ECTM.S19A1,2005.10,2812.7,,F,Dollars,6,Electronic Card Transactions (ANZSIC06) - ECT,Total values - Electronic card transactions A/S/T by division,Actual,RTS total industries,,,
ECTM.S19A1,2005.11,2870.1,,F,Dollars,6,Electronic Card Transactions (ANZSIC06) - ECT,Total values - Electronic card transactions A/S/T by division,Actual,RTS total industries,,,
ECTM.S19A1,2005.12,3574.8,,F,Dollars,6,Electronic Card Transactions (ANZSIC06) - ECT,Total values - Electronic card transactions A/S/T by division,Actual,RTS total industries,,,
ECTM.S19A1,2006.01,2797.2,,F,Dollars,6,Electronic Card Transactions (ANZSIC06) - ECT,Total values - Electronic card transactions A/S/T by division,Actual,RTS total industries,,,
ECTM.S19A1,2006.02,2632.4,,F,Dollars,6,Electronic Card Transactions (ANZSIC06) - ECT,Total values - Electronic card transactions A/S/T by division,Actual,RTS total industries,,,
ECTM.S19A1,2006.03,2957.9,,F,Dollars,6,Electronic Card Transactions (ANZSIC06) - ECT,Total values - Electronic card transactions A/S/T by division,Actual,RTS total industries,,,
ECTM.S19A1,2006.04,2848.6,,F,Dollars,6,Electronic Card Transactions (ANZSIC06) - ECT,Total values - Electronic card transactions A/S/T by division,Actual,RTS total industries,,,
ECTM.S19A1,2006.05,2876.4,,F,Dollars,6,Electronic Card Transactions (ANZSIC06) - ECT,Total values - Electronic card transactions A/S/T by division,Actual,RTS total industries,,,
ECTM.S19A1,2006.06,2800.2,,F,Dollars,6,Electronic Card Transactions (ANZSIC06) - ECT,Total values - Electronic card transactions A/S/T by division,Actual,RTS total industries,,,
ECTM.S19A1,2006.07,2884.6,,F,Dollars,6,Electronic Card Transactions (ANZSIC06) - ECT,Total values - Electronic card transactions A/S/T by division,Actual,RTS total industries,,,
ECTM.S19A1,2006.08,2862.2,,F,Dollars,6,Electronic Card Transactions (ANZSIC06) - ECT,Total values - Electronic card transactions A/S/T by division,Actual,RTS total industries,,,
ECTM.S19A1,2006.09,2866.2,,F,Dollars,6,Electronic Card Transactions (ANZSIC06) - ECT,Total values - Electronic card transactions A/S/T by division,Actual,RTS total industries,,,
ECTM.S19A1,2006.10,3015.8,,F,Dollars,6,Electronic Card Transactions (ANZSIC06) - ECT,Total values - Electronic card transactions A/S/T by division,Actual,RTS total industries,,,
ECTM.S19A1,2006.11,3127.2,,F,Dollars,6,Electronic Card Transactions (ANZSIC06) - ECT,Total values - Electronic card transactions A/S/T by division,Actual,RTS total industries,,,
ECTM.S19A1,2006.12,3946.2,,F,Dollars,6,Electronic Card Transactions (ANZSIC06) - ECT,Total values - Electronic card transactions A/S/T by division,Actual,RTS total industries,,,
ECTM.S19A1,2007.01,3053.7,,F,Dollars,6,Electronic Card Transactions (ANZSIC06) - ECT,Total values - Electronic card transactions A/S/T by division,Actual,RTS total industries,,,
ECTM.S19A1,2007.02,2896.7,,F,Dollars,6,Electronic Card Transactions (ANZSIC06) - ECT,Total values - Electronic card transactions A/S/T by division,Actual,RTS total industries,,,
ECTM.S19A1,2007.03,3244,,F,Dollars,6,Electronic Card Transactions (ANZSIC06) - ECT,Total values - Electronic card transactions A/S/T by division,Actual,RTS total industries,,,
ECTM.S19A1,2007.04,3059.8,,F,Dollars,6,Electronic Card Transactions (ANZSIC06) - ECT,Total values - Electronic card transactions A/S/T by division,Actual,RTS total industries,,,
ECTM.S19A1,2007.05,3082.7,,F,Dollars,6,Electronic Card Transactions (ANZSIC06) - ECT,Total values - Electronic card transactions A/S/T by division,Actual,RTS total industries,,,
ECTM.S19A1,2007.06,3014.4,,F,Dollars,6,Electronic Card Transactions (ANZSIC06) - ECT,Total values - Electronic card transactions A/S/T by division,Actual,RTS total industries,,,
ECTM.S19A1,2007.07,3061.8,,F,Dollars,6,Electronic Card Transactions (ANZSIC06) - ECT,Total values - Electronic card transactions A/S/T by division,Actual,RTS total industries,,,
ECTM.S19A1,2007.08,3098.2,,F,Dollars,6,Electronic Card Transactions (ANZSIC06) - ECT,Total values - Electronic card transactions A/S/T by division,Actual,RTS total industries,,,
ECTM.S19A1,2007.09,3099.7,,F,Dollars,6,Electronic Card Transactions (ANZSIC06) - ECT,Total values - Electronic card transactions A/S/T by division,Actual,RTS total industries,,,
ECTM.S19A1,2007.10,3245.5,,F,Dollars,6,Electronic Card Transactions (ANZSIC06) - ECT,Total values - Electronic card transactions A/S/T by division,Actual,RTS total industries,,,
ECTM.S19A1,2007.11,3428.5,,F,Dollars,6,Electronic Card Transactions (ANZSIC06) - ECT,Total values - Electronic card transactions A/S/T by division,Actual,RTS total industries,,,
ECTM.S19A1,2007.12,4218.1,,F,Dollars,6,Electronic Card Transactions (ANZSIC06) - ECT,Total values - Electronic card transactions A/S/T by division,Actual,RTS total industries,,,
ECTM.S19A1,2008.01,3302.4,,F,Dollars,6,Electronic Card Transactions (ANZSIC06) - ECT,Total values - Electronic card transactions A/S/T by division,Actual,RTS total industries,,,
ECTM.S19A1,2008.02,3201.7,,F,Dollars,6,Electronic Card Transactions (ANZSIC06) - ECT,Total values - Electronic card transactions A/S/T by division,Actual,RTS total industries,,,
ECTM.S19A1,2008.03,3385.3,,F,Dollars,6,Electronic Card Transactions (ANZSIC06) - ECT,Total values - Electronic card transactions A/S/T by division,Actual,RTS total industries,,,
ECTM.S19A1,2008.04,3228.9,,F,Dollars,6,Electronic Card Transactions (ANZSIC06) - ECT,Total values - Electronic card transactions A/S/T by division,Actual,RTS total industries,,,
ECTM.S19A1,2008.05,3337.7,,F,Dollars,6,Electronic Card Transactions (ANZSIC06) - ECT,Total values - Electronic card transactions A/S/T by division,Actual,RTS total industries,,,
ECTM.S19A1,2008.06,3079.8,,F,Dollars,6,Electronic Card Transactions (ANZSIC06) - ECT,Total values - Electronic card transactions A/S/T by division,Actual,RTS total industries,,,
ECTM.S19A1,2008.07,3263.7,,F,Dollars,6,Electronic Card Transactions (ANZSIC06) - ECT,Total values - Electronic card transactions A/S/T by division,Actual,RTS total industries,,,
ECTM.S19A1,2008.08,3275.5,,F,Dollars,6,Electronic Card Transactions (ANZSIC06) - ECT,Total values - Electronic card transactions A/S/T by division,Actual,RTS total industries,,,
ECTM.S19A1,2008.09,3211.3,,F,Dollars,6,Electronic Card Transactions (ANZSIC06) - ECT,Total values - Electronic card transactions A/S/T by division,Actual,RTS total industries,,,
ECTM.S19A1,2008.10,3453.6,,F,Dollars,6,Electronic Card Transactions (ANZSIC06) - ECT,Total values - Electronic card transactions A/S/T by division,Actual,RTS total industries,,,
ECTM.S19A1,2008.11,3477.1,,F,Dollars,6,Electronic Card Transactions (ANZSIC06) - ECT,Total values - Electronic card transactions A/S/T by division,Actual,RTS total industries,,,
ECTM.S19A1,2008.12,4298.7,,F,Dollars,6,Electronic Card Transactions (ANZSIC06) - ECT,Total values - Electronic card transactions A/S/T by division,Actual,RTS total industries,,,
ECTM.S19A1,2009.01,3412.8,,F,Dollars,6,Electronic Card Transactions (ANZSIC06) - ECT,Total values - Electronic card transactions A/S/T by division,Actual,RTS total industries,,,
ECTM.S19A1,2009.02,3156.9,,F,Dollars,6,Electronic Card Transactions (ANZSIC06) - ECT,Total values - Electronic card transactions A/S/T by division,Actual,RTS total industries,,,
ECTM.S19A1,2009.03,3433.4,,F,Dollars,6,Electronic Card Transactions (ANZSIC06) - ECT,Total values - Electronic card transactions A/S/T by division,Actual,RTS total industries,,,
ECTM.S19A1,2009.04,3330.6,,F,Dollars,6,Electronic Card Transactions (ANZSIC06) - ECT,Total values - Electronic card transactions A/S/T by division,Actual,RTS total industries,,,
ECTM.S19A1,2009.05,3389.9,,F,Dollars,6,Electronic Card Transactions (ANZSIC06) - ECT,Total values - Electronic card transactions A/S/T by division,Actual,RTS total industries,,,
ECTM.S19A1,2009.06,3149.8,,F,Dollars,6,Electronic Card Transactions (ANZSIC06) - ECT,Total values - Electronic card transactions A/S/T by division,Actual,RTS total industries,,,
ECTM.S19A1,2009.07,3352.6,,F,Dollars,6,Electronic Card Transactions (ANZSIC06) - ECT,Total values - Electronic card transactions A/S/T by division,Actual,RTS total industries,,,
ECTM.S19A1,2009.08,3314.5,,F,Dollars,6,Electronic Card Transactions (ANZSIC06) - ECT,Total values - Electronic card transactions A/S/T by division,Actual,RTS total industries,,,
ECTM.S19A1,2009.09,3291.4,,F,Dollars,6,Electronic Card Transactions (ANZSIC06) - ECT,Total values - Electronic card transactions A/S/T by division,Actual,RTS total industries,,,
ECTM.S19A1,2009.10,3529.8,,F,Dollars,6,Electronic Card Transactions (ANZSIC06) - ECT,Total values - Electronic card transactions A/S/T by division,Actual,RTS total industries,,,
ECTM.S19A1,2009.11,3556.9,,F,Dollars,6,Electronic Card Transactions (ANZSIC06) - ECT,Total values - Electronic card transactions A/S/T by division,Actual,RTS total industries,,,
ECTM.S19A1,2009.12,4481.3,,F,Dollars,6,Electronic Card Transactions (ANZSIC06) - ECT,Total values - Electronic card transactions A/S/T by division,Actual,RTS total industries,,,
ECTM.S19A1,2010.01,3532.2,,F,Dollars,6,Electronic Card Transactions (ANZSIC06) - ECT,Total values - Electronic card transactions A/S/T by division,Actual,RTS total industries,,,
ECTM.S19A1,2010.02,3257.7,,F,Dollars,6,Electronic Card Transactions (ANZSIC06) - ECT,Total values - Electronic card transactions A/S/T by division,Actual,RTS total industries,,,
ECTM.S19A1,2010.03,3628.9,,F,Dollars,6,Electronic Card Transactions (ANZSIC06) - ECT,Total values - Electronic card transactions A/S/T by division,Actual,RTS total industries,,,
ECTM.S19A1,2010.04,3445.1,,F,Dollars,6,Electronic Card Transactions (ANZSIC06) - ECT,Total values - Electronic card transactions A/S/T by division,Actual,RTS total industries,,,
ECTM.S19A1,2010.05,3469.7,,F,Dollars,6,Electronic Card Transactions (ANZSIC06) - ECT,Total values - Electronic card transactions A/S/T by division,Actual,RTS total industries,,,
ECTM.S19A1,2010.06,3293.1,,F,Dollars,6,Electronic Card Transactions (ANZSIC06) - ECT,Total values - Electronic card transactions A/S/T by division,Actual,RTS total industries,,,
ECTM.S19A1,2010.07,3507.7,,F,Dollars,6,Electronic Card Transactions (ANZSIC06) - ECT,Total values - Electronic card transactions A/S/T by division,Actual,RTS total industries,,,
ECTM.S19A1,2010.08,3375.6,,F,Dollars,6,Electronic Card Transactions (ANZSIC06) - ECT,Total values - Electronic card transactions A/S/T by division,Actual,RTS total industries,,,
ECTM.S19A1,2010.09,3461,,F,Dollars,6,Electronic Card Transactions (ANZSIC06) - ECT,Total values - Electronic card transactions A/S/T by division,Actual,RTS total industries,,,
ECTM.S19A1,2010.10,3704.1,,F,Dollars,6,Electronic Card Transactions (ANZSIC06) - ECT,Total values - Electronic card transactions A/S/T by division,Actual,RTS total industries,,,
ECTM.S19A1,2010.11,3784.6,,F,Dollars,6,Electronic Card Transactions (ANZSIC06) - ECT,Total values - Electronic card transactions A/S/T by division,Actual,RTS total industries,,,
ECTM.S19A1,2010.12,4764.1,,F,Dollars,6,Electronic Card Transactions (ANZSIC06) - ECT,Total values - Electronic card transactions A/S/T by division,Actual,RTS total industries,,,
ECTM.S19A1,2011.01,3744.4,,F,Dollars,6,Electronic Card Transactions (ANZSIC06) - ECT,Total values - Electronic card transactions A/S/T by division,Actual,RTS total industries,,,
ECTM.S19A1,2011.02,3450.5,,F,Dollars,6,Electronic Card Transactions (ANZSIC06) - ECT,Total values - Electronic card transactions A/S/T by division,Actual,RTS total industries,,,
ECTM.S19A1,2011.03,3848.7,,F,Dollars,6,Electronic Card Transactions (ANZSIC06) - ECT,Total values - Electronic card transactions A/S/T by division,Actual,RTS total industries,,,
ECTM.S19A1,2011.04,3784.5,,F,Dollars,6,Electronic Card Transactions (ANZSIC06) - ECT,Total values - Electronic card transactions A/S/T by division,Actual,RTS total industries,,,
ECTM.S19A1,2011.05,3688.7,,F,Dollars,6,Electronic Card Transactions (ANZSIC06) - ECT,Total values - Electronic card transactions A/S/T by division,Actual,RTS total industries,,,
ECTM.S19A1,2011.06,3575,,F,Dollars,6,Electronic Card Transactions (ANZSIC06) - ECT,Total values - Electronic card transactions A/S/T by division,Actual,RTS total industries,,,
ECTM.S19A1,2011.07,3784.6,,F,Dollars,6,Electronic Card Transactions (ANZSIC06) - ECT,Total values - Electronic card transactions A/S/T by division,Actual,RTS total industries,,,
ECTM.S19A1,2011.08,3646.7,,F,Dollars,6,Electronic Card Transactions (ANZSIC06) - ECT,Total values - Electronic card transactions A/S/T by division,Actual,RTS total industries,,,
ECTM.S19A1,2011.09,3709.3,,F,Dollars,6,Electronic Card Transactions (ANZSIC06) - ECT,Total values - Electronic card transactions A/S/T by division,Actual,RTS total industries,,,
ECTM.S19A1,2011.10,3977.3,,F,Dollars,6,Electronic Card Transactions (ANZSIC06) - ECT,Total values - Electronic card transactions A/S/T by division,Actual,RTS total industries,,,
ECTM.S19A1,2011.11,4016,,F,Dollars,6,Electronic Card Transactions (ANZSIC06) - ECT,Total values - Electronic card transactions A/S/T by division,Actual,RTS total industries,,,
ECTM.S19A1,2011.12,5042.1,,F,Dollars,6,Electronic Card Transactions (ANZSIC06) - ECT,Total values - Electronic card transactions A/S/T by division,Actual,RTS total industries,,,
ECTM.S19A1,2012.01,3927.7,,F,Dollars,6,Electronic Card Transactions (ANZSIC06) - ECT,Total values - Electronic card transactions A/S/T by division,Actual,RTS total industries,,,
ECTM.S19A1,2012.02,3756.9,,F,Dollars,6,Electronic Card Transactions (ANZSIC06) - ECT,Total values - Electronic card transactions A/S/T by division,Actual,RTS total industries,,,
ECTM.S19A1,2012.03,4096.2,,F,Dollars,6,Electronic Card Transactions (ANZSIC06) - ECT,Total values - Electronic card transactions A/S/T by division,Actual,RTS total industries,,,
ECTM.S19A1,2012.04,3856.2,,F,Dollars,6,Electronic Card Transactions (ANZSIC06) - ECT,Total values - Electronic card transactions A/S/T by division,Actual,RTS total industries,,,
ECTM.S19A1,2012.05,3930,,F,Dollars,6,Electronic Card Transactions (ANZSIC06) - ECT,Total values - Electronic card transactions A/S/T by division,Actual,RTS total industries,,,
ECTM.S19A1,2012.06,3793.9,,F,Dollars,6,Electronic Card Transactions (ANZSIC06) - ECT,Total values - Electronic card transactions A/S/T by division,Actual,RTS total industries,,,
ECTM.S19A1,2012.07,3846.9,,F,Dollars,6,Electronic Card Transactions (ANZSIC06) - ECT,Total values - Electronic card transactions A/S/T by division,Actual,RTS total industries,,,
ECTM.S19A1,2012.08,3924.5,,F,Dollars,6,Electronic Card Transactions (ANZSIC06) - ECT,Total values - Electronic card transactions A/S/T by division,Actual,RTS total industries,,,
ECTM.S19A1,2012.09,3885.7,,F,Dollars,6,Electronic Card Transactions (ANZSIC06) - ECT,Total values - Electronic card transactions A/S/T by division,Actual,RTS total industries,,,
ECTM.S19A1,2012.10,4113,,F,Dollars,6,Electronic Card Transactions (ANZSIC06) - ECT,Total values - Electronic card transactions A/S/T by division,Actual,RTS total industries,,,
ECTM.S19A1,2012.11,4279.1,,F,Dollars,6,Electronic Card Transactions (ANZSIC06) - ECT,Total values - Electronic card transactions A/S/T by division,Actual,RTS total industries,,,
ECTM.S19A1,2012.12,5242.4,,F,Dollars,6,Electronic Card Transactions (ANZSIC06) - ECT,Total values - Electronic card transactions A/S/T by division,Actual,RTS total industries,,,
ECTM.S19A1,2013.01,4169.4,,F,Dollars,6,Electronic Card Transactions (ANZSIC06) - ECT,Total values - Electronic card transactions A/S/T by division,Actual,RTS total industries,,,
ECTM.S19A1,2013.02,3858.5,,F,Dollars,6,Electronic Card Transactions (ANZSIC06) - ECT,Total values - Electronic card transactions A/S/T by division,Actual,RTS total industries,,,
ECTM.S19A1,2013.03,4289.1,,F,Dollars,6,Electronic Card Transactions (ANZSIC06) - ECT,Total values - Electronic card transactions A/S/T by division,Actual,RTS total industries,,,
ECTM.S19A1,2013.04,4077,,F,Dollars,6,Electronic Card Transactions (ANZSIC06) - ECT,Total values - Electronic card transactions A/S/T by division,Actual,RTS total industries,,,
ECTM.S19A1,2013.05,4171.2,,F,Dollars,6,Electronic Card Transactions (ANZSIC06) - ECT,Total values - Electronic card transactions A/S/T by division,Actual,RTS total industries,,,
ECTM.S19A1,2013.06,4001.6,,F,Dollars,6,Electronic Card Transactions (ANZSIC06) - ECT,Total values - Electronic card transactions A/S/T by division,Actual,RTS total industries,,,
ECTM.S19A1,2013.07,4140,,F,Dollars,6,Electronic Card Transactions (ANZSIC06) - ECT,Total values - Electronic card transactions A/S/T by division,Actual,RTS total industries,,,
ECTM.S19A1,2013.08,4183,,F,Dollars,6,Electronic Card Transactions (ANZSIC06) - ECT,Total values - Electronic card transactions A/S/T by division,Actual,RTS total industries,,,
ECTM.S19A1,2013.09,4030.4,,F,Dollars,6,Electronic Card Transactions (ANZSIC06) - ECT,Total values - Electronic card transactions A/S/T by division,Actual,RTS total industries,,,
ECTM.S19A1,2013.10,4407.2,,F,Dollars,6,Electronic Card Transactions (ANZSIC06) - ECT,Total values - Electronic card transactions A/S/T by division,Actual,RTS total industries,,,
ECTM.S19A1,2013.11,4572.1,,F,Dollars,6,Electronic Card Transactions (ANZSIC06) - ECT,Total values - Electronic card transactions A/S/T by division,Actual,RTS total industries,,,
ECTM.S19A1,2013.12,5528,,F,Dollars,6,Electronic Card Transactions (ANZSIC06) - ECT,Total values - Electronic card transactions A/S/T by division,Actual,RTS total industries,,,
ECTM.S19A1,2014.01,4419.7,,F,Dollars,6,Electronic Card Transactions (ANZSIC06) - ECT,Total values - Electronic card transactions A/S/T by division,Actual,RTS total industries,,,
ECTM.S19A1,2014.02,4082.4,,F,Dollars,6,Electronic Card Transactions (ANZSIC06) - ECT,Total values - Electronic card transactions A/S/T by division,Actual,RTS total industries,,,
ECTM.S19A1,2014.03,4495.7,,F,Dollars,6,Electronic Card Transactions (ANZSIC06) - ECT,Total values - Electronic card transactions A/S/T by division,Actual,RTS total industries,,,
ECTM.S19A1,2014.04,4298.3,,F,Dollars,6,Electronic Card Transactions (ANZSIC06) - ECT,Total values - Electronic card transactions A/S/T by division,Actual,RTS total industries,,,
ECTM.S19A1,2014.05,4468,,F,Dollars,6,Electronic Card Transactions (ANZSIC06) - ECT,Total values - Electronic card transactions A/S/T by division,Actual,RTS total industries,,,
ECTM.S19A1,2014.06,4142.3,,F,Dollars,6,Electronic Card Transactions (ANZSIC06) - ECT,Total values - Electronic card transactions A/S/T by division,Actual,RTS total industries,,,
ECTM.S19A1,2014.07,4331.3,,F,Dollars,6,Electronic Card Transactions (ANZSIC06) - ECT,Total values - Electronic card transactions A/S/T by division,Actual,RTS total industries,,,
ECTM.S19A1,2014.08,4334.6,,F,Dollars,6,Electronic Card Transactions (ANZSIC06) - ECT,Total values - Electronic card transactions A/S/T by division,Actual,RTS total industries,,,
ECTM.S19A1,2014.09,4219.2,,F,Dollars,6,Electronic Card Transactions (ANZSIC06) - ECT,Total values - Electronic card transactions A/S/T by division,Actual,RTS total industries,,,
ECTM.S19A1,2014.10,4638.3,,F,Dollars,6,Electronic Card Transactions (ANZSIC06) - ECT,Total values - Electronic card transactions A/S/T by division,Actual,RTS total industries,,,
ECTM.S19A1,2014.11,4719.1,,F,Dollars,6,Electronic Card Transactions (ANZSIC06) - ECT,Total values - Electronic card transactions A/S/T by division,Actual,RTS total industries,,,
ECTM.S19A1,2014.12,5733,,F,Dollars,6,Electronic Card Transactions (ANZSIC06) - ECT,Total values - Electronic card transactions A/S/T by division,Actual,RTS total industries,,,
ECTM.S19A1,2015.01,4616.6,,F,Dollars,6,Electronic Card Transactions (ANZSIC06) - ECT,Total values - Electronic card transactions A/S/T by division,Actual,RTS total industries,,,
ECTM.S19A1,2015.02,4246.9,,F,Dollars,6,Electronic Card Transactions (ANZSIC06) - ECT,Total values - Electronic card transactions A/S/T by division,Actual,RTS total industries,,,
ECTM.S19A1,2015.03,4663.1,,F,Dollars,6,Electronic Card Transactions (ANZSIC06) - ECT,Total values - Electronic card transactions A/S/T by division,Actual,RTS total industries,,,
ECTM.S19A1,2015.04,4465.5,,F,Dollars,6,Electronic Card Transactions (ANZSIC06) - ECT,Total values - Electronic card transactions A/S/T by division,Actual,RTS total industries,,,
ECTM.S19A1,2015.05,4611.2,,F,Dollars,6,Electronic Card Transactions (ANZSIC06) - ECT,Total values - Electronic card transactions A/S/T by division,Actual,RTS total industries,,,
ECTM.S19A1,2015.06,4348.4,,F,Dollars,6,Electronic Card Transactions (ANZSIC06) - ECT,Total values - Electronic card transactions A/S/T by division,Actual,RTS total industries,,,
ECTM.S19A1,2015.07,4575.4,,F,Dollars,6,Electronic Card Transactions (ANZSIC06) - ECT,Total values - Electronic card transactions A/S/T by division,Actual,RTS total industries,,,
ECTM.S19A1,2015.08,4515.3,,F,Dollars,6,Electronic Card Transactions (ANZSIC06) - ECT,Total values - Electronic card transactions A/S/T by division,Actual,RTS total industries,,,
ECTM.S19A1,2015.09,4474.7,,F,Dollars,6,Electronic Card Transactions (ANZSIC06) - ECT,Total values - Electronic card transactions A/S/T by division,Actual,RTS total industries,,,
ECTM.S19A1,2015.10,4907.8,,F,Dollars,6,Electronic Card Transactions (ANZSIC06) - ECT,Total values - Electronic card transactions A/S/T by division,Actual,RTS total industries,,,
ECTM.S19A1,2015.11,4938,,F,Dollars,6,Electronic Card Transactions (ANZSIC06) - ECT,Total values - Electronic card transactions A/S/T by division,Actual,RTS total industries,,,
ECTM.S19A1,2015.12,6108.6,,F,Dollars,6,Electronic Card Transactions (ANZSIC06) - ECT,Total values - Electronic card transactions A/S/T by division,Actual,RTS total industries,,,
ECTM.S19A1,2016.01,4854.8,,F,Dollars,6,Electronic Card Transactions (ANZSIC06) - ECT,Total values - Electronic card transactions A/S/T by division,Actual,RTS total industries,,,
ECTM.S19A1,2016.02,4639.7,,F,Dollars,6,Electronic Card Transactions (ANZSIC06) - ECT,Total values - Electronic card transactions A/S/T by division,Actual,RTS total industries,,,
ECTM.S19A1,2016.03,4950.1,,F,Dollars,6,Electronic Card Transactions (ANZSIC06) - ECT,Total values - Electronic card transactions A/S/T by division,Actual,RTS total industries,,,
ECTM.S19A1,2016.04,4813.7,,F,Dollars,6,Electronic Card Transactions (ANZSIC06) - ECT,Total values - Electronic card transactions A/S/T by division,Actual,RTS total industries,,,
ECTM.S19A1,2016.05,4762.7,,F,Dollars,6,Electronic Card Transactions (ANZSIC06) - ECT,Total values - Electronic card transactions A/S/T by division,Actual,RTS total industries,,,
ECTM.S19A1,2016.06,4643,,F,Dollars,6,Electronic Card Transactions (ANZSIC06) - ECT,Total values - Electronic card transactions A/S/T by division,Actual,RTS total industries,,,
ECTM.S19A1,2016.07,4842.9,,F,Dollars,6,Electronic Card Transactions (ANZSIC06) - ECT,Total values - Electronic card transactions A/S/T by division,Actual,RTS total industries,,,
ECTM.S19A1,2016.08,4661.8,,F,Dollars,6,Electronic Card Transactions (ANZSIC06) - ECT,Total values - Electronic card transactions A/S/T by division,Actual,RTS total industries,,,
ECTM.S19A1,2016.09,4748.3,,F,Dollars,6,Electronic Card Transactions (ANZSIC06) - ECT,Total values - Electronic card transactions A/S/T by division,Actual,RTS total industries,,,
ECTM.S19A1,2016.10,5112.8,,F,Dollars,6,Electronic Card Transactions (ANZSIC06) - ECT,Total values - Electronic card transactions A/S/T by division,Actual,RTS total industries,,,
ECTM.S19A1,2016.11,5191.7,,F,Dollars,6,Electronic Card Transactions (ANZSIC06) - ECT,Total values - Electronic card transactions A/S/T by division,Actual,RTS total industries,,,
ECTM.S19A1,2016.12,6463.1,,F,Dollars,6,Electronic Card Transactions (ANZSIC06) - ECT,Total values - Electronic card transactions A/S/T by division,Actual,RTS total industries,,,
ECTM.S19A1,2017.01,5361.6,,F,Dollars,6,Electronic Card Transactions (ANZSIC06) - ECT,Total values - Electronic card transactions A/S/T by division,Actual,RTS total industries,,,
ECTM.S19A1,2017.02,4974.5,,F,Dollars,6,Electronic Card Transactions (ANZSIC06) - ECT,Total values - Electronic card transactions A/S/T by division,Actual,RTS total industries,,,
ECTM.S19A1,2017.03,5475.1,,F,Dollars,6,Electronic Card Transactions (ANZSIC06) - ECT,Total values - Electronic card transactions A/S/T by division,Actual,RTS total industries,,,
ECTM.S19A1,2017.04,5244.1,,F,Dollars,6,Electronic Card Transactions (ANZSIC06) - ECT,Total values - Electronic card transactions A/S/T by division,Actual,RTS total industries,,,
ECTM.S19A1,2017.05,5252.6,,F,Dollars,6,Electronic Card Transactions (ANZSIC06) - ECT,Total values - Electronic card transactions A/S/T by division,Actual,RTS total industries,,,
ECTM.S19A1,2017.06,5073.4,,F,Dollars,6,Electronic Card Transactions (ANZSIC06) - ECT,Total values - Electronic card transactions A/S/T by division,Actual,RTS total industries,,,
ECTM.S19A1,2017.07,5185.3,,F,Dollars,6,Electronic Card Transactions (ANZSIC06) - ECT,Total values - Electronic card transactions A/S/T by division,Actual,RTS total industries,,,
ECTM.S19A1,2017.08,5142.5,,F,Dollars,6,Electronic Card Transactions (ANZSIC06) - ECT,Total values - Electronic card transactions A/S/T by division,Actual,RTS total industries,,,
ECTM.S19A1,2017.09,5159.4,,F,Dollars,6,Electronic Card Transactions (ANZSIC06) - ECT,Total values - Electronic card transactions A/S/T by division,Actual,RTS total industries,,,
ECTM.S19A1,2017.10,5508.3,,F,Dollars,6,Electronic Card Transactions (ANZSIC06) - ECT,Total values - Electronic card transactions A/S/T by division,Actual,RTS total industries,,,
ECTM.S19A1,2017.11,5778.1,,F,Dollars,6,Electronic Card Transactions (ANZSIC06) - ECT,Total values - Electronic card transactions A/S/T by division,Actual,RTS total industries,,,
ECTM.S19A1,2017.12,7002.9,,F,Dollars,6,Electronic Card Transactions (ANZSIC06) - ECT,Total values - Electronic card transactions A/S/T by division,Actual,RTS total industries,,,
ECTM.S19A1,2018.01,5617,,F,Dollars,6,Electronic Card Transactions (ANZSIC06) - ECT,Total values - Electronic card transactions A/S/T by division,Actual,RTS total industries,,,
ECTM.S19A1,2018.02,5207.1,,F,Dollars,6,Electronic Card Transactions (ANZSIC06) - ECT,Total values - Electronic card transactions A/S/T by division,Actual,RTS total industries,,,
ECTM.S19A1,2018.03,5857.4,,F,Dollars,6,Electronic Card Transactions (ANZSIC06) - ECT,Total values - Electronic card transactions A/S/T by division,Actual,RTS total industries,,,
ECTM.S19A1,2018.04,5361.8,,F,Dollars,6,Electronic Card Transactions (ANZSIC06) - ECT,Total values - Electronic card transactions A/S/T by division,Actual,RTS total industries,,,
ECTM.S19A1,2018.05,5495.5,,F,Dollars,6,Electronic Card Transactions (ANZSIC06) - ECT,Total values - Electronic card transactions A/S/T by division,Actual,RTS total industries,,,
ECTM.S19A1,2018.06,5350.6,,F,Dollars,6,Electronic Card Transactions (ANZSIC06) - ECT,Total values - Electronic card transactions A/S/T by division,Actual,RTS total industries,,,
ECTM.S19A1,2018.07,5413.8,,F,Dollars,6,Electronic Card Transactions (ANZSIC06) - ECT,Total values - Electronic card transactions A/S/T by division,Actual,RTS total industries,,,
ECTM.S19A1,2018.08,5488.4,,F,Dollars,6,Electronic Card Transactions (ANZSIC06) - ECT,Total values - Electronic card transactions A/S/T by division,Actual,RTS total industries,,,
ECTM.S19A1,2018.09,5471.2,,F,Dollars,6,Electronic Card Transactions (ANZSIC06) - ECT,Total values - Electronic card transactions A/S/T by division,Actual,RTS total industries,,,
ECTM.S19A1,2018.10,5847.2,,F,Dollars,6,Electronic Card Transactions (ANZSIC06) - ECT,Total values - Electronic card transactions A/S/T by division,Actual,RTS total industries,,,
ECTM.S19A1,2018.11,6048.4,,F,Dollars,6,Electronic Card Transactions (ANZSIC06) - ECT,Total values - Electronic card transactions A/S/T by division,Actual,RTS total industries,,,
ECTM.S19A1,2018.12,7091.1,,F,Dollars,6,Electronic Card Transactions (ANZSIC06) - ECT,Total values - Electronic card transactions A/S/T by division,Actual,RTS total industries,,,
ECTM.S19A1,2019.01,5840.5,,F,Dollars,6,Electronic Card Transactions (ANZSIC06) - ECT,Total values - Electronic card transactions A/S/T by division,Actual,RTS total industries,,,
ECTM.S19A1,2019.02,5405.2,,F,Dollars,6,Electronic Card Transactions (ANZSIC06) - ECT,Total values - Electronic card transactions A/S/T by division,Actual,RTS total industries,,,
ECTM.S19A1,2019.03,5915.8,,F,Dollars,6,Electronic Card Transactions (ANZSIC06) - ECT,Total values - Electronic card transactions A/S/T by division,Actual,RTS total industries,,,
ECTM.S19A1,2019.04,5623.7,,F,Dollars,6,Electronic Card Transactions (ANZSIC06) - ECT,Total values - Electronic card transactions A/S/T by division,Actual,RTS total industries,,,
ECTM.S19A1,2019.05,5685.8,,F,Dollars,6,Electronic Card Transactions (ANZSIC06) - ECT,Total values - Electronic card transactions A/S/T by division,Actual,RTS total industries,,,
ECTM.S19A1,2019.06,5436.3,,F,Dollars,6,Electronic Card Transactions (ANZSIC06) - ECT,Total values - Electronic card transactions A/S/T by division,Actual,RTS total industries,,,
ECTM.S19A1,2019.07,5528.9,,F,Dollars,6,Electronic Card Transactions (ANZSIC06) - ECT,Total values - Electronic card transactions A/S/T by division,Actual,RTS total industries,,,
ECTM.S19A1,2019.08,5661.9,,F,Dollars,6,Electronic Card Transactions (ANZSIC06) - ECT,Total values - Electronic card transactions A/S/T by division,Actual,RTS total industries,,,
ECTM.S19A1,2019.09,5514.7,,F,Dollars,6,Electronic Card Transactions (ANZSIC06) - ECT,Total values - Electronic card transactions A/S/T by division,Actual,RTS total industries,,,
ECTM.S19A1,2019.10,5956.8,,F,Dollars,6,Electronic Card Transactions (ANZSIC06) - ECT,Total values - Electronic card transactions A/S/T by division,Actual,RTS total industries,,,
ECTM.S19A1,2019.11,6369.8,,F,Dollars,6,Electronic Card Transactions (ANZSIC06) - ECT,Total values - Electronic card transactions A/S/T by division,Actual,RTS total industries,,,
ECTM.S19A1,2019.12,7406.1,,F,Dollars,6,Electronic Card Transactions (ANZSIC06) - ECT,Total values - Electronic card transactions A/S/T by division,Actual,RTS total industries,,,
ECTM.S19A1,2020.01,6107.1,,F,Dollars,6,Electronic Card Transactions (ANZSIC06) - ECT,Total values - Electronic card transactions A/S/T by division,Actual,RTS total industries,,,
ECTM.S19A1,2020.02,5888.9,,F,Dollars,6,Electronic Card Transactions (ANZSIC06) - ECT,Total values - Electronic card transactions A/S/T by division,Actual,RTS total industries,,,
ECTM.S19A1,2020.03,5795.5,,F,Dollars,6,Electronic Card Transactions (ANZSIC06) - ECT,Total values - Electronic card transactions A/S/T by division,Actual,RTS total industries,,,
ECTM.S19A1,2020.04,2970.2,,F,Dollars,6,Electronic Card Transactions (ANZSIC06) - ECT,Total values - Electronic card transactions A/S/T by division,Actual,RTS total industries,,,
ECTM.S19A1,2020.05,5335.9,,F,Dollars,6,Electronic Card Transactions (ANZSIC06) - ECT,Total values - Electronic card transactions A/S/T by division,Actual,RTS total industries,,,
ECTM.S19A1,2020.06,5868.2,,F,Dollars,6,Electronic Card Transactions (ANZSIC06) - ECT,Total values - Electronic card transactions A/S/T by division,Actual,RTS total industries,,,
ECTM.S19A1,2020.07,6145.7,,F,Dollars,6,Electronic Card Transactions (ANZSIC06) - ECT,Total values - Electronic card transactions A/S/T by division,Actual,RTS total industries,,,
ECTM.S19A1,2020.08,5599.8,,F,Dollars,6,Electronic Card Transactions (ANZSIC06) - ECT,Total values - Electronic card transactions A/S/T by division,Actual,RTS total industries,,,
ECTM.S19A1,2020.09,6049.8,,F,Dollars,6,Electronic Card Transactions (ANZSIC06) - ECT,Total values - Electronic card transactions A/S/T by division,Actual,RTS total industries,,,
ECTM.S19A1,2020.10,6454,,F,Dollars,6,Electronic Card Transactions (ANZSIC06) - ECT,Total values - Electronic card transactions A/S/T by division,Actual,RTS total industries,,,
ECTM.S19A1,2020.11,6537.2,,F,Dollars,6,Electronic Card Transactions (ANZSIC06) - ECT,Total values - Electronic card transactions A/S/T by division,Actual,RTS total industries,,,
ECTM.S19A1,2020.12,7692.8,,F,Dollars,6,Electronic Card Transactions (ANZSIC06) - ECT,Total values - Electronic card transactions A/S/T by division,Actual,RTS total industries,,,
ECTM.S19A1,2021.01,6210.9,,F,Dollars,6,Electronic Card Transactions (ANZSIC06) - ECT,Total values - Electronic card transactions A/S/T by division,Actual,RTS total industries,,,
ECTM.S19A1,2021.02,5584.2,,F,Dollars,6,Electronic Card Transactions (ANZSIC06) - ECT,Total values - Electronic card transactions A/S/T by division,Actual,RTS total industries,,,
ECTM.S19A1,2021.03,6160.1,,F,Dollars,6,Electronic Card Transactions (ANZSIC06) - ECT,Total values - Electronic card transactions A/S/T by division,Actual,RTS total industries,,,
ECTM.S19A1,2021.04,6231.6,,F,Dollars,6,Electronic Card Transactions (ANZSIC06) - ECT,Total values - Electronic card transactions A/S/T by division,Actual,RTS total industries,,,
ECTM.S19A1,2021.05,6386.1,,F,Dollars,6,Electronic Card Transactions (ANZSIC06) - ECT,Total values - Electronic card transactions A/S/T by division,Actual,RTS total industries,,,
ECTM.S19A1,2021.06,6189.6,,F,Dollars,6,Electronic Card Transactions (ANZSIC06) - ECT,Total values - Electronic card transactions A/S/T by division,Actual,RTS total industries,,,
ECTM.S19A1,2021.07,6458,,F,Dollars,6,Electronic Card Transactions (ANZSIC06) - ECT,Total values - Electronic card transactions A/S/T by division,Actual,RTS total industries,,,
ECTM.S19A1,2021.08,4993.6,,F,Dollars,6,Electronic Card Transactions (ANZSIC06) - ECT,Total values - Electronic card transactions A/S/T by division,Actual,RTS total industries,,,
ECTM.S19A1,2021.09,5066.9,,F,Dollars,6,Electronic Card Transactions (ANZSIC06) - ECT,Total values - Electronic card transactions A/S/T by division,Actual,RTS total industries,,,
ECTM.S19A1,2021.10,5991.8,,F,Dollars,6,Electronic Card Transactions (ANZSIC06) - ECT,Total values - Electronic card transactions A/S/T by division,Actual,RTS total industries,,,
ECTM.S19A1,2021.11,6681.2,,F,Dollars,6,Electronic Card Transactions (ANZSIC06) - ECT,Total values - Electronic card transactions A/S/T by division,Actual,RTS total industries,,,
ECTM.S19A1,2021.12,8036.3,,F,Dollars,6,Electronic Card Transactions (ANZSIC06) - ECT,Total values - Electronic card transactions A/S/T by division,Actual,RTS total industries,,,
ECTM.S19A1,2022.01,6570.4,,F,Dollars,6,Electronic Card Transactions (ANZSIC06) - ECT,Total values - Electronic card transactions A/S/T by division,Actual,RTS total industries,,,
ECTM.S19A1,2022.02,5650.8,,F,Dollars,6,Electronic Card Transactions (ANZSIC06) - ECT,Total values - Electronic card transactions A/S/T by division,Actual,RTS total industries,,,
ECTM.S19A1,2022.03,6138.2,,F,Dollars,6,Electronic Card Transactions (ANZSIC06) - ECT,Total values - Electronic card transactions A/S/T by division,Actual,RTS total industries,,,
ECTM.S19A1,2022.04,6357.3,,F,Dollars,6,Electronic Card Transactions (ANZSIC06) - ECT,Total values - Electronic card transactions A/S/T by division,Actual,RTS total industries,,,
ECTM.S19A1,2022.05,6424.9,,F,Dollars,6,Electronic Card Transactions (ANZSIC06) - ECT,Total values - Electronic card transactions A/S/T by division,Actual,RTS total industries,,,
ECTM.S19A1,2022.06,6300.2,,F,Dollars,6,Electronic Card Transactions (ANZSIC06) - ECT,Total values - Electronic card transactions A/S/T by division,Actual,RTS total industries,,,
ECTM.S19A1,2022.07,6500.9,,F,Dollars,6,Electronic Card Transactions (ANZSIC06) - ECT,Total values - Electronic card transactions A/S/T by division,Actual,RTS total industries,,,
ECTM.S19A1,2022.08,6389.1,,F,Dollars,6,Electronic Card Transactions (ANZSIC06) - ECT,Total values - Electronic card transactions A/S/T by division,Actual,RTS total industries,,,
ECTM.S19A1,2022.09,6555.6,,F,Dollars,6,Electronic Card Transactions (ANZSIC06) - ECT,Total values - Electronic card transactions A/S/T by division,Actual,RTS total industries,,,
ECTM.S19A1,2022.10,7053.5,,F,Dollars,6,Electronic Card Transactions (ANZSIC06) - ECT,Total values - Electronic card transactions A/S/T by division,Actual,RTS total industries,,,
ECTM.S19A1,2022.11,7263.7,,F,Dollars,6,Electronic Card Transactions (ANZSIC06) - ECT,Total values - Electronic card transactions A/S/T by division,Actual,RTS total industries,,,
ECTM.S19A1,2022.12,8548.4,,F,Dollars,6,Electronic Card Transactions (ANZSIC06) - ECT,Total values - Electronic card transactions A/S/T by division,Actual,RTS total industries,,,
ECTM.S19A1,2023.01,6871.5,,F,Dollars,6,Electronic Card Transactions (ANZSIC06) - ECT,Total values - Electronic card transactions A/S/T by division,Actual,RTS total industries,,,
ECTM.S19A1,2023.02,6415.3,,F,Dollars,6,Electronic Card Transactions (ANZSIC06) - ECT,Total values - Electronic card transactions A/S/T by division,Actual,RTS total industries,,,
ECTM.S19A1,2023.03,7194.5,,F,Dollars,6,Electronic Card Transactions (ANZSIC06) - ECT,Total values - Electronic card transactions A/S/T by division,Actual,RTS total industries,,,
ECTM.S19A1,2023.04,6843.7,,F,Dollars,6,Electronic Card Transactions (ANZSIC06) - ECT,Total values - Electronic card transactions A/S/T by division,Actual,RTS total industries,,,
ECTM.S19A1,2023.05,6731.5,,F,Dollars,6,Electronic Card Transactions (ANZSIC06) - ECT,Total values - Electronic card transactions A/S/T by division,Actual,RTS total industries,,,
ECTM.S19A1,2023.06,6685.9,,F,Dollars,6,Electronic Card Transactions (ANZSIC06) - ECT,Total values - Electronic card transactions A/S/T by division,Actual,RTS total industries,,,
ECTM.S19A1,2023.07,6765.4,,F,Dollars,6,Electronic Card Transactions (ANZSIC06) - ECT,Total values - Electronic card transactions A/S/T by division,Actual,RTS total industries,,,
ECTM.S19A1,2023.08,6754.6,,F,Dollars,6,Electronic Card Transactions (ANZSIC06) - ECT,Total values - Electronic card transactions A/S/T by division,Actual,RTS total industries,,,
ECTM.S19A1,2023.09,6747,,F,Dollars,6,Electronic Card Transactions (ANZSIC06) - ECT,Total values - Electronic card transactions A/S/T by division,Actual,RTS total industries,,,
ECTM.S19A1,2023.10,6995.3,,F,Dollars,6,Electronic Card Transactions (ANZSIC06) - ECT,Total values - Electronic card transactions A/S/T by division,Actual,RTS total industries,,,
ECTM.S19A1,2023.11,7499.2,,F,Dollars,6,Electronic Card Transactions (ANZSIC06) - ECT,Total values - Electronic card transactions A/S/T by division,Actual,RTS total industries,,,
ECTM.S19A1,2023.12,8608.5,,F,Dollars,6,Electronic Card Transactions (ANZSIC06) - ECT,Total values - Electronic card transactions A/S/T by division,Actual,RTS total industries,,,
ECTM.S19A1,2024.01,7070.3,,F,Dollars,6,Electronic Card Transactions (ANZSIC06) - ECT,Total values - Electronic card transactions A/S/T by division,Actual,RTS total industries,,,
ECTM.S19A1,2024.02,6724.4,,F,Dollars,6,Electronic Card Transactions (ANZSIC06) - ECT,Total values - Electronic card transactions A/S/T by division,Actual,RTS total industries,,,
ECTM.S19A1,2024.03,7129.9,,F,Dollars,6,Electronic Card Transactions (ANZSIC06) - ECT,Total values - Electronic card transactions A/S/T by division,Actual,RTS total industries,,,
ECTM.S19A1,2024.04,6685.2,,F,Dollars,6,Electronic Card Transactions (ANZSIC06) - ECT,Total values - Electronic card transactions A/S/T by division,Actual,RTS total industries,,,
ECTM.S19A1,2024.05,6717.4,,F,Dollars,6,Electronic Card Transactions (ANZSIC06) - ECT,Total values - Electronic card transactions A/S/T by division,Actual,RTS total industries,,,
ECTM.S19A1,2024.06,6402.5,,F,Dollars,6,Electronic Card Transactions (ANZSIC06) - ECT,Total values - Electronic card transactions A/S/T by division,Actual,RTS total industries,,,
ECTM.S19A1,2024.07,6474,,F,Dollars,6,Electronic Card Transactions (ANZSIC06) - ECT,Total values - Electronic card transactions A/S/T by division,Actual,RTS total industries,,,
ECTM.S19A1,2024.08,6589.3,,F,Dollars,6,Electronic Card Transactions (ANZSIC06) - ECT,Total values - Electronic card transactions A/S/T by division,Actual,RTS total industries,,,
ECTM.S19A1,2024.09,6406.5,,F,Dollars,6,Electronic Card Transactions (ANZSIC06) - ECT,Total values - Electronic card transactions A/S/T by division,Actual,RTS total industries,,,
ECTM.S19A1,2024.10,6943.4,,F,Dollars,6,Electronic Card Transactions (ANZSIC06) - ECT,Total values - Electronic card transactions A/S/T by division,Actual,RTS total industries,,,
ECTM.S19A1,2024.11,7354.7,,F,Dollars,6,Electronic Card Transactions (ANZSIC06) - ECT,Total values - Electronic card transactions A/S/T by division,Actual,RTS total industries,,,
ECTM.S19A1,2024.12,8610.1,,F,Dollars,6,Electronic Card Transactions (ANZSIC06) - ECT,Total values - Electronic card transactions A/S/T by division,Actual,RTS total industries,,,
ECTM.S19A1,2025.01,7077.4,,F,Dollars,6,Electronic Card Transactions (ANZSIC06) - ECT,Total values - Electronic card transactions A/S/T by division,Actual,RTS total industries,,,
ECTM.S19A1,2025.02,6456,,F,Dollars,6,Electronic Card Transactions (ANZSIC06) - ECT,Total values - Electronic card transactions A/S/T by division,Actual,RTS total industries,,,
ECTM.S19A1,2025.03,6960.2,,F,Dollars,6,Electronic Card Transactions (ANZSIC06) - ECT,Total values - Electronic card transactions A/S/T by division,Actual,RTS total industries,,,
ECTM.S19A1,2025.04,6614.9,,F,Dollars,6,Electronic Card Transactions (ANZSIC06) - ECT,Total values - Electronic card transactions A/S/T by division,Actual,RTS total industries,,,
ECTM.S19A1,2025.05,6710.2,,F,Dollars,6,Electronic Card Transactions (ANZSIC06) - ECT,Total values - Electronic card transactions A/S/T by division,Actual,RTS total industries,,,
ECTM.S19A1,2025.06,6382.6,,F,Dollars,6,Electronic Card Transactions (ANZSIC06) - ECT,Total values - Electronic card transactions A/S/T by division,Actual,RTS total industries,,,
ECTM.S19A1,2025.07,6581.5,,F,Dollars,6,Electronic Card Transactions (ANZSIC06) - ECT,Total values - Electronic card transactions A/S/T by division,Actual,RTS total industries,,,
ECTM.S19A1,2025.08,6647.9,,F,Dollars,6,Electronic Card Transactions (ANZSIC06) - ECT,Total values - Electronic card transactions A/S/T by division,Actual,RTS total industries,,,
ECTM.S19A1,2025.09,6471.2,,F,Dollars,6,Electronic Card Transactions (ANZSIC06) - ECT,Total values - Electronic card transactions A/S/T by division,Actual,RTS total industries,,,
ECTM.S19A1,2025.10,7000.4,,F,Dollars,6,Electronic Card Transactions (ANZSIC06) - ECT,Total values - Electronic card transactions A/S/T by division,Actual,RTS total industries,,,
ECTM.S19A1,2025.11,7475.8,,F,Dollars,6,Electronic Card Transactions (ANZSIC06) - ECT,Total values - Electronic card transactions A/S/T by division,Actual,RTS total industries,,,
ECTM.S19A1,2025.12,8563.9,,F,Dollars,6,Electronic Card Transactions (ANZSIC06) - ECT,Total values - Electronic card transactions A/S/T by division,Actual,RTS total industries,,,
ECTM.S19A1,2026.01,7103.2,,F,Dollars,6,Electronic Card Transactions (ANZSIC06) - ECT,Total values - Electronic card transactions A/S/T by division,Actual,RTS total industries,,,
ECTM.S19A1,2026.02,6552.6,,F,Dollars,6,Electronic Card Transactions (ANZSIC06) - ECT,Total values - Electronic card transactions A/S/T by division,Actual,RTS total industries,,,
ECTM.S19A1,2026.03,7148.7,,F,Dollars,6,Electronic Card Transactions (ANZSIC06) - ECT,Total values - Electronic card transactions A/S/T by division,Actual,RTS total industries,,,
ECTM.S19A1,2026.04,6748.3,,F,Dollars,6,Electronic Card Transactions (ANZSIC06) - ECT,Total values - Electronic card transactions A/S/T by division,Actual,RTS total industries,,,
ECTM.S19A1,2026.05,6929.2,,F,Dollars,6,Electronic Card Transactions (ANZSIC06) - ECT,Total values - Electronic card transactions A/S/T by division,Actual,RTS total industries,,,
ECTM.S19A1,2026.06,6462.9,,F,Dollars,6,Electronic Card Transactions (ANZSIC06) - ECT,Total values - Electronic card transactions A/S/T by division,Actual,RTS total industries,,,
ECTM.S19A1AC,2003.10,7.6,,F,Percent,0,Electronic Card Transactions (ANZSIC06) - ECT,"Totals - Electronic card transactions by division, percentage changes",Actual,RTS total industries,Percentage change from same period previous year,,
ECTM.S19A1AC,2003.11,8.5,,F,Percent,0,Electronic Card Transactions (ANZSIC06) - ECT,"Totals - Electronic card transactions by division, percentage changes",Actual,RTS total industries,Percentage change from same period previous year,,
ECTM.S19A1AC,2003.12,9.6,,F,Percent,0,Electronic Card Transactions (ANZSIC06) - ECT,"Totals - Electronic card transactions by division, percentage changes",Actual,RTS total industries,Percentage change from same period previous year,,
ECTM.S19A1AC,2004.01,8.9,,F,Percent,0,Electronic Card Transactions (ANZSIC06) - ECT,"Totals - Electronic card transactions by division, percentage changes",Actual,RTS total industries,Percentage change from same period previous year,,
ECTM.S19A1AC,2004.02,9.8,,F,Percent,0,Electronic Card Transactions (ANZSIC06) - ECT,"Totals - Electronic card transactions by division, percentage changes",Actual,RTS total industries,Percentage change from same period previous year,,
ECTM.S19A1AC,2004.03,8.7,,F,Percent,0,Electronic Card Transactions (ANZSIC06) - ECT,"Totals - Electronic card transactions by division, percentage changes",Actual,RTS total industries,Percentage change from same period previous year,,
ECTM.S19A1AC,2004.04,11.2,,F,Percent,0,Electronic Card Transactions (ANZSIC06) - ECT,"Totals - Electronic card transactions by division, percentage changes",Actual,RTS total industries,Percentage change from same period previous year,,
ECTM.S19A1AC,2004.05,8.7,,F,Percent,0,Electronic Card Transactions (ANZSIC06) - ECT,"Totals - Electronic card transactions by division, percentage changes",Actual,RTS total industries,Percentage change from same period previous year,,
ECTM.S19A1AC,2004.06,11.9,,F,Percent,0,Electronic Card Transactions (ANZSIC06) - ECT,"Totals - Electronic card transactions by division, percentage changes",Actual,RTS total industries,Percentage change from same period previous year,,
ECTM.S19A1AC,2004.07,11.4,,F,Percent,0,Electronic Card Transactions (ANZSIC06) - ECT,"Totals - Electronic card transactions by division, percentage changes",Actual,RTS total industries,Percentage change from same period previous year,,
ECTM.S19A1AC,2004.08,7.6,,F,Percent,0,Electronic Card Transactions (ANZSIC06) - ECT,"Totals - Electronic card transactions by division, percentage changes",Actual,RTS total industries,Percentage change from same period previous year,,
ECTM.S19A1AC,2004.09,11.1,,F,Percent,0,Electronic Card Transactions (ANZSIC06) - ECT,"Totals - Electronic card transactions by division, percentage changes",Actual,RTS total industries,Percentage change from same period previous year,,
ECTM.S19A1AC,2004.10,9,,F,Percent,0,Electronic Card Transactions (ANZSIC06) - ECT,"Totals - Electronic card transactions by division, percentage changes",Actual,RTS total industries,Percentage change from same period previous year,,
ECTM.S19A1AC,2004.11,9.1,,F,Percent,0,Electronic Card Transactions (ANZSIC06) - ECT,"Totals - Electronic card transactions by division, percentage changes",Actual,RTS total industries,Percentage change from same period previous year,,
ECTM.S19A1AC,2004.12,7.4,,F,Percent,0,Electronic Card Transactions (ANZSIC06) - ECT,"Totals - Electronic card transactions by division, percentage changes",Actual,RTS total industries,Percentage change from same period previous year,,
ECTM.S19A1AC,2005.01,8,,F,Percent,0,Electronic Card Transactions (ANZSIC06) - ECT,"Totals - Electronic card transactions by division, percentage changes",Actual,RTS total industries,Percentage change from same period previous year,,
ECTM.S19A1AC,2005.02,8,,F,Percent,0,Electronic Card Transactions (ANZSIC06) - ECT,"Totals - Electronic card transactions by division, percentage changes",Actual,RTS total industries,Percentage change from same period previous year,,
ECTM.S19A1AC,2005.03,10.1,,F,Percent,0,Electronic Card Transactions (ANZSIC06) - ECT,"Totals - Electronic card transactions by division, percentage changes",Actual,RTS total industries,Percentage change from same period previous year,,
ECTM.S19A1AC,2005.04,9.1,,F,Percent,0,Electronic Card Transactions (ANZSIC06) - ECT,"Totals - Electronic card transactions by division, percentage changes",Actual,RTS total industries,Percentage change from same period previous year,,
ECTM.S19A1AC,2005.05,6.9,,F,Percent,0,Electronic Card Transactions (ANZSIC06) - ECT,"Totals - Electronic card transactions by division, percentage changes",Actual,RTS total industries,Percentage change from same period previous year,,
ECTM.S19A1AC,2005.06,10.1,,F,Percent,0,Electronic Card Transactions (ANZSIC06) - ECT,"Totals - Electronic card transactions by division, percentage changes",Actual,RTS total industries,Percentage change from same period previous year,,
ECTM.S19A1AC,2005.07,8.2,,F,Percent,0,Electronic Card Transactions (ANZSIC06) - ECT,"Totals - Electronic card transactions by division, percentage changes",Actual,RTS total industries,Percentage change from same period previous year,,
ECTM.S19A1AC,2005.08,9.5,,F,Percent,0,Electronic Card Transactions (ANZSIC06) - ECT,"Totals - Electronic card transactions by division, percentage changes",Actual,RTS total industries,Percentage change from same period previous year,,
ECTM.S19A1AC,2005.09,10.5,,F,Percent,0,Electronic Card Transactions (ANZSIC06) - ECT,"Totals - Electronic card transactions by division, percentage changes",Actual,RTS total industries,Percentage change from same period previous year,,
ECTM.S19A1AC,2005.10,9.9,,F,Percent,0,Electronic Card Transactions (ANZSIC06) - ECT,"Totals - Electronic card transactions by division, percentage changes",Actual,RTS total industries,Percentage change from same period previous year,,
ECTM.S19A1AC,2005.11,8.6,,F,Percent,0,Electronic Card Transactions (ANZSIC06) - ECT,"Totals - Electronic card transactions by division, percentage changes",Actual,RTS total industries,Percentage change from same period previous year,,
ECTM.S19A1AC,2005.12,8.1,,F,Percent,0,Electronic Card Transactions (ANZSIC06) - ECT,"Totals - Electronic card transactions by division, percentage changes",Actual,RTS total industries,Percentage change from same period previous year,,
ECTM.S19A1AC,2006.01,7.5,,F,Percent,0,Electronic Card Transactions (ANZSIC06) - ECT,"Totals - Electronic card transactions by division, percentage changes",Actual,RTS total industries,Percentage change from same period previous year,,
ECTM.S19A1AC,2006.02,7.8,,F,Percent,0,Electronic Card Transactions (ANZSIC06) - ECT,"Totals - Electronic card transactions by division, percentage changes",Actual,RTS total industries,Percentage change from same period previous year,,
ECTM.S19A1AC,2006.03,9.6,,F,Percent,0,Electronic Card Transactions (ANZSIC06) - ECT,"Totals - Electronic card transactions by division, percentage changes",Actual,RTS total industries,Percentage change from same period previous year,,
ECTM.S19A1AC,2006.04,7.6,,F,Percent,0,Electronic Card Transactions (ANZSIC06) - ECT,"Totals - Electronic card transactions by division, percentage changes",Actual,RTS total industries,Percentage change from same period previous year,,
ECTM.S19A1AC,2006.05,11.7,,F,Percent,0,Electronic Card Transactions (ANZSIC06) - ECT,"Totals - Electronic card transactions by division, percentage changes",Actual,RTS total industries,Percentage change from same period previous year,,
ECTM.S19A1AC,2006.06,11,,F,Percent,0,Electronic Card Transactions (ANZSIC06) - ECT,"Totals - Electronic card transactions by division, percentage changes",Actual,RTS total industries,Percentage change from same period previous year,,
ECTM.S19A1AC,2006.07,7.9,,F,Percent,0,Electronic Card Transactions (ANZSIC06) - ECT,"Totals - Electronic card transactions by division, percentage changes",Actual,RTS total industries,Percentage change from same period previous year,,
ECTM.S19A1AC,2006.08,9.8,,F,Percent,0,Electronic Card Transactions (ANZSIC06) - ECT,"Totals - Electronic card transactions by division, percentage changes",Actual,RTS total industries,Percentage change from same period previous year,,
ECTM.S19A1AC,2006.09,8.3,,F,Percent,0,Electronic Card Transactions (ANZSIC06) - ECT,"Totals - Electronic card transactions by division, percentage changes",Actual,RTS total industries,Percentage change from same period previous year,,
ECTM.S19A1AC,2006.10,7.2,,F,Percent,0,Electronic Card Transactions (ANZSIC06) - ECT,"Totals - Electronic card transactions by division, percentage changes",Actual,RTS total industries,Percentage change from same period previous year,,
ECTM.S19A1AC,2006.11,9,,F,Percent,0,Electronic Card Transactions (ANZSIC06) - ECT,"Totals - Electronic card transactions by division, percentage changes",Actual,RTS total industries,Percentage change from same period previous year,,
ECTM.S19A1AC,2006.12,10.4,,F,Percent,0,Electronic Card Transactions (ANZSIC06) - ECT,"Totals - Electronic card transactions by division, percentage changes",Actual,RTS total industries,Percentage change from same period previous year,,
ECTM.S19A1AC,2007.01,9.2,,F,Percent,0,Electronic Card Transactions (ANZSIC06) - ECT,"Totals - Electronic card transactions by division, percentage changes",Actual,RTS total industries,Percentage change from same period previous year,,
ECTM.S19A1AC,2007.02,10,,F,Percent,0,Electronic Card Transactions (ANZSIC06) - ECT,"Totals - Electronic card transactions by division, percentage changes",Actual,RTS total industries,Percentage change from same period previous year,,
ECTM.S19A1AC,2007.03,9.7,,F,Percent,0,Electronic Card Transactions (ANZSIC06) - ECT,"Totals - Electronic card transactions by division, percentage changes",Actual,RTS total industries,Percentage change from same period previous year,,
ECTM.S19A1AC,2007.04,7.4,,F,Percent,0,Electronic Card Transactions (ANZSIC06) - ECT,"Totals - Electronic card transactions by division, percentage changes",Actual,RTS total industries,Percentage change from same period previous year,,
ECTM.S19A1AC,2007.05,7.2,,F,Percent,0,Electronic Card Transactions (ANZSIC06) - ECT,"Totals - Electronic card transactions by division, percentage changes",Actual,RTS total industries,Percentage change from same period previous year,,
ECTM.S19A1AC,2007.06,7.6,,F,Percent,0,Electronic Card Transactions (ANZSIC06) - ECT,"Totals - Electronic card transactions by division, percentage changes",Actual,RTS total industries,Percentage change from same period previous year,,
ECTM.S19A1AC,2007.07,6.1,,F,Percent,0,Electronic Card Transactions (ANZSIC06) - ECT,"Totals - Electronic card transactions by division, percentage changes",Actual,RTS total industries,Percentage change from same period previous year,,
ECTM.S19A1AC,2007.08,8.2,,F,Percent,0,Electronic Card Transactions (ANZSIC06) - ECT,"Totals - Electronic card transactions by division, percentage changes",Actual,RTS total industries,Percentage change from same period previous year,,
ECTM.S19A1AC,2007.09,8.1,,F,Percent,0,Electronic Card Transactions (ANZSIC06) - ECT,"Totals - Electronic card transactions by division, percentage changes",Actual,RTS total industries,Percentage change from same period previous year,,
ECTM.S19A1AC,2007.10,7.6,,F,Percent,0,Electronic Card Transactions (ANZSIC06) - ECT,"Totals - Electronic card transactions by division, percentage changes",Actual,RTS total industries,Percentage change from same period previous year,,
ECTM.S19A1AC,2007.11,9.6,,F,Percent,0,Electronic Card Transactions (ANZSIC06) - ECT,"Totals - Electronic card transactions by division, percentage changes",Actual,RTS total industries,Percentage change from same period previous year,,
ECTM.S19A1AC,2007.12,6.9,,F,Percent,0,Electronic Card Transactions (ANZSIC06) - ECT,"Totals - Electronic card transactions by division, percentage changes",Actual,RTS total industries,Percentage change from same period previous year,,
ECTM.S19A1AC,2008.01,8.1,,F,Percent,0,Electronic Card Transactions (ANZSIC06) - ECT,"Totals - Electronic card transactions by division, percentage changes",Actual,RTS total industries,Percentage change from same period previous year,,
ECTM.S19A1AC,2008.02,10.5,,F,Percent,0,Electronic Card Transactions (ANZSIC06) - ECT,"Totals - Electronic card transactions by division, percentage changes",Actual,RTS total industries,Percentage change from same period previous year,,
ECTM.S19A1AC,2008.03,4.4,,F,Percent,0,Electronic Card Transactions (ANZSIC06) - ECT,"Totals - Electronic card transactions by division, percentage changes",Actual,RTS total industries,Percentage change from same period previous year,,
ECTM.S19A1AC,2008.04,5.5,,F,Percent,0,Electronic Card Transactions (ANZSIC06) - ECT,"Totals - Electronic card transactions by division, percentage changes",Actual,RTS total industries,Percentage change from same period previous year,,
ECTM.S19A1AC,2008.05,8.3,,F,Percent,0,Electronic Card Transactions (ANZSIC06) - ECT,"Totals - Electronic card transactions by division, percentage changes",Actual,RTS total industries,Percentage change from same period previous year,,
ECTM.S19A1AC,2008.06,2.2,,F,Percent,0,Electronic Card Transactions (ANZSIC06) - ECT,"Totals - Electronic card transactions by division, percentage changes",Actual,RTS total industries,Percentage change from same period previous year,,
ECTM.S19A1AC,2008.07,6.6,,F,Percent,0,Electronic Card Transactions (ANZSIC06) - ECT,"Totals - Electronic card transactions by division, percentage changes",Actual,RTS total industries,Percentage change from same period previous year,,
ECTM.S19A1AC,2008.08,5.7,,F,Percent,0,Electronic Card Transactions (ANZSIC06) - ECT,"Totals - Electronic card transactions by division, percentage changes",Actual,RTS total industries,Percentage change from same period previous year,,
ECTM.S19A1AC,2008.09,3.6,,F,Percent,0,Electronic Card Transactions (ANZSIC06) - ECT,"Totals - Electronic card transactions by division, percentage changes",Actual,RTS total industries,Percentage change from same period previous year,,
ECTM.S19A1AC,2008.10,6.4,,F,Percent,0,Electronic Card Transactions (ANZSIC06) - ECT,"Totals - Electronic card transactions by division, percentage changes",Actual,RTS total industries,Percentage change from same period previous year,,
ECTM.S19A1AC,2008.11,1.4,,F,Percent,0,Electronic Card Transactions (ANZSIC06) - ECT,"Totals - Electronic card transactions by division, percentage changes",Actual,RTS total industries,Percentage change from same period previous year,,
ECTM.S19A1AC,2008.12,1.9,,F,Percent,0,Electronic Card Transactions (ANZSIC06) - ECT,"Totals - Electronic card transactions by division, percentage changes",Actual,RTS total industries,Percentage change from same period previous year,,
ECTM.S19A1AC,2009.01,3.3,,F,Percent,0,Electronic Card Transactions (ANZSIC06) - ECT,"Totals - Electronic card transactions by division, percentage changes",Actual,RTS total industries,Percentage change from same period previous year,,
ECTM.S19A1AC,2009.02,-1.4,,F,Percent,0,Electronic Card Transactions (ANZSIC06) - ECT,"Totals - Electronic card transactions by division, percentage changes",Actual,RTS total industries,Percentage change from same period previous year,,
ECTM.S19A1AC,2009.03,1.4,,F,Percent,0,Electronic Card Transactions (ANZSIC06) - ECT,"Totals - Electronic card transactions by division, percentage changes",Actual,RTS total industries,Percentage change from same period previous year,,
ECTM.S19A1AC,2009.04,3.1,,F,Percent,0,Electronic Card Transactions (ANZSIC06) - ECT,"Totals - Electronic card transactions by division, percentage changes",Actual,RTS total industries,Percentage change from same period previous year,,
ECTM.S19A1AC,2009.05,1.6,,F,Percent,0,Electronic Card Transactions (ANZSIC06) - ECT,"Totals - Electronic card transactions by division, percentage changes",Actual,RTS total industries,Percentage change from same period previous year,,
ECTM.S19A1AC,2009.06,2.3,,F,Percent,0,Electronic Card Transactions (ANZSIC06) - ECT,"Totals - Electronic card transactions by division, percentage changes",Actual,RTS total industries,Percentage change from same period previous year,,
ECTM.S19A1AC,2009.07,2.7,,F,Percent,0,Electronic Card Transactions (ANZSIC06) - ECT,"Totals - Electronic card transactions by division, percentage changes",Actual,RTS total industries,Percentage change from same period previous year,,
ECTM.S19A1AC,2009.08,1.2,,F,Percent,0,Electronic Card Transactions (ANZSIC06) - ECT,"Totals - Electronic card transactions by division, percentage changes",Actual,RTS total industries,Percentage change from same period previous year,,
ECTM.S19A1AC,2009.09,2.5,,F,Percent,0,Electronic Card Transactions (ANZSIC06) - ECT,"Totals - Electronic card transactions by division, percentage changes",Actual,RTS total industries,Percentage change from same period previous year,,
ECTM.S19A1AC,2009.10,2.2,,F,Percent,0,Electronic Card Transactions (ANZSIC06) - ECT,"Totals - Electronic card transactions by division, percentage changes",Actual,RTS total industries,Percentage change from same period previous year,,
ECTM.S19A1AC,2009.11,2.3,,F,Percent,0,Electronic Card Transactions (ANZSIC06) - ECT,"Totals - Electronic card transactions by division, percentage changes",Actual,RTS total industries,Percentage change from same period previous year,,
ECTM.S19A1AC,2009.12,4.2,,F,Percent,0,Electronic Card Transactions (ANZSIC06) - ECT,"Totals - Electronic card transactions by division, percentage changes",Actual,RTS total industries,Percentage change from same period previous year,,
ECTM.S19A1AC,2010.01,3.5,,F,Percent,0,Electronic Card Transactions (ANZSIC06) - ECT,"Totals - Electronic card transactions by division, percentage changes",Actual,RTS total industries,Percentage change from same period previous year,,
ECTM.S19A1AC,2010.02,3.2,,F,Percent,0,Electronic Card Transactions (ANZSIC06) - ECT,"Totals - Electronic card transactions by division, percentage changes",Actual,RTS total industries,Percentage change from same period previous year,,
ECTM.S19A1AC,2010.03,5.7,,F,Percent,0,Electronic Card Transactions (ANZSIC06) - ECT,"Totals - Electronic card transactions by division, percentage changes",Actual,RTS total industries,Percentage change from same period previous year,,
ECTM.S19A1AC,2010.04,3.4,,F,Percent,0,Electronic Card Transactions (ANZSIC06) - ECT,"Totals - Electronic card transactions by division, percentage changes",Actual,RTS total industries,Percentage change from same period previous year,,
ECTM.S19A1AC,2010.05,2.4,,F,Percent,0,Electronic Card Transactions (ANZSIC06) - ECT,"Totals - Electronic card transactions by division, percentage changes",Actual,RTS total industries,Percentage change from same period previous year,,
ECTM.S19A1AC,2010.06,4.6,,F,Percent,0,Electronic Card Transactions (ANZSIC06) - ECT,"Totals - Electronic card transactions by division, percentage changes",Actual,RTS total industries,Percentage change from same period previous year,,
ECTM.S19A1AC,2010.07,4.6,,F,Percent,0,Electronic Card Transactions (ANZSIC06) - ECT,"Totals - Electronic card transactions by division, percentage changes",Actual,RTS total industries,Percentage change from same period previous year,,
ECTM.S19A1AC,2010.08,1.8,,F,Percent,0,Electronic Card Transactions (ANZSIC06) - ECT,"Totals - Electronic card transactions by division, percentage changes",Actual,RTS total industries,Percentage change from same period previous year,,
ECTM.S19A1AC,2010.09,5.2,,F,Percent,0,Electronic Card Transactions (ANZSIC06) - ECT,"Totals - Electronic card transactions by division, percentage changes",Actual,RTS total industries,Percentage change from same period previous year,,
ECTM.S19A1AC,2010.10,4.9,,F,Percent,0,Electronic Card Transactions (ANZSIC06) - ECT,"Totals - Electronic card transactions by division, percentage changes",Actual,RTS total industries,Percentage change from same period previous year,,
ECTM.S19A1AC,2010.11,6.4,,F,Percent,0,Electronic Card Transactions (ANZSIC06) - ECT,"Totals - Electronic card transactions by division, percentage changes",Actual,RTS total industries,Percentage change from same period previous year,,
ECTM.S19A1AC,2010.12,6.3,,F,Percent,0,Electronic Card Transactions (ANZSIC06) - ECT,"Totals - Electronic card transactions by division, percentage changes",Actual,RTS total industries,Percentage change from same period previous year,,
ECTM.S19A1AC,2011.01,6,,F,Percent,0,Electronic Card Transactions (ANZSIC06) - ECT,"Totals - Electronic card transactions by division, percentage changes",Actual,RTS total industries,Percentage change from same period previous year,,
ECTM.S19A1AC,2011.02,5.9,,F,Percent,0,Electronic Card Transactions (ANZSIC06) - ECT,"Totals - Electronic card transactions by division, percentage changes",Actual,RTS total industries,Percentage change from same period previous year,,
ECTM.S19A1AC,2011.03,6.1,,F,Percent,0,Electronic Card Transactions (ANZSIC06) - ECT,"Totals - Electronic card transactions by division, percentage changes",Actual,RTS total industries,Percentage change from same period previous year,,
ECTM.S19A1AC,2011.04,9.9,,F,Percent,0,Electronic Card Transactions (ANZSIC06) - ECT,"Totals - Electronic card transactions by division, percentage changes",Actual,RTS total industries,Percentage change from same period previous year,,
ECTM.S19A1AC,2011.05,6.3,,F,Percent,0,Electronic Card Transactions (ANZSIC06) - ECT,"Totals - Electronic card transactions by division, percentage changes",Actual,RTS total industries,Percentage change from same period previous year,,
ECTM.S19A1AC,2011.06,8.6,,F,Percent,0,Electronic Card Transactions (ANZSIC06) - ECT,"Totals - Electronic card transactions by division, percentage changes",Actual,RTS total industries,Percentage change from same period previous year,,
ECTM.S19A1AC,2011.07,7.9,,F,Percent,0,Electronic Card Transactions (ANZSIC06) - ECT,"Totals - Electronic card transactions by division, percentage changes",Actual,RTS total industries,Percentage change from same period previous year,,
ECTM.S19A1AC,2011.08,8,,F,Percent,0,Electronic Card Transactions (ANZSIC06) - ECT,"Totals - Electronic card transactions by division, percentage changes",Actual,RTS total industries,Percentage change from same period previous year,,
ECTM.S19A1AC,2011.09,7.2,,F,Percent,0,Electronic Card Transactions (ANZSIC06) - ECT,"Totals - Electronic card transactions by division, percentage changes",Actual,RTS total industries,Percentage change from same period previous year,,
ECTM.S19A1AC,2011.10,7.4,,F,Percent,0,Electronic Card Transactions (ANZSIC06) - ECT,"Totals - Electronic card transactions by division, percentage changes",Actual,RTS total industries,Percentage change from same period previous year,,
ECTM.S19A1AC,2011.11,6.1,,F,Percent,0,Electronic Card Transactions (ANZSIC06) - ECT,"Totals - Electronic card transactions by division, percentage changes",Actual,RTS total industries,Percentage change from same period previous year,,
ECTM.S19A1AC,2011.12,5.8,,F,Percent,0,Electronic Card Transactions (ANZSIC06) - ECT,"Totals - Electronic card transactions by division, percentage changes",Actual,RTS total industries,Percentage change from same period previous year,,
ECTM.S19A1AC,2012.01,4.9,,F,Percent,0,Electronic Card Transactions (ANZSIC06) - ECT,"Totals - Electronic card transactions by division, percentage changes",Actual,RTS total industries,Percentage change from same period previous year,,
ECTM.S19A1AC,2012.02,8.9,,F,Percent,0,Electronic Card Transactions (ANZSIC06) - ECT,"Totals - Electronic card transactions by division, percentage changes",Actual,RTS total industries,Percentage change from same period previous year,,
ECTM.S19A1AC,2012.03,6.4,,F,Percent,0,Electronic Card Transactions (ANZSIC06) - ECT,"Totals - Electronic card transactions by division, percentage changes",Actual,RTS total industries,Percentage change from same period previous year,,
ECTM.S19A1AC,2012.04,1.9,,F,Percent,0,Electronic Card Transactions (ANZSIC06) - ECT,"Totals - Electronic card transactions by division, percentage changes",Actual,RTS total industries,Percentage change from same period previous year,,
ECTM.S19A1AC,2012.05,6.5,,F,Percent,0,Electronic Card Transactions (ANZSIC06) - ECT,"Totals - Electronic card transactions by division, percentage changes",Actual,RTS total industries,Percentage change from same period previous year,,
ECTM.S19A1AC,2012.06,6.1,,F,Percent,0,Electronic Card Transactions (ANZSIC06) - ECT,"Totals - Electronic card transactions by division, percentage changes",Actual,RTS total industries,Percentage change from same period previous year,,
ECTM.S19A1AC,2012.07,1.6,,F,Percent,0,Electronic Card Transactions (ANZSIC06) - ECT,"Totals - Electronic card transactions by division, percentage changes",Actual,RTS total industries,Percentage change from same period previous year,,
ECTM.S19A1AC,2012.08,7.6,,F,Percent,0,Electronic Card Transactions (ANZSIC06) - ECT,"Totals - Electronic card transactions by division, percentage changes",Actual,RTS total industries,Percentage change from same period previous year,,
ECTM.S19A1AC,2012.09,4.8,,F,Percent,0,Electronic Card Transactions (ANZSIC06) - ECT,"Totals - Electronic card transactions by division, percentage changes",Actual,RTS total industries,Percentage change from same period previous year,,
ECTM.S19A1AC,2012.10,3.4,,F,Percent,0,Electronic Card Transactions (ANZSIC06) - ECT,"Totals - Electronic card transactions by division, percentage changes",Actual,RTS total industries,Percentage change from same period previous year,,
ECTM.S19A1AC,2012.11,6.6,,F,Percent,0,Electronic Card Transactions (ANZSIC06) - ECT,"Totals - Electronic card transactions by division, percentage changes",Actual,RTS total industries,Percentage change from same period previous year,,
ECTM.S19A1AC,2012.12,4,,F,Percent,0,Electronic Card Transactions (ANZSIC06) - ECT,"Totals - Electronic card transactions by division, percentage changes",Actual,RTS total industries,Percentage change from same period previous year,,
ECTM.S19A1AC,2013.01,6.2,,F,Percent,0,Electronic Card Transactions (ANZSIC06) - ECT,"Totals - Electronic card transactions by division, percentage changes",Actual,RTS total industries,Percentage change from same period previous year,,
ECTM.S19A1AC,2013.02,2.7,,F,Percent,0,Electronic Card Transactions (ANZSIC06) - ECT,"Totals - Electronic card transactions by division, percentage changes",Actual,RTS total industries,Percentage change from same period previous year,,
ECTM.S19A1AC,2013.03,4.7,,F,Percent,0,Electronic Card Transactions (ANZSIC06) - ECT,"Totals - Electronic card transactions by division, percentage changes",Actual,RTS total industries,Percentage change from same period previous year,,
ECTM.S19A1AC,2013.04,5.7,,F,Percent,0,Electronic Card Transactions (ANZSIC06) - ECT,"Totals - Electronic card transactions by division, percentage changes",Actual,RTS total industries,Percentage change from same period previous year,,
ECTM.S19A1AC,2013.05,6.1,,F,Percent,0,Electronic Card Transactions (ANZSIC06) - ECT,"Totals - Electronic card transactions by division, percentage changes",Actual,RTS total industries,Percentage change from same period previous year,,
ECTM.S19A1AC,2013.06,5.5,,F,Percent,0,Electronic Card Transactions (ANZSIC06) - ECT,"Totals - Electronic card transactions by division, percentage changes",Actual,RTS total industries,Percentage change from same period previous year,,
ECTM.S19A1AC,2013.07,7.6,,F,Percent,0,Electronic Card Transactions (ANZSIC06) - ECT,"Totals - Electronic card transactions by division, percentage changes",Actual,RTS total industries,Percentage change from same period previous year,,
ECTM.S19A1AC,2013.08,6.6,,F,Percent,0,Electronic Card Transactions (ANZSIC06) - ECT,"Totals - Electronic card transactions by division, percentage changes",Actual,RTS total industries,Percentage change from same period previous year,,
ECTM.S19A1AC,2013.09,3.7,,F,Percent,0,Electronic Card Transactions (ANZSIC06) - ECT,"Totals - Electronic card transactions by division, percentage changes",Actual,RTS total industries,Percentage change from same period previous year,,
ECTM.S19A1AC,2013.10,7.2,,F,Percent,0,Electronic Card Transactions (ANZSIC06) - ECT,"Totals - Electronic card transactions by division, percentage changes",Actual,RTS total industries,Percentage change from same period previous year,,
ECTM.S19A1AC,2013.11,6.8,,F,Percent,0,Electronic Card Transactions (ANZSIC06) - ECT,"Totals - Electronic card transactions by division, percentage changes",Actual,RTS total industries,Percentage change from same period previous year,,
ECTM.S19A1AC,2013.12,5.4,,F,Percent,0,Electronic Card Transactions (ANZSIC06) - ECT,"Totals - Electronic card transactions by division, percentage changes",Actual,RTS total industries,Percentage change from same period previous year,,
ECTM.S19A1AC,2014.01,6,,F,Percent,0,Electronic Card Transactions (ANZSIC06) - ECT,"Totals - Electronic card transactions by division, percentage changes",Actual,RTS total industries,Percentage change from same period previous year,,
ECTM.S19A1AC,2014.02,5.8,,F,Percent,0,Electronic Card Transactions (ANZSIC06) - ECT,"Totals - Electronic card transactions by division, percentage changes",Actual,RTS total industries,Percentage change from same period previous year,,
ECTM.S19A1AC,2014.03,4.8,,F,Percent,0,Electronic Card Transactions (ANZSIC06) - ECT,"Totals - Electronic card transactions by division, percentage changes",Actual,RTS total industries,Percentage change from same period previous year,,
ECTM.S19A1AC,2014.04,5.4,,F,Percent,0,Electronic Card Transactions (ANZSIC06) - ECT,"Totals - Electronic card transactions by division, percentage changes",Actual,RTS total industries,Percentage change from same period previous year,,
ECTM.S19A1AC,2014.05,7.1,,F,Percent,0,Electronic Card Transactions (ANZSIC06) - ECT,"Totals - Electronic card transactions by division, percentage changes",Actual,RTS total industries,Percentage change from same period previous year,,
ECTM.S19A1AC,2014.06,3.5,,F,Percent,0,Electronic Card Transactions (ANZSIC06) - ECT,"Totals - Electronic card transactions by division, percentage changes",Actual,RTS total industries,Percentage change from same period previous year,,
ECTM.S19A1AC,2014.07,4.6,,F,Percent,0,Electronic Card Transactions (ANZSIC06) - ECT,"Totals - Electronic card transactions by division, percentage changes",Actual,RTS total industries,Percentage change from same period previous year,,
ECTM.S19A1AC,2014.08,3.6,,F,Percent,0,Electronic Card Transactions (ANZSIC06) - ECT,"Totals - Electronic card transactions by division, percentage changes",Actual,RTS total industries,Percentage change from same period previous year,,
ECTM.S19A1AC,2014.09,4.7,,F,Percent,0,Electronic Card Transactions (ANZSIC06) - ECT,"Totals - Electronic card transactions by division, percentage changes",Actual,RTS total industries,Percentage change from same period previous year,,
ECTM.S19A1AC,2014.10,5.2,,F,Percent,0,Electronic Card Transactions (ANZSIC06) - ECT,"Totals - Electronic card transactions by division, percentage changes",Actual,RTS total industries,Percentage change from same period previous year,,
ECTM.S19A1AC,2014.11,3.2,,F,Percent,0,Electronic Card Transactions (ANZSIC06) - ECT,"Totals - Electronic card transactions by division, percentage changes",Actual,RTS total industries,Percentage change from same period previous year,,
ECTM.S19A1AC,2014.12,3.7,,F,Percent,0,Electronic Card Transactions (ANZSIC06) - ECT,"Totals - Electronic card transactions by division, percentage changes",Actual,RTS total industries,Percentage change from same period previous year,,
ECTM.S19A1AC,2015.01,4.5,,F,Percent,0,Electronic Card Transactions (ANZSIC06) - ECT,"Totals - Electronic card transactions by division, percentage changes",Actual,RTS total industries,Percentage change from same period previous year,,
ECTM.S19A1AC,2015.02,4,,F,Percent,0,Electronic Card Transactions (ANZSIC06) - ECT,"Totals - Electronic card transactions by division, percentage changes",Actual,RTS total industries,Percentage change from same period previous year,,
ECTM.S19A1AC,2015.03,3.7,,F,Percent,0,Electronic Card Transactions (ANZSIC06) - ECT,"Totals - Electronic card transactions by division, percentage changes",Actual,RTS total industries,Percentage change from same period previous year,,
ECTM.S19A1AC,2015.04,3.9,,F,Percent,0,Electronic Card Transactions (ANZSIC06) - ECT,"Totals - Electronic card transactions by division, percentage changes",Actual,RTS total industries,Percentage change from same period previous year,,
ECTM.S19A1AC,2015.05,3.2,,F,Percent,0,Electronic Card Transactions (ANZSIC06) - ECT,"Totals - Electronic card transactions by division, percentage changes",Actual,RTS total industries,Percentage change from same period previous year,,
ECTM.S19A1AC,2015.06,5,,F,Percent,0,Electronic Card Transactions (ANZSIC06) - ECT,"Totals - Electronic card transactions by division, percentage changes",Actual,RTS total industries,Percentage change from same period previous year,,
ECTM.S19A1AC,2015.07,5.6,,F,Percent,0,Electronic Card Transactions (ANZSIC06) - ECT,"Totals - Electronic card transactions by division, percentage changes",Actual,RTS total industries,Percentage change from same period previous year,,
ECTM.S19A1AC,2015.08,4.2,,F,Percent,0,Electronic Card Transactions (ANZSIC06) - ECT,"Totals - Electronic card transactions by division, percentage changes",Actual,RTS total industries,Percentage change from same period previous year,,
ECTM.S19A1AC,2015.09,6.1,,F,Percent,0,Electronic Card Transactions (ANZSIC06) - ECT,"Totals - Electronic card transactions by division, percentage changes",Actual,RTS total industries,Percentage change from same period previous year,,
ECTM.S19A1AC,2015.10,5.8,,F,Percent,0,Electronic Card Transactions (ANZSIC06) - ECT,"Totals - Electronic card transactions by division, percentage changes",Actual,RTS total industries,Percentage change from same period previous year,,
ECTM.S19A1AC,2015.11,4.6,,F,Percent,0,Electronic Card Transactions (ANZSIC06) - ECT,"Totals - Electronic card transactions by division, percentage changes",Actual,RTS total industries,Percentage change from same period previous year,,
ECTM.S19A1AC,2015.12,6.6,,F,Percent,0,Electronic Card Transactions (ANZSIC06) - ECT,"Totals - Electronic card transactions by division, percentage changes",Actual,RTS total industries,Percentage change from same period previous year,,
ECTM.S19A1AC,2016.01,5.2,,F,Percent,0,Electronic Card Transactions (ANZSIC06) - ECT,"Totals - Electronic card transactions by division, percentage changes",Actual,RTS total industries,Percentage change from same period previous year,,
ECTM.S19A1AC,2016.02,9.3,,F,Percent,0,Electronic Card Transactions (ANZSIC06) - ECT,"Totals - Electronic card transactions by division, percentage changes",Actual,RTS total industries,Percentage change from same period previous year,,
ECTM.S19A1AC,2016.03,6.2,,F,Percent,0,Electronic Card Transactions (ANZSIC06) - ECT,"Totals - Electronic card transactions by division, percentage changes",Actual,RTS total industries,Percentage change from same period previous year,,
ECTM.S19A1AC,2016.04,7.8,,F,Percent,0,Electronic Card Transactions (ANZSIC06) - ECT,"Totals - Electronic card transactions by division, percentage changes",Actual,RTS total industries,Percentage change from same period previous year,,
ECTM.S19A1AC,2016.05,3.3,,F,Percent,0,Electronic Card Transactions (ANZSIC06) - ECT,"Totals - Electronic card transactions by division, percentage changes",Actual,RTS total industries,Percentage change from same period previous year,,
ECTM.S19A1AC,2016.06,6.8,,F,Percent,0,Electronic Card Transactions (ANZSIC06) - ECT,"Totals - Electronic card transactions by division, percentage changes",Actual,RTS total industries,Percentage change from same period previous year,,
ECTM.S19A1AC,2016.07,5.8,,F,Percent,0,Electronic Card Transactions (ANZSIC06) - ECT,"Totals - Electronic card transactions by division, percentage changes",Actual,RTS total industries,Percentage change from same period previous year,,
ECTM.S19A1AC,2016.08,3.2,,F,Percent,0,Electronic Card Transactions (ANZSIC06) - ECT,"Totals - Electronic card transactions by division, percentage changes",Actual,RTS total industries,Percentage change from same period previous year,,
ECTM.S19A1AC,2016.09,6.1,,F,Percent,0,Electronic Card Transactions (ANZSIC06) - ECT,"Totals - Electronic card transactions by division, percentage changes",Actual,RTS total industries,Percentage change from same period previous year,,
ECTM.S19A1AC,2016.10,4.2,,F,Percent,0,Electronic Card Transactions (ANZSIC06) - ECT,"Totals - Electronic card transactions by division, percentage changes",Actual,RTS total industries,Percentage change from same period previous year,,
ECTM.S19A1AC,2016.11,5.1,,F,Percent,0,Electronic Card Transactions (ANZSIC06) - ECT,"Totals - Electronic card transactions by division, percentage changes",Actual,RTS total industries,Percentage change from same period previous year,,
ECTM.S19A1AC,2016.12,5.8,,F,Percent,0,Electronic Card Transactions (ANZSIC06) - ECT,"Totals - Electronic card transactions by division, percentage changes",Actual,RTS total industries,Percentage change from same period previous year,,
ECTM.S19A1AC,2017.01,10.4,,F,Percent,0,Electronic Card Transactions (ANZSIC06) - ECT,"Totals - Electronic card transactions by division, percentage changes",Actual,RTS total industries,Percentage change from same period previous year,,
ECTM.S19A1AC,2017.02,7.2,,F,Percent,0,Electronic Card Transactions (ANZSIC06) - ECT,"Totals - Electronic card transactions by division, percentage changes",Actual,RTS total industries,Percentage change from same period previous year,,
ECTM.S19A1AC,2017.03,10.6,,F,Percent,0,Electronic Card Transactions (ANZSIC06) - ECT,"Totals - Electronic card transactions by division, percentage changes",Actual,RTS total industries,Percentage change from same period previous year,,
ECTM.S19A1AC,2017.04,8.9,,F,Percent,0,Electronic Card Transactions (ANZSIC06) - ECT,"Totals - Electronic card transactions by division, percentage changes",Actual,RTS total industries,Percentage change from same period previous year,,
ECTM.S19A1AC,2017.05,10.3,,F,Percent,0,Electronic Card Transactions (ANZSIC06) - ECT,"Totals - Electronic card transactions by division, percentage changes",Actual,RTS total industries,Percentage change from same period previous year,,
ECTM.S19A1AC,2017.06,9.3,,F,Percent,0,Electronic Card Transactions (ANZSIC06) - ECT,"Totals - Electronic card transactions by division, percentage changes",Actual,RTS total industries,Percentage change from same period previous year,,
ECTM.S19A1AC,2017.07,7.1,,F,Percent,0,Electronic Card Transactions (ANZSIC06) - ECT,"Totals - Electronic card transactions by division, percentage changes",Actual,RTS total industries,Percentage change from same period previous year,,
ECTM.S19A1AC,2017.08,10.3,,F,Percent,0,Electronic Card Transactions (ANZSIC06) - ECT,"Totals - Electronic card transactions by division, percentage changes",Actual,RTS total industries,Percentage change from same period previous year,,
ECTM.S19A1AC,2017.09,8.7,,F,Percent,0,Electronic Card Transactions (ANZSIC06) - ECT,"Totals - Electronic card transactions by division, percentage changes",Actual,RTS total industries,Percentage change from same period previous year,,
ECTM.S19A1AC,2017.10,7.7,,F,Percent,0,Electronic Card Transactions (ANZSIC06) - ECT,"Totals - Electronic card transactions by division, percentage changes",Actual,RTS total industries,Percentage change from same period previous year,,
ECTM.S19A1AC,2017.11,11.3,,F,Percent,0,Electronic Card Transactions (ANZSIC06) - ECT,"Totals - Electronic card transactions by division, percentage changes",Actual,RTS total industries,Percentage change from same period previous year,,
ECTM.S19A1AC,2017.12,8.4,,F,Percent,0,Electronic Card Transactions (ANZSIC06) - ECT,"Totals - Electronic card transactions by division, percentage changes",Actual,RTS total industries,Percentage change from same period previous year,,
ECTM.S19A1AC,2018.01,4.8,,F,Percent,0,Electronic Card Transactions (ANZSIC06) - ECT,"Totals - Electronic card transactions by division, percentage changes",Actual,RTS total industries,Percentage change from same period previous year,,
ECTM.S19A1AC,2018.02,4.7,,F,Percent,0,Electronic Card Transactions (ANZSIC06) - ECT,"Totals - Electronic card transactions by division, percentage changes",Actual,RTS total industries,Percentage change from same period previous year,,
ECTM.S19A1AC,2018.03,7,,F,Percent,0,Electronic Card Transactions (ANZSIC06) - ECT,"Totals - Electronic card transactions by division, percentage changes",Actual,RTS total industries,Percentage change from same period previous year,,
ECTM.S19A1AC,2018.04,2.2,,F,Percent,0,Electronic Card Transactions (ANZSIC06) - ECT,"Totals - Electronic card transactions by division, percentage changes",Actual,RTS total industries,Percentage change from same period previous year,,
ECTM.S19A1AC,2018.05,4.6,,F,Percent,0,Electronic Card Transactions (ANZSIC06) - ECT,"Totals - Electronic card transactions by division, percentage changes",Actual,RTS total industries,Percentage change from same period previous year,,
ECTM.S19A1AC,2018.06,5.5,,F,Percent,0,Electronic Card Transactions (ANZSIC06) - ECT,"Totals - Electronic card transactions by division, percentage changes",Actual,RTS total industries,Percentage change from same period previous year,,
ECTM.S19A1AC,2018.07,4.4,,F,Percent,0,Electronic Card Transactions (ANZSIC06) - ECT,"Totals - Electronic card transactions by division, percentage changes",Actual,RTS total industries,Percentage change from same period previous year,,
ECTM.S19A1AC,2018.08,6.7,,F,Percent,0,Electronic Card Transactions (ANZSIC06) - ECT,"Totals - Electronic card transactions by division, percentage changes",Actual,RTS total industries,Percentage change from same period previous year,,
ECTM.S19A1AC,2018.09,6,,F,Percent,0,Electronic Card Transactions (ANZSIC06) - ECT,"Totals - Electronic card transactions by division, percentage changes",Actual,RTS total industries,Percentage change from same period previous year,,
ECTM.S19A1AC,2018.10,6.2,,F,Percent,0,Electronic Card Transactions (ANZSIC06) - ECT,"Totals - Electronic card transactions by division, percentage changes",Actual,RTS total industries,Percentage change from same period previous year,,
ECTM.S19A1AC,2018.11,4.7,,F,Percent,0,Electronic Card Transactions (ANZSIC06) - ECT,"Totals - Electronic card transactions by division, percentage changes",Actual,RTS total industries,Percentage change from same period previous year,,
ECTM.S19A1AC,2018.12,1.3,,F,Percent,0,Electronic Card Transactions (ANZSIC06) - ECT,"Totals - Electronic card transactions by division, percentage changes",Actual,RTS total industries,Percentage change from same period previous year,,
ECTM.S19A1AC,2019.01,4,,F,Percent,0,Electronic Card Transactions (ANZSIC06) - ECT,"Totals - Electronic card transactions by division, percentage changes",Actual,RTS total industries,Percentage change from same period previous year,,
ECTM.S19A1AC,2019.02,3.8,,F,Percent,0,Electronic Card Transactions (ANZSIC06) - ECT,"Totals - Electronic card transactions by division, percentage changes",Actual,RTS total industries,Percentage change from same period previous year,,
ECTM.S19A1AC,2019.03,1,,F,Percent,0,Electronic Card Transactions (ANZSIC06) - ECT,"Totals - Electronic card transactions by division, percentage changes",Actual,RTS total industries,Percentage change from same period previous year,,
ECTM.S19A1AC,2019.04,4.9,,F,Percent,0,Electronic Card Transactions (ANZSIC06) - ECT,"Totals - Electronic card transactions by division, percentage changes",Actual,RTS total industries,Percentage change from same period previous year,,
ECTM.S19A1AC,2019.05,3.5,,F,Percent,0,Electronic Card Transactions (ANZSIC06) - ECT,"Totals - Electronic card transactions by division, percentage changes",Actual,RTS total industries,Percentage change from same period previous year,,
ECTM.S19A1AC,2019.06,1.6,,F,Percent,0,Electronic Card Transactions (ANZSIC06) - ECT,"Totals - Electronic card transactions by division, percentage changes",Actual,RTS total industries,Percentage change from same period previous year,,
ECTM.S19A1AC,2019.07,2.1,,F,Percent,0,Electronic Card Transactions (ANZSIC06) - ECT,"Totals - Electronic card transactions by division, percentage changes",Actual,RTS total industries,Percentage change from same period previous year,,
ECTM.S19A1AC,2019.08,3.2,,F,Percent,0,Electronic Card Transactions (ANZSIC06) - ECT,"Totals - Electronic card transactions by division, percentage changes",Actual,RTS total industries,Percentage change from same period previous year,,
ECTM.S19A1AC,2019.09,0.8,,F,Percent,0,Electronic Card Transactions (ANZSIC06) - ECT,"Totals - Electronic card transactions by division, percentage changes",Actual,RTS total industries,Percentage change from same period previous year,,
ECTM.S19A1AC,2019.10,1.9,,F,Percent,0,Electronic Card Transactions (ANZSIC06) - ECT,"Totals - Electronic card transactions by division, percentage changes",Actual,RTS total industries,Percentage change from same period previous year,,
ECTM.S19A1AC,2019.11,5.3,,F,Percent,0,Electronic Card Transactions (ANZSIC06) - ECT,"Totals - Electronic card transactions by division, percentage changes",Actual,RTS total industries,Percentage change from same period previous year,,
ECTM.S19A1AC,2019.12,4.4,,F,Percent,0,Electronic Card Transactions (ANZSIC06) - ECT,"Totals - Electronic card transactions by division, percentage changes",Actual,RTS total industries,Percentage change from same period previous year,,
ECTM.S19A1AC,2020.01,4.6,,F,Percent,0,Electronic Card Transactions (ANZSIC06) - ECT,"Totals - Electronic card transactions by division, percentage changes",Actual,RTS total industries,Percentage change from same period previous year,,
ECTM.S19A1AC,2020.02,8.9,,F,Percent,0,Electronic Card Transactions (ANZSIC06) - ECT,"Totals - Electronic card transactions by division, percentage changes",Actual,RTS total industries,Percentage change from same period previous year,,
ECTM.S19A1AC,2020.03,-2,,F,Percent,0,Electronic Card Transactions (ANZSIC06) - ECT,"Totals - Electronic card transactions by division, percentage changes",Actual,RTS total industries,Percentage change from same period previous year,,
ECTM.S19A1AC,2020.04,-47.2,,F,Percent,0,Electronic Card Transactions (ANZSIC06) - ECT,"Totals - Electronic card transactions by division, percentage changes",Actual,RTS total industries,Percentage change from same period previous year,,
ECTM.S19A1AC,2020.05,-6.2,,F,Percent,0,Electronic Card Transactions (ANZSIC06) - ECT,"Totals - Electronic card transactions by division, percentage changes",Actual,RTS total industries,Percentage change from same period previous year,,
ECTM.S19A1AC,2020.06,7.9,,F,Percent,0,Electronic Card Transactions (ANZSIC06) - ECT,"Totals - Electronic card transactions by division, percentage changes",Actual,RTS total industries,Percentage change from same period previous year,,
ECTM.S19A1AC,2020.07,11.2,,F,Percent,0,Electronic Card Transactions (ANZSIC06) - ECT,"Totals - Electronic card transactions by division, percentage changes",Actual,RTS total industries,Percentage change from same period previous year,,
ECTM.S19A1AC,2020.08,-1.1,,F,Percent,0,Electronic Card Transactions (ANZSIC06) - ECT,"Totals - Electronic card transactions by division, percentage changes",Actual,RTS total industries,Percentage change from same period previous year,,
ECTM.S19A1AC,2020.09,9.7,,F,Percent,0,Electronic Card Transactions (ANZSIC06) - ECT,"Totals - Electronic card transactions by division, percentage changes",Actual,RTS total industries,Percentage change from same period previous year,,
ECTM.S19A1AC,2020.10,8.3,,F,Percent,0,Electronic Card Transactions (ANZSIC06) - ECT,"Totals - Electronic card transactions by division, percentage changes",Actual,RTS total industries,Percentage change from same period previous year,,
ECTM.S19A1AC,2020.11,2.6,,F,Percent,0,Electronic Card Transactions (ANZSIC06) - ECT,"Totals - Electronic card transactions by division, percentage changes",Actual,RTS total industries,Percentage change from same period previous year,,
ECTM.S19A1AC,2020.12,3.9,,F,Percent,0,Electronic Card Transactions (ANZSIC06) - ECT,"Totals - Electronic card transactions by division, percentage changes",Actual,RTS total industries,Percentage change from same period previous year,,
ECTM.S19A1AC,2021.01,1.7,,F,Percent,0,Electronic Card Transactions (ANZSIC06) - ECT,"Totals - Electronic card transactions by division, percentage changes",Actual,RTS total industries,Percentage change from same period previous year,,
ECTM.S19A1AC,2021.02,-5.2,,F,Percent,0,Electronic Card Transactions (ANZSIC06) - ECT,"Totals - Electronic card transactions by division, percentage changes",Actual,RTS total industries,Percentage change from same period previous year,,
ECTM.S19A1AC,2021.03,6.3,,F,Percent,0,Electronic Card Transactions (ANZSIC06) - ECT,"Totals - Electronic card transactions by division, percentage changes",Actual,RTS total industries,Percentage change from same period previous year,,
ECTM.S19A1AC,2021.04,109.8,,F,Percent,0,Electronic Card Transactions (ANZSIC06) - ECT,"Totals - Electronic card transactions by division, percentage changes",Actual,RTS total industries,Percentage change from same period previous year,,
ECTM.S19A1AC,2021.05,19.7,,F,Percent,0,Electronic Card Transactions (ANZSIC06) - ECT,"Totals - Electronic card transactions by division, percentage changes",Actual,RTS total industries,Percentage change from same period previous year,,
ECTM.S19A1AC,2021.06,5.5,,F,Percent,0,Electronic Card Transactions (ANZSIC06) - ECT,"Totals - Electronic card transactions by division, percentage changes",Actual,RTS total industries,Percentage change from same period previous year,,
ECTM.S19A1AC,2021.07,5.1,,F,Percent,0,Electronic Card Transactions (ANZSIC06) - ECT,"Totals - Electronic card transactions by division, percentage changes",Actual,RTS total industries,Percentage change from same period previous year,,
ECTM.S19A1AC,2021.08,-10.8,,F,Percent,0,Electronic Card Transactions (ANZSIC06) - ECT,"Totals - Electronic card transactions by division, percentage changes",Actual,RTS total industries,Percentage change from same period previous year,,
ECTM.S19A1AC,2021.09,-16.2,,F,Percent,0,Electronic Card Transactions (ANZSIC06) - ECT,"Totals - Electronic card transactions by division, percentage changes",Actual,RTS total industries,Percentage change from same period previous year,,
ECTM.S19A1AC,2021.10,-7.2,,F,Percent,0,Electronic Card Transactions (ANZSIC06) - ECT,"Totals - Electronic card transactions by division, percentage changes",Actual,RTS total industries,Percentage change from same period previous year,,
ECTM.S19A1AC,2021.11,2.2,,F,Percent,0,Electronic Card Transactions (ANZSIC06) - ECT,"Totals - Electronic card transactions by division, percentage changes",Actual,RTS total industries,Percentage change from same period previous year,,
ECTM.S19A1AC,2021.12,4.5,,F,Percent,0,Electronic Card Transactions (ANZSIC06) - ECT,"Totals - Electronic card transactions by division, percentage changes",Actual,RTS total industries,Percentage change from same period previous year,,
ECTM.S19A1AC,2022.01,5.8,,F,Percent,0,Electronic Card Transactions (ANZSIC06) - ECT,"Totals - Electronic card transactions by division, percentage changes",Actual,RTS total industries,Percentage change from same period previous year,,
ECTM.S19A1AC,2022.02,1.2,,F,Percent,0,Electronic Card Transactions (ANZSIC06) - ECT,"Totals - Electronic card transactions by division, percentage changes",Actual,RTS total industries,Percentage change from same period previous year,,
ECTM.S19A1AC,2022.03,-0.4,,F,Percent,0,Electronic Card Transactions (ANZSIC06) - ECT,"Totals - Electronic card transactions by division, percentage changes",Actual,RTS total industries,Percentage change from same period previous year,,
ECTM.S19A1AC,2022.04,2,,F,Percent,0,Electronic Card Transactions (ANZSIC06) - ECT,"Totals - Electronic card transactions by division, percentage changes",Actual,RTS total industries,Percentage change from same period previous year,,
ECTM.S19A1AC,2022.05,0.6,,F,Percent,0,Electronic Card Transactions (ANZSIC06) - ECT,"Totals - Electronic card transactions by division, percentage changes",Actual,RTS total industries,Percentage change from same period previous year,,
ECTM.S19A1AC,2022.06,1.8,,F,Percent,0,Electronic Card Transactions (ANZSIC06) - ECT,"Totals - Electronic card transactions by division, percentage changes",Actual,RTS total industries,Percentage change from same period previous year,,
ECTM.S19A1AC,2022.07,0.7,,F,Percent,0,Electronic Card Transactions (ANZSIC06) - ECT,"Totals - Electronic card transactions by division, percentage changes",Actual,RTS total industries,Percentage change from same period previous year,,
ECTM.S19A1AC,2022.08,27.9,,F,Percent,0,Electronic Card Transactions (ANZSIC06) - ECT,"Totals - Electronic card transactions by division, percentage changes",Actual,RTS total industries,Percentage change from same period previous year,,
ECTM.S19A1AC,2022.09,29.4,,F,Percent,0,Electronic Card Transactions (ANZSIC06) - ECT,"Totals - Electronic card transactions by division, percentage changes",Actual,RTS total industries,Percentage change from same period previous year,,
ECTM.S19A1AC,2022.10,17.7,,F,Percent,0,Electronic Card Transactions (ANZSIC06) - ECT,"Totals - Electronic card transactions by division, percentage changes",Actual,RTS total industries,Percentage change from same period previous year,,
ECTM.S19A1AC,2022.11,8.7,,F,Percent,0,Electronic Card Transactions (ANZSIC06) - ECT,"Totals - Electronic card transactions by division, percentage changes",Actual,RTS total industries,Percentage change from same period previous year,,
ECTM.S19A1AC,2022.12,6.4,,F,Percent,0,Electronic Card Transactions (ANZSIC06) - ECT,"Totals - Electronic card transactions by division, percentage changes",Actual,RTS total industries,Percentage change from same period previous year,,
ECTM.S19A1AC,2023.01,4.6,,F,Percent,0,Electronic Card Transactions (ANZSIC06) - ECT,"Totals - Electronic card transactions by division, percentage changes",Actual,RTS total industries,Percentage change from same period previous year,,
ECTM.S19A1AC,2023.02,13.5,,F,Percent,0,Electronic Card Transactions (ANZSIC06) - ECT,"Totals - Electronic card transactions by division, percentage changes",Actual,RTS total industries,Percentage change from same period previous year,,
ECTM.S19A1AC,2023.03,17.2,,F,Percent,0,Electronic Card Transactions (ANZSIC06) - ECT,"Totals - Electronic card transactions by division, percentage changes",Actual,RTS total industries,Percentage change from same period previous year,,
ECTM.S19A1AC,2023.04,7.7,,F,Percent,0,Electronic Card Transactions (ANZSIC06) - ECT,"Totals - Electronic card transactions by division, percentage changes",Actual,RTS total industries,Percentage change from same period previous year,,
ECTM.S19A1AC,2023.05,4.8,,F,Percent,0,Electronic Card Transactions (ANZSIC06) - ECT,"Totals - Electronic card transactions by division, percentage changes",Actual,RTS total industries,Percentage change from same period previous year,,
ECTM.S19A1AC,2023.06,6.1,,F,Percent,0,Electronic Card Transactions (ANZSIC06) - ECT,"Totals - Electronic card transactions by division, percentage changes",Actual,RTS total industries,Percentage change from same period previous year,,
ECTM.S19A1AC,2023.07,4.1,,F,Percent,0,Electronic Card Transactions (ANZSIC06) - ECT,"Totals - Electronic card transactions by division, percentage changes",Actual,RTS total industries,Percentage change from same period previous year,,
ECTM.S19A1AC,2023.08,5.7,,F,Percent,0,Electronic Card Transactions (ANZSIC06) - ECT,"Totals - Electronic card transactions by division, percentage changes",Actual,RTS total industries,Percentage change from same period previous year,,
ECTM.S19A1AC,2023.09,2.9,,F,Percent,0,Electronic Card Transactions (ANZSIC06) - ECT,"Totals - Electronic card transactions by division, percentage changes",Actual,RTS total industries,Percentage change from same period previous year,,
ECTM.S19A1AC,2023.10,-0.8,,F,Percent,0,Electronic Card Transactions (ANZSIC06) - ECT,"Totals - Electronic card transactions by division, percentage changes",Actual,RTS total industries,Percentage change from same period previous year,,
ECTM.S19A1AC,2023.11,3.2,,F,Percent,0,Electronic Card Transactions (ANZSIC06) - ECT,"Totals - Electronic card transactions by division, percentage changes",Actual,RTS total industries,Percentage change from same period previous year,,
ECTM.S19A1AC,2023.12,0.7,,F,Percent,0,Electronic Card Transactions (ANZSIC06) - ECT,"Totals - Electronic card transactions by division, percentage changes",Actual,RTS total industries,Percentage change from same period previous year,,
ECTM.S19A1AC,2024.01,2.9,,F,Percent,0,Electronic Card Transactions (ANZSIC06) - ECT,"Totals - Electronic card transactions by division, percentage changes",Actual,RTS total industries,Percentage change from same period previous year,,
ECTM.S19A1AC,2024.02,4.8,,F,Percent,0,Electronic Card Transactions (ANZSIC06) - ECT,"Totals - Electronic card transactions by division, percentage changes",Actual,RTS total industries,Percentage change from same period previous year,,
ECTM.S19A1AC,2024.03,-0.9,,F,Percent,0,Electronic Card Transactions (ANZSIC06) - ECT,"Totals - Electronic card transactions by division, percentage changes",Actual,RTS total industries,Percentage change from same period previous year,,
ECTM.S19A1AC,2024.04,-2.3,,F,Percent,0,Electronic Card Transactions (ANZSIC06) - ECT,"Totals - Electronic card transactions by division, percentage changes",Actual,RTS total industries,Percentage change from same period previous year,,
ECTM.S19A1AC,2024.05,-0.2,,F,Percent,0,Electronic Card Transactions (ANZSIC06) - ECT,"Totals - Electronic card transactions by division, percentage changes",Actual,RTS total industries,Percentage change from same period previous year,,
ECTM.S19A1AC,2024.06,-4.2,,F,Percent,0,Electronic Card Transactions (ANZSIC06) - ECT,"Totals - Electronic card transactions by division, percentage changes",Actual,RTS total industries,Percentage change from same period previous year,,
ECTM.S19A1AC,2024.07,-4.3,,F,Percent,0,Electronic Card Transactions (ANZSIC06) - ECT,"Totals - Electronic card transactions by division, percentage changes",Actual,RTS total industries,Percentage change from same period previous year,,
ECTM.S19A1AC,2024.08,-2.4,,F,Percent,0,Electronic Card Transactions (ANZSIC06) - ECT,"Totals - Electronic card transactions by division, percentage changes",Actual,RTS total industries,Percentage change from same period previous year,,
ECTM.S19A1AC,2024.09,-5,,F,Percent,0,Electronic Card Transactions (ANZSIC06) - ECT,"Totals - Electronic card transactions by division, percentage changes",Actual,RTS total industries,Percentage change from same period previous year,,
ECTM.S19A1AC,2024.10,-0.7,,F,Percent,0,Electronic Card Transactions (ANZSIC06) - ECT,"Totals - Electronic card transactions by division, percentage changes",Actual,RTS total industries,Percentage change from same period previous year,,
ECTM.S19A1AC,2024.11,-1.9,,F,Percent,0,Electronic Card Transactions (ANZSIC06) - ECT,"Totals - Electronic card transactions by division, percentage changes",Actual,RTS total industries,Percentage change from same period previous year,,
ECTM.S19A1AC,2024.12,0,,F,Percent,0,Electronic Card Transactions (ANZSIC06) - ECT,"Totals - Electronic card transactions by division, percentage changes",Actual,RTS total industries,Percentage change from same period previous year,,
ECTM.S19A1AC,2025.01,0.1,,F,Percent,0,Electronic Card Transactions (ANZSIC06) - ECT,"Totals - Electronic card transactions by division, percentage changes",Actual,RTS total industries,Percentage change from same period previous year,,
ECTM.S19A1AC,2025.02,-4,,F,Percent,0,Electronic Card Transactions (ANZSIC06) - ECT,"Totals - Electronic card transactions by division, percentage changes",Actual,RTS total industries,Percentage change from same period previous year,,
ECTM.S19A1AC,2025.03,-2.4,,F,Percent,0,Electronic Card Transactions (ANZSIC06) - ECT,"Totals - Electronic card transactions by division, percentage changes",Actual,RTS total industries,Percentage change from same period previous year,,
ECTM.S19A1AC,2025.04,-1.1,,F,Percent,0,Electronic Card Transactions (ANZSIC06) - ECT,"Totals - Electronic card transactions by division, percentage changes",Actual,RTS total industries,Percentage change from same period previous year,,
ECTM.S19A1AC,2025.05,-0.1,,F,Percent,0,Electronic Card Transactions (ANZSIC06) - ECT,"Totals - Electronic card transactions by division, percentage changes",Actual,RTS total industries,Percentage change from same period previous year,,
ECTM.S19A1AC,2025.06,-0.3,,F,Percent,0,Electronic Card Transactions (ANZSIC06) - ECT,"Totals - Electronic card transactions by division, percentage changes",Actual,RTS total industries,Percentage change from same period previous year,,
ECTM.S19A1AC,2025.07,1.7,,F,Percent,0,Electronic Card Transactions (ANZSIC06) - ECT,"Totals - Electronic card transactions by division, percentage changes",Actual,RTS total industries,Percentage change from same period previous year,,
ECTM.S19A1AC,2025.08,0.9,,F,Percent,0,Electronic Card Transactions (ANZSIC06) - ECT,"Totals - Electronic card transactions by division, percentage changes",Actual,RTS total industries,Percentage change from same period previous year,,
ECTM.S19A1AC,2025.09,1,,F,Percent,0,Electronic Card Transactions (ANZSIC06) - ECT,"Totals - Electronic card transactions by division, percentage changes",Actual,RTS total industries,Percentage change from same period previous year,,
ECTM.S19A1AC,2025.10,0.8,,F,Percent,0,Electronic Card Transactions (ANZSIC06) - ECT,"Totals - Electronic card transactions by division, percentage changes",Actual,RTS total industries,Percentage change from same period previous year,,
ECTM.S19A1AC,2025.11,1.6,,F,Percent,0,Electronic Card Transactions (ANZSIC06) - ECT,"Totals - Electronic card transactions by division, percentage changes",Actual,RTS total industries,Percentage change from same period previous year,,
ECTM.S19A1AC,2025.12,-0.5,,F,Percent,0,Electronic Card Transactions (ANZSIC06) - ECT,"Totals - Electronic card transactions by division, percentage changes",Actual,RTS total industries,Percentage change from same period previous year,,
ECTM.S19A1AC,2026.01,0.4,,F,Percent,0,Electronic Card Transactions (ANZSIC06) - ECT,"Totals - Electronic card transactions by division, percentage changes",Actual,RTS total industries,Percentage change from same period previous year,,
ECTM.S19A1AC,2026.02,1.5,,F,Percent,0,Electronic Card Transactions (ANZSIC06) - ECT,"Totals - Electronic card transactions by division, percentage changes",Actual,RTS total industries,Percentage change from same period previous year,,
ECTM.S19A1AC,2026.03,2.7,,F,Percent,0,Electronic Card Transactions (ANZSIC06) - ECT,"Totals - Electronic card transactions by division, percentage changes",Actual,RTS total industries,Percentage change from same period previous year,,
ECTM.S19A1AC,2026.04,2,,F,Percent,0,Electronic Card Transactions (ANZSIC06) - ECT,"Totals - Electronic card transactions by division, percentage changes",Actual,RTS total industries,Percentage change from same period previous year,,
ECTM.S19A1AC,2026.05,3.3,,F,Percent,0,Electronic Card Transactions (ANZSIC06) - ECT,"Totals - Electronic card transactions by division, percentage changes",Actual,RTS total industries,Percentage change from same period previous year,,
ECTM.S19A1AC,2026.06,1.3,,F,Percent,0,Electronic Card Transactions (ANZSIC06) - ECT,"Totals - Electronic card transactions by division, percentage changes",Actual,RTS total industries,Percentage change from same period previous year,,
ECTM.S19A2,2000.01,,,C,Dollars,6,Electronic Card Transactions (ANZSIC06) - ECT,Total values - Electronic card transactions A/S/T by division,Actual,RTS core industries,,,
ECTM.S19A2,2000.02,,,C,Dollars,6,Electronic Card Transactions (ANZSIC06) - ECT,Total values - Electronic card transactions A/S/T by division,Actual,RTS core industries,,,
ECTM.S19A2,2000.03,,,C,Dollars,6,Electronic Card Transactions (ANZSIC06) - ECT,Total values - Electronic card transactions A/S/T by division,Actual,RTS core industries,,,
ECTM.S19A2,2000.04,,,C,Dollars,6,Electronic Card Transactions (ANZSIC06) - ECT,Total values - Electronic card transactions A/S/T by division,Actual,RTS core industries,,,
ECTM.S19A2,2000.05,,,C,Dollars,6,Electronic Card Transactions (ANZSIC06) - ECT,Total values - Electronic card transactions A/S/T by division,Actual,RTS core industries,,,
ECTM.S19A2,2000.06,,,C,Dollars,6,Electronic Card Transactions (ANZSIC06) - ECT,Total values - Electronic card transactions A/S/T by division,Actual,RTS core industries,,,
ECTM.S19A2,2000.07,,,C,Dollars,6,Electronic Card Transactions (ANZSIC06) - ECT,Total values - Electronic card transactions A/S/T by division,Actual,RTS core industries,,,
ECTM.S19A2,2000.08,,,C,Dollars,6,Electronic Card Transactions (ANZSIC06) - ECT,Total values - Electronic card transactions A/S/T by division,Actual,RTS core industries,,,
ECTM.S19A2,2000.09,,,C,Dollars,6,Electronic Card Transactions (ANZSIC06) - ECT,Total values - Electronic card transactions A/S/T by division,Actual,RTS core industries,,,
ECTM.S19A2,2000.10,,,C,Dollars,6,Electronic Card Transactions (ANZSIC06) - ECT,Total values - Electronic card transactions A/S/T by division,Actual,RTS core industries,,,
ECTM.S19A2,2000.11,,,C,Dollars,6,Electronic Card Transactions (ANZSIC06) - ECT,Total values - Electronic card transactions A/S/T by division,Actual,RTS core industries,,,
ECTM.S19A2,2000.12,,,C,Dollars,6,Electronic Card Transactions (ANZSIC06) - ECT,Total values - Electronic card transactions A/S/T by division,Actual,RTS core industries,,,
ECTM.S19A2,2001.01,,,C,Dollars,6,Electronic Card Transactions (ANZSIC06) - ECT,Total values - Electronic card transactions A/S/T by division,Actual,RTS core industries,,,
ECTM.S19A2,2001.02,,,C,Dollars,6,Electronic Card Transactions (ANZSIC06) - ECT,Total values - Electronic card transactions A/S/T by division,Actual,RTS core industries,,,
ECTM.S19A2,2001.03,,,C,Dollars,6,Electronic Card Transactions (ANZSIC06) - ECT,Total values - Electronic card transactions A/S/T by division,Actual,RTS core industries,,,
ECTM.S19A2,2001.04,,,C,Dollars,6,Electronic Card Transactions (ANZSIC06) - ECT,Total values - Electronic card transactions A/S/T by division,Actual,RTS core industries,,,
ECTM.S19A2,2001.05,,,C,Dollars,6,Electronic Card Transactions (ANZSIC06) - ECT,Total values - Electronic card transactions A/S/T by division,Actual,RTS core industries,,,
ECTM.S19A2,2001.06,,,C,Dollars,6,Electronic Card Transactions (ANZSIC06) - ECT,Total values - Electronic card transactions A/S/T by division,Actual,RTS core industries,,,
ECTM.S19A2,2001.07,,,C,Dollars,6,Electronic Card Transactions (ANZSIC06) - ECT,Total values - Electronic card transactions A/S/T by division,Actual,RTS core industries,,,
ECTM.S19A2,2001.08,,,C,Dollars,6,Electronic Card Transactions (ANZSIC06) - ECT,Total values - Electronic card transactions A/S/T by division,Actual,RTS core industries,,,
ECTM.S19A2,2001.09,,,C,Dollars,6,Electronic Card Transactions (ANZSIC06) - ECT,Total values - Electronic card transactions A/S/T by division,Actual,RTS core industries,,,
ECTM.S19A2,2001.10,,,C,Dollars,6,Electronic Card Transactions (ANZSIC06) - ECT,Total values - Electronic card transactions A/S/T by division,Actual,RTS core industries,,,
ECTM.S19A2,2001.11,,,C,Dollars,6,Electronic Card Transactions (ANZSIC06) - ECT,Total values - Electronic card transactions A/S/T by division,Actual,RTS core industries,,,
ECTM.S19A2,2001.12,,,C,Dollars,6,Electronic Card Transactions (ANZSIC06) - ECT,Total values - Electronic card transactions A/S/T by division,Actual,RTS core industries,,,
ECTM.S19A2,2002.01,,,C,Dollars,6,Electronic Card Transactions (ANZSIC06) - ECT,Total values - Electronic card transactions A/S/T by division,Actual,RTS core industries,,,
ECTM.S19A2,2002.02,,,C,Dollars,6,Electronic Card Transactions (ANZSIC06) - ECT,Total values - Electronic card transactions A/S/T by division,Actual,RTS core industries,,,
ECTM.S19A2,2002.03,,,C,Dollars,6,Electronic Card Transactions (ANZSIC06) - ECT,Total values - Electronic card transactions A/S/T by division,Actual,RTS core industries,,,
ECTM.S19A2,2002.04,,,C,Dollars,6,Electronic Card Transactions (ANZSIC06) - ECT,Total values - Electronic card transactions A/S/T by division,Actual,RTS core industries,,,
ECTM.S19A2,2002.05,,,C,Dollars,6,Electronic Card Transactions (ANZSIC06) - ECT,Total values - Electronic card transactions A/S/T by division,Actual,RTS core industries,,,
ECTM.S19A2,2002.06,,,C,Dollars,6,Electronic Card Transactions (ANZSIC06) - ECT,Total values - Electronic card transactions A/S/T by division,Actual,RTS core industries,,,
ECTM.S19A2,2002.07,,,C,Dollars,6,Electronic Card Transactions (ANZSIC06) - ECT,Total values - Electronic card transactions A/S/T by division,Actual,RTS core industries,,,
ECTM.S19A2,2002.08,,,C,Dollars,6,Electronic Card Transactions (ANZSIC06) - ECT,Total values - Electronic card transactions A/S/T by division,Actual,RTS core industries,,,
ECTM.S19A2,2002.09,,,C,Dollars,6,Electronic Card Transactions (ANZSIC06) - ECT,Total values - Electronic card transactions A/S/T by division,Actual,RTS core industries,,,
ECTM.S19A2,2002.10,1928.3,,F,Dollars,6,Electronic Card Transactions (ANZSIC06) - ECT,Total values - Electronic card transactions A/S/T by division,Actual,RTS core industries,,,
ECTM.S19A2,2002.11,1983.8,,F,Dollars,6,Electronic Card Transactions (ANZSIC06) - ECT,Total values - Electronic card transactions A/S/T by division,Actual,RTS core industries,,,
ECTM.S19A2,2002.12,2545,,F,Dollars,6,Electronic Card Transactions (ANZSIC06) - ECT,Total values - Electronic card transactions A/S/T by division,Actual,RTS core industries,,,
ECTM.S19A2,2003.01,1952.2,,F,Dollars,6,Electronic Card Transactions (ANZSIC06) - ECT,Total values - Electronic card transactions A/S/T by division,Actual,RTS core industries,,,
ECTM.S19A2,2003.02,1802.3,,F,Dollars,6,Electronic Card Transactions (ANZSIC06) - ECT,Total values - Electronic card transactions A/S/T by division,Actual,RTS core industries,,,
ECTM.S19A2,2003.03,1976.6,,F,Dollars,6,Electronic Card Transactions (ANZSIC06) - ECT,Total values - Electronic card transactions A/S/T by division,Actual,RTS core industries,,,
ECTM.S19A2,2003.04,1931.8,,F,Dollars,6,Electronic Card Transactions (ANZSIC06) - ECT,Total values - Electronic card transactions A/S/T by division,Actual,RTS core industries,,,
ECTM.S19A2,2003.05,1966.7,,F,Dollars,6,Electronic Card Transactions (ANZSIC06) - ECT,Total values - Electronic card transactions A/S/T by division,Actual,RTS core industries,,,
ECTM.S19A2,2003.06,1814.8,,F,Dollars,6,Electronic Card Transactions (ANZSIC06) - ECT,Total values - Electronic card transactions A/S/T by division,Actual,RTS core industries,,,
ECTM.S19A2,2003.07,1949.6,,F,Dollars,6,Electronic Card Transactions (ANZSIC06) - ECT,Total values - Electronic card transactions A/S/T by division,Actual,RTS core industries,,,
ECTM.S19A2,2003.08,1944.8,,F,Dollars,6,Electronic Card Transactions (ANZSIC06) - ECT,Total values - Electronic card transactions A/S/T by division,Actual,RTS core industries,,,
ECTM.S19A2,2003.09,1898.8,,F,Dollars,6,Electronic Card Transactions (ANZSIC06) - ECT,Total values - Electronic card transactions A/S/T by division,Actual,RTS core industries,,,
ECTM.S19A2,2003.10,2074.9,,F,Dollars,6,Electronic Card Transactions (ANZSIC06) - ECT,Total values - Electronic card transactions A/S/T by division,Actual,RTS core industries,,,
ECTM.S19A2,2003.11,2135.4,,F,Dollars,6,Electronic Card Transactions (ANZSIC06) - ECT,Total values - Electronic card transactions A/S/T by division,Actual,RTS core industries,,,
ECTM.S19A2,2003.12,2756.4,,F,Dollars,6,Electronic Card Transactions (ANZSIC06) - ECT,Total values - Electronic card transactions A/S/T by division,Actual,RTS core industries,,,
ECTM.S19A2,2004.01,2096.9,,F,Dollars,6,Electronic Card Transactions (ANZSIC06) - ECT,Total values - Electronic card transactions A/S/T by division,Actual,RTS core industries,,,
ECTM.S19A2,2004.02,1963.7,,F,Dollars,6,Electronic Card Transactions (ANZSIC06) - ECT,Total values - Electronic card transactions A/S/T by division,Actual,RTS core industries,,,
ECTM.S19A2,2004.03,2108.1,,F,Dollars,6,Electronic Card Transactions (ANZSIC06) - ECT,Total values - Electronic card transactions A/S/T by division,Actual,RTS core industries,,,
ECTM.S19A2,2004.04,2103,,F,Dollars,6,Electronic Card Transactions (ANZSIC06) - ECT,Total values - Electronic card transactions A/S/T by division,Actual,RTS core industries,,,
ECTM.S19A2,2004.05,2080.5,,F,Dollars,6,Electronic Card Transactions (ANZSIC06) - ECT,Total values - Electronic card transactions A/S/T by division,Actual,RTS core industries,,,
ECTM.S19A2,2004.06,1970.4,,F,Dollars,6,Electronic Card Transactions (ANZSIC06) - ECT,Total values - Electronic card transactions A/S/T by division,Actual,RTS core industries,,,
ECTM.S19A2,2004.07,2130.6,,F,Dollars,6,Electronic Card Transactions (ANZSIC06) - ECT,Total values - Electronic card transactions A/S/T by division,Actual,RTS core industries,,,
ECTM.S19A2,2004.08,2038.8,,F,Dollars,6,Electronic Card Transactions (ANZSIC06) - ECT,Total values - Electronic card transactions A/S/T by division,Actual,RTS core industries,,,
ECTM.S19A2,2004.09,2057.1,,F,Dollars,6,Electronic Card Transactions (ANZSIC06) - ECT,Total values - Electronic card transactions A/S/T by division,Actual,RTS core industries,,,
ECTM.S19A2,2004.10,2207,,F,Dollars,6,Electronic Card Transactions (ANZSIC06) - ECT,Total values - Electronic card transactions A/S/T by division,Actual,RTS core industries,,,
ECTM.S19A2,2004.11,2285.3,,F,Dollars,6,Electronic Card Transactions (ANZSIC06) - ECT,Total values - Electronic card transactions A/S/T by division,Actual,RTS core industries,,,
ECTM.S19A2,2004.12,2936.6,,F,Dollars,6,Electronic Card Transactions (ANZSIC06) - ECT,Total values - Electronic card transactions A/S/T by division,Actual,RTS core industries,,,
ECTM.S19A2,2005.01,2257,,F,Dollars,6,Electronic Card Transactions (ANZSIC06) - ECT,Total values - Electronic card transactions A/S/T by division,Actual,RTS core industries,,,
ECTM.S19A2,2005.02,2098.6,,F,Dollars,6,Electronic Card Transactions (ANZSIC06) - ECT,Total values - Electronic card transactions A/S/T by division,Actual,RTS core industries,,,
ECTM.S19A2,2005.03,2304.9,,F,Dollars,6,Electronic Card Transactions (ANZSIC06) - ECT,Total values - Electronic card transactions A/S/T by division,Actual,RTS core industries,,,
ECTM.S19A2,2005.04,2275.5,,F,Dollars,6,Electronic Card Transactions (ANZSIC06) - ECT,Total values - Electronic card transactions A/S/T by division,Actual,RTS core industries,,,
ECTM.S19A2,2005.05,2214.1,,F,Dollars,6,Electronic Card Transactions (ANZSIC06) - ECT,Total values - Electronic card transactions A/S/T by division,Actual,RTS core industries,,,
ECTM.S19A2,2005.06,2160,,F,Dollars,6,Electronic Card Transactions (ANZSIC06) - ECT,Total values - Electronic card transactions A/S/T by division,Actual,RTS core industries,,,
ECTM.S19A2,2005.07,2283.2,,F,Dollars,6,Electronic Card Transactions (ANZSIC06) - ECT,Total values - Electronic card transactions A/S/T by division,Actual,RTS core industries,,,
ECTM.S19A2,2005.08,2203.5,,F,Dollars,6,Electronic Card Transactions (ANZSIC06) - ECT,Total values - Electronic card transactions A/S/T by division,Actual,RTS core industries,,,
ECTM.S19A2,2005.09,2243.3,,F,Dollars,6,Electronic Card Transactions (ANZSIC06) - ECT,Total values - Electronic card transactions A/S/T by division,Actual,RTS core industries,,,
ECTM.S19A2,2005.10,2401.7,,F,Dollars,6,Electronic Card Transactions (ANZSIC06) - ECT,Total values - Electronic card transactions A/S/T by division,Actual,RTS core industries,,,
ECTM.S19A2,2005.11,2462.6,,F,Dollars,6,Electronic Card Transactions (ANZSIC06) - ECT,Total values - Electronic card transactions A/S/T by division,Actual,RTS core industries,,,
ECTM.S19A2,2005.12,3153.2,,F,Dollars,6,Electronic Card Transactions (ANZSIC06) - ECT,Total values - Electronic card transactions A/S/T by division,Actual,RTS core industries,,,
ECTM.S19A2,2006.01,2386.7,,F,Dollars,6,Electronic Card Transactions (ANZSIC06) - ECT,Total values - Electronic card transactions A/S/T by division,Actual,RTS core industries,,,
ECTM.S19A2,2006.02,2225.4,,F,Dollars,6,Electronic Card Transactions (ANZSIC06) - ECT,Total values - Electronic card transactions A/S/T by division,Actual,RTS core industries,,,
ECTM.S19A2,2006.03,2492.7,,F,Dollars,6,Electronic Card Transactions (ANZSIC06) - ECT,Total values - Electronic card transactions A/S/T by division,Actual,RTS core industries,,,
ECTM.S19A2,2006.04,2410.3,,F,Dollars,6,Electronic Card Transactions (ANZSIC06) - ECT,Total values - Electronic card transactions A/S/T by division,Actual,RTS core industries,,,
ECTM.S19A2,2006.05,2408.3,,F,Dollars,6,Electronic Card Transactions (ANZSIC06) - ECT,Total values - Electronic card transactions A/S/T by division,Actual,RTS core industries,,,
ECTM.S19A2,2006.06,2345.3,,F,Dollars,6,Electronic Card Transactions (ANZSIC06) - ECT,Total values - Electronic card transactions A/S/T by division,Actual,RTS core industries,,,
ECTM.S19A2,2006.07,2413.2,,F,Dollars,6,Electronic Card Transactions (ANZSIC06) - ECT,Total values - Electronic card transactions A/S/T by division,Actual,RTS core industries,,,
ECTM.S19A2,2006.08,2386.1,,F,Dollars,6,Electronic Card Transactions (ANZSIC06) - ECT,Total values - Electronic card transactions A/S/T by division,Actual,RTS core industries,,,
ECTM.S19A2,2006.09,2428.6,,F,Dollars,6,Electronic Card Transactions (ANZSIC06) - ECT,Total values - Electronic card transactions A/S/T by division,Actual,RTS core industries,,,
ECTM.S19A2,2006.10,2586.9,,F,Dollars,6,Electronic Card Transactions (ANZSIC06) - ECT,Total values - Electronic card transactions A/S/T by division,Actual,RTS core industries,,,
ECTM.S19A2,2006.11,2691.2,,F,Dollars,6,Electronic Card Transactions (ANZSIC06) - ECT,Total values - Electronic card transactions A/S/T by division,Actual,RTS core industries,,,
ECTM.S19A2,2006.12,3478.4,,F,Dollars,6,Electronic Card Transactions (ANZSIC06) - ECT,Total values - Electronic card transactions A/S/T by division,Actual,RTS core industries,,,
ECTM.S19A2,2007.01,2620.9,,F,Dollars,6,Electronic Card Transactions (ANZSIC06) - ECT,Total values - Electronic card transactions A/S/T by division,Actual,RTS core industries,,,
ECTM.S19A2,2007.02,2474.2,,F,Dollars,6,Electronic Card Transactions (ANZSIC06) - ECT,Total values - Electronic card transactions A/S/T by division,Actual,RTS core industries,,,
ECTM.S19A2,2007.03,2757.3,,F,Dollars,6,Electronic Card Transactions (ANZSIC06) - ECT,Total values - Electronic card transactions A/S/T by division,Actual,RTS core industries,,,
ECTM.S19A2,2007.04,2617.1,,F,Dollars,6,Electronic Card Transactions (ANZSIC06) - ECT,Total values - Electronic card transactions A/S/T by division,Actual,RTS core industries,,,
ECTM.S19A2,2007.05,2614.9,,F,Dollars,6,Electronic Card Transactions (ANZSIC06) - ECT,Total values - Electronic card transactions A/S/T by division,Actual,RTS core industries,,,
ECTM.S19A2,2007.06,2570,,F,Dollars,6,Electronic Card Transactions (ANZSIC06) - ECT,Total values - Electronic card transactions A/S/T by division,Actual,RTS core industries,,,
ECTM.S19A2,2007.07,2601.8,,F,Dollars,6,Electronic Card Transactions (ANZSIC06) - ECT,Total values - Electronic card transactions A/S/T by division,Actual,RTS core industries,,,
ECTM.S19A2,2007.08,2627,,F,Dollars,6,Electronic Card Transactions (ANZSIC06) - ECT,Total values - Electronic card transactions A/S/T by division,Actual,RTS core industries,,,
ECTM.S19A2,2007.09,2631.4,,F,Dollars,6,Electronic Card Transactions (ANZSIC06) - ECT,Total values - Electronic card transactions A/S/T by division,Actual,RTS core industries,,,
ECTM.S19A2,2007.10,2754.8,,F,Dollars,6,Electronic Card Transactions (ANZSIC06) - ECT,Total values - Electronic card transactions A/S/T by division,Actual,RTS core industries,,,
ECTM.S19A2,2007.11,2902.8,,F,Dollars,6,Electronic Card Transactions (ANZSIC06) - ECT,Total values - Electronic card transactions A/S/T by division,Actual,RTS core industries,,,
ECTM.S19A2,2007.12,3674.2,,F,Dollars,6,Electronic Card Transactions (ANZSIC06) - ECT,Total values - Electronic card transactions A/S/T by division,Actual,RTS core industries,,,
ECTM.S19A2,2008.01,2775.6,,F,Dollars,6,Electronic Card Transactions (ANZSIC06) - ECT,Total values - Electronic card transactions A/S/T by division,Actual,RTS core industries,,,
ECTM.S19A2,2008.02,2690.7,,F,Dollars,6,Electronic Card Transactions (ANZSIC06) - ECT,Total values - Electronic card transactions A/S/T by division,Actual,RTS core industries,,,
ECTM.S19A2,2008.03,2832.8,,F,Dollars,6,Electronic Card Transactions (ANZSIC06) - ECT,Total values - Electronic card transactions A/S/T by division,Actual,RTS core industries,,,
ECTM.S19A2,2008.04,2693.7,,F,Dollars,6,Electronic Card Transactions (ANZSIC06) - ECT,Total values - Electronic card transactions A/S/T by division,Actual,RTS core industries,,,
ECTM.S19A2,2008.05,2762.8,,F,Dollars,6,Electronic Card Transactions (ANZSIC06) - ECT,Total values - Electronic card transactions A/S/T by division,Actual,RTS core industries,,,
ECTM.S19A2,2008.06,2532.7,,F,Dollars,6,Electronic Card Transactions (ANZSIC06) - ECT,Total values - Electronic card transactions A/S/T by division,Actual,RTS core industries,,,
ECTM.S19A2,2008.07,2673.2,,F,Dollars,6,Electronic Card Transactions (ANZSIC06) - ECT,Total values - Electronic card transactions A/S/T by division,Actual,RTS core industries,,,
ECTM.S19A2,2008.08,2709.5,,F,Dollars,6,Electronic Card Transactions (ANZSIC06) - ECT,Total values - Electronic card transactions A/S/T by division,Actual,RTS core industries,,,
ECTM.S19A2,2008.09,2657.5,,F,Dollars,6,Electronic Card Transactions (ANZSIC06) - ECT,Total values - Electronic card transactions A/S/T by division,Actual,RTS core industries,,,
ECTM.S19A2,2008.10,2898.9,,F,Dollars,6,Electronic Card Transactions (ANZSIC06) - ECT,Total values - Electronic card transactions A/S/T by division,Actual,RTS core industries,,,
ECTM.S19A2,2008.11,2980.5,,F,Dollars,6,Electronic Card Transactions (ANZSIC06) - ECT,Total values - Electronic card transactions A/S/T by division,Actual,RTS core industries,,,
ECTM.S19A2,2008.12,3796.5,,F,Dollars,6,Electronic Card Transactions (ANZSIC06) - ECT,Total values - Electronic card transactions A/S/T by division,Actual,RTS core industries,,,
ECTM.S19A2,2009.01,2943.8,,F,Dollars,6,Electronic Card Transactions (ANZSIC06) - ECT,Total values - Electronic card transactions A/S/T by division,Actual,RTS core industries,,,
ECTM.S19A2,2009.02,2685.3,,F,Dollars,6,Electronic Card Transactions (ANZSIC06) - ECT,Total values - Electronic card transactions A/S/T by division,Actual,RTS core industries,,,
ECTM.S19A2,2009.03,2923.9,,F,Dollars,6,Electronic Card Transactions (ANZSIC06) - ECT,Total values - Electronic card transactions A/S/T by division,Actual,RTS core industries,,,
ECTM.S19A2,2009.04,2853.4,,F,Dollars,6,Electronic Card Transactions (ANZSIC06) - ECT,Total values - Electronic card transactions A/S/T by division,Actual,RTS core industries,,,
ECTM.S19A2,2009.05,2908.4,,F,Dollars,6,Electronic Card Transactions (ANZSIC06) - ECT,Total values - Electronic card transactions A/S/T by division,Actual,RTS core industries,,,
ECTM.S19A2,2009.06,2677.5,,F,Dollars,6,Electronic Card Transactions (ANZSIC06) - ECT,Total values - Electronic card transactions A/S/T by division,Actual,RTS core industries,,,
ECTM.S19A2,2009.07,2857.2,,F,Dollars,6,Electronic Card Transactions (ANZSIC06) - ECT,Total values - Electronic card transactions A/S/T by division,Actual,RTS core industries,,,
ECTM.S19A2,2009.08,2823.3,,F,Dollars,6,Electronic Card Transactions (ANZSIC06) - ECT,Total values - Electronic card transactions A/S/T by division,Actual,RTS core industries,,,
ECTM.S19A2,2009.09,2799.4,,F,Dollars,6,Electronic Card Transactions (ANZSIC06) - ECT,Total values - Electronic card transactions A/S/T by division,Actual,RTS core industries,,,
ECTM.S19A2,2009.10,3028.5,,F,Dollars,6,Electronic Card Transactions (ANZSIC06) - ECT,Total values - Electronic card transactions A/S/T by division,Actual,RTS core industries,,,
ECTM.S19A2,2009.11,3044.1,,F,Dollars,6,Electronic Card Transactions (ANZSIC06) - ECT,Total values - Electronic card transactions A/S/T by division,Actual,RTS core industries,,,
ECTM.S19A2,2009.12,3919.2,,F,Dollars,6,Electronic Card Transactions (ANZSIC06) - ECT,Total values - Electronic card transactions A/S/T by division,Actual,RTS core industries,,,
ECTM.S19A2,2010.01,3003.6,,F,Dollars,6,Electronic Card Transactions (ANZSIC06) - ECT,Total values - Electronic card transactions A/S/T by division,Actual,RTS core industries,,,
ECTM.S19A2,2010.02,2748.2,,F,Dollars,6,Electronic Card Transactions (ANZSIC06) - ECT,Total values - Electronic card transactions A/S/T by division,Actual,RTS core industries,,,
ECTM.S19A2,2010.03,3049.9,,F,Dollars,6,Electronic Card Transactions (ANZSIC06) - ECT,Total values - Electronic card transactions A/S/T by division,Actual,RTS core industries,,,
ECTM.S19A2,2010.04,2904.8,,F,Dollars,6,Electronic Card Transactions (ANZSIC06) - ECT,Total values - Electronic card transactions A/S/T by division,Actual,RTS core industries,,,
ECTM.S19A2,2010.05,2942.2,,F,Dollars,6,Electronic Card Transactions (ANZSIC06) - ECT,Total values - Electronic card transactions A/S/T by division,Actual,RTS core industries,,,
ECTM.S19A2,2010.06,2787.4,,F,Dollars,6,Electronic Card Transactions (ANZSIC06) - ECT,Total values - Electronic card transactions A/S/T by division,Actual,RTS core industries,,,
ECTM.S19A2,2010.07,2974.8,,F,Dollars,6,Electronic Card Transactions (ANZSIC06) - ECT,Total values - Electronic card transactions A/S/T by division,Actual,RTS core industries,,,
ECTM.S19A2,2010.08,2857.8,,F,Dollars,6,Electronic Card Transactions (ANZSIC06) - ECT,Total values - Electronic card transactions A/S/T by division,Actual,RTS core industries,,,
ECTM.S19A2,2010.09,2934.6,,F,Dollars,6,Electronic Card Transactions (ANZSIC06) - ECT,Total values - Electronic card transactions A/S/T by division,Actual,RTS core industries,,,
ECTM.S19A2,2010.10,3152.6,,F,Dollars,6,Electronic Card Transactions (ANZSIC06) - ECT,Total values - Electronic card transactions A/S/T by division,Actual,RTS core industries,,,
ECTM.S19A2,2010.11,3217.1,,F,Dollars,6,Electronic Card Transactions (ANZSIC06) - ECT,Total values - Electronic card transactions A/S/T by division,Actual,RTS core industries,,,
ECTM.S19A2,2010.12,4130.8,,F,Dollars,6,Electronic Card Transactions (ANZSIC06) - ECT,Total values - Electronic card transactions A/S/T by division,Actual,RTS core industries,,,
ECTM.S19A2,2011.01,3155,,F,Dollars,6,Electronic Card Transactions (ANZSIC06) - ECT,Total values - Electronic card transactions A/S/T by division,Actual,RTS core industries,,,
ECTM.S19A2,2011.02,2875.3,,F,Dollars,6,Electronic Card Transactions (ANZSIC06) - ECT,Total values - Electronic card transactions A/S/T by division,Actual,RTS core industries,,,
ECTM.S19A2,2011.03,3200,,F,Dollars,6,Electronic Card Transactions (ANZSIC06) - ECT,Total values - Electronic card transactions A/S/T by division,Actual,RTS core industries,,,
ECTM.S19A2,2011.04,3165.1,,F,Dollars,6,Electronic Card Transactions (ANZSIC06) - ECT,Total values - Electronic card transactions A/S/T by division,Actual,RTS core industries,,,
ECTM.S19A2,2011.05,3093.1,,F,Dollars,6,Electronic Card Transactions (ANZSIC06) - ECT,Total values - Electronic card transactions A/S/T by division,Actual,RTS core industries,,,
ECTM.S19A2,2011.06,3013,,F,Dollars,6,Electronic Card Transactions (ANZSIC06) - ECT,Total values - Electronic card transactions A/S/T by division,Actual,RTS core industries,,,
ECTM.S19A2,2011.07,3201.8,,F,Dollars,6,Electronic Card Transactions (ANZSIC06) - ECT,Total values - Electronic card transactions A/S/T by division,Actual,RTS core industries,,,
ECTM.S19A2,2011.08,3067.1,,F,Dollars,6,Electronic Card Transactions (ANZSIC06) - ECT,Total values - Electronic card transactions A/S/T by division,Actual,RTS core industries,,,
ECTM.S19A2,2011.09,3124.8,,F,Dollars,6,Electronic Card Transactions (ANZSIC06) - ECT,Total values - Electronic card transactions A/S/T by division,Actual,RTS core industries,,,
ECTM.S19A2,2011.10,3358.3,,F,Dollars,6,Electronic Card Transactions (ANZSIC06) - ECT,Total values - Electronic card transactions A/S/T by division,Actual,RTS core industries,,,
ECTM.S19A2,2011.11,3373,,F,Dollars,6,Electronic Card Transactions (ANZSIC06) - ECT,Total values - Electronic card transactions A/S/T by division,Actual,RTS core industries,,,
ECTM.S19A2,2011.12,4350.5,,F,Dollars,6,Electronic Card Transactions (ANZSIC06) - ECT,Total values - Electronic card transactions A/S/T by division,Actual,RTS core industries,,,
ECTM.S19A2,2012.01,3284.8,,F,Dollars,6,Electronic Card Transactions (ANZSIC06) - ECT,Total values - Electronic card transactions A/S/T by division,Actual,RTS core industries,,,
ECTM.S19A2,2012.02,3125.2,,F,Dollars,6,Electronic Card Transactions (ANZSIC06) - ECT,Total values - Electronic card transactions A/S/T by division,Actual,RTS core industries,,,
ECTM.S19A2,2012.03,3405.3,,F,Dollars,6,Electronic Card Transactions (ANZSIC06) - ECT,Total values - Electronic card transactions A/S/T by division,Actual,RTS core industries,,,
ECTM.S19A2,2012.04,3214.4,,F,Dollars,6,Electronic Card Transactions (ANZSIC06) - ECT,Total values - Electronic card transactions A/S/T by division,Actual,RTS core industries,,,
ECTM.S19A2,2012.05,3265.2,,F,Dollars,6,Electronic Card Transactions (ANZSIC06) - ECT,Total values - Electronic card transactions A/S/T by division,Actual,RTS core industries,,,
ECTM.S19A2,2012.06,3185,,F,Dollars,6,Electronic Card Transactions (ANZSIC06) - ECT,Total values - Electronic card transactions A/S/T by division,Actual,RTS core industries,,,
ECTM.S19A2,2012.07,3219,,F,Dollars,6,Electronic Card Transactions (ANZSIC06) - ECT,Total values - Electronic card transactions A/S/T by division,Actual,RTS core industries,,,
ECTM.S19A2,2012.08,3238.3,,F,Dollars,6,Electronic Card Transactions (ANZSIC06) - ECT,Total values - Electronic card transactions A/S/T by division,Actual,RTS core industries,,,
ECTM.S19A2,2012.09,3210.5,,F,Dollars,6,Electronic Card Transactions (ANZSIC06) - ECT,Total values - Electronic card transactions A/S/T by division,Actual,RTS core industries,,,
ECTM.S19A2,2012.10,3405.7,,F,Dollars,6,Electronic Card Transactions (ANZSIC06) - ECT,Total values - Electronic card transactions A/S/T by division,Actual,RTS core industries,,,
ECTM.S19A2,2012.11,3566.8,,F,Dollars,6,Electronic Card Transactions (ANZSIC06) - ECT,Total values - Electronic card transactions A/S/T by division,Actual,RTS core industries,,,
ECTM.S19A2,2012.12,4502.6,,F,Dollars,6,Electronic Card Transactions (ANZSIC06) - ECT,Total values - Electronic card transactions A/S/T by division,Actual,RTS core industries,,,
ECTM.S19A2,2013.01,3453.6,,F,Dollars,6,Electronic Card Transactions (ANZSIC06) - ECT,Total values - Electronic card transactions A/S/T by division,Actual,RTS core industries,,,
ECTM.S19A2,2013.02,3175.2,,F,Dollars,6,Electronic Card Transactions (ANZSIC06) - ECT,Total values - Electronic card transactions A/S/T by division,Actual,RTS core industries,,,
ECTM.S19A2,2013.03,3509.3,,F,Dollars,6,Electronic Card Transactions (ANZSIC06) - ECT,Total values - Electronic card transactions A/S/T by division,Actual,RTS core industries,,,
ECTM.S19A2,2013.04,3365.9,,F,Dollars,6,Electronic Card Transactions (ANZSIC06) - ECT,Total values - Electronic card transactions A/S/T by division,Actual,RTS core industries,,,
ECTM.S19A2,2013.05,3432.6,,F,Dollars,6,Electronic Card Transactions (ANZSIC06) - ECT,Total values - Electronic card transactions A/S/T by division,Actual,RTS core industries,,,
ECTM.S19A2,2013.06,3294.5,,F,Dollars,6,Electronic Card Transactions (ANZSIC06) - ECT,Total values - Electronic card transactions A/S/T by division,Actual,RTS core industries,,,
ECTM.S19A2,2013.07,3367.1,,F,Dollars,6,Electronic Card Transactions (ANZSIC06) - ECT,Total values - Electronic card transactions A/S/T by division,Actual,RTS core industries,,,
ECTM.S19A2,2013.08,3420.6,,F,Dollars,6,Electronic Card Transactions (ANZSIC06) - ECT,Total values - Electronic card transactions A/S/T by division,Actual,RTS core industries,,,
ECTM.S19A2,2013.09,3291.7,,F,Dollars,6,Electronic Card Transactions (ANZSIC06) - ECT,Total values - Electronic card transactions A/S/T by division,Actual,RTS core industries,,,
ECTM.S19A2,2013.10,3624,,F,Dollars,6,Electronic Card Transactions (ANZSIC06) - ECT,Total values - Electronic card transactions A/S/T by division,Actual,RTS core industries,,,
ECTM.S19A2,2013.11,3780.9,,F,Dollars,6,Electronic Card Transactions (ANZSIC06) - ECT,Total values - Electronic card transactions A/S/T by division,Actual,RTS core industries,,,
ECTM.S19A2,2013.12,4685.2,,F,Dollars,6,Electronic Card Transactions (ANZSIC06) - ECT,Total values - Electronic card transactions A/S/T by division,Actual,RTS core industries,,,
ECTM.S19A2,2014.01,3623.4,,F,Dollars,6,Electronic Card Transactions (ANZSIC06) - ECT,Total values - Electronic card transactions A/S/T by division,Actual,RTS core industries,,,
ECTM.S19A2,2014.02,3331.4,,F,Dollars,6,Electronic Card Transactions (ANZSIC06) - ECT,Total values - Electronic card transactions A/S/T by division,Actual,RTS core industries,,,
ECTM.S19A2,2014.03,3678.4,,F,Dollars,6,Electronic Card Transactions (ANZSIC06) - ECT,Total values - Electronic card transactions A/S/T by division,Actual,RTS core industries,,,
ECTM.S19A2,2014.04,3534.9,,F,Dollars,6,Electronic Card Transactions (ANZSIC06) - ECT,Total values - Electronic card transactions A/S/T by division,Actual,RTS core industries,,,
ECTM.S19A2,2014.05,3670.6,,F,Dollars,6,Electronic Card Transactions (ANZSIC06) - ECT,Total values - Electronic card transactions A/S/T by division,Actual,RTS core industries,,,
ECTM.S19A2,2014.06,3402.9,,F,Dollars,6,Electronic Card Transactions (ANZSIC06) - ECT,Total values - Electronic card transactions A/S/T by division,Actual,RTS core industries,,,
ECTM.S19A2,2014.07,3559.7,,F,Dollars,6,Electronic Card Transactions (ANZSIC06) - ECT,Total values - Electronic card transactions A/S/T by division,Actual,RTS core industries,,,
ECTM.S19A2,2014.08,3572.2,,F,Dollars,6,Electronic Card Transactions (ANZSIC06) - ECT,Total values - Electronic card transactions A/S/T by division,Actual,RTS core industries,,,
ECTM.S19A2,2014.09,3474.3,,F,Dollars,6,Electronic Card Transactions (ANZSIC06) - ECT,Total values - Electronic card transactions A/S/T by division,Actual,RTS core industries,,,
ECTM.S19A2,2014.10,3840.1,,F,Dollars,6,Electronic Card Transactions (ANZSIC06) - ECT,Total values - Electronic card transactions A/S/T by division,Actual,RTS core industries,,,
ECTM.S19A2,2014.11,3947.6,,F,Dollars,6,Electronic Card Transactions (ANZSIC06) - ECT,Total values - Electronic card transactions A/S/T by division,Actual,RTS core industries,,,
ECTM.S19A2,2014.12,4939.6,,F,Dollars,6,Electronic Card Transactions (ANZSIC06) - ECT,Total values - Electronic card transactions A/S/T by division,Actual,RTS core industries,,,
ECTM.S19A2,2015.01,3912.8,,F,Dollars,6,Electronic Card Transactions (ANZSIC06) - ECT,Total values - Electronic card transactions A/S/T by division,Actual,RTS core industries,,,
ECTM.S19A2,2015.02,3572.9,,F,Dollars,6,Electronic Card Transactions (ANZSIC06) - ECT,Total values - Electronic card transactions A/S/T by division,Actual,RTS core industries,,,
ECTM.S19A2,2015.03,3903.7,,F,Dollars,6,Electronic Card Transactions (ANZSIC06) - ECT,Total values - Electronic card transactions A/S/T by division,Actual,RTS core industries,,,
ECTM.S19A2,2015.04,3762.6,,F,Dollars,6,Electronic Card Transactions (ANZSIC06) - ECT,Total values - Electronic card transactions A/S/T by division,Actual,RTS core industries,,,
ECTM.S19A2,2015.05,3855.2,,F,Dollars,6,Electronic Card Transactions (ANZSIC06) - ECT,Total values - Electronic card transactions A/S/T by division,Actual,RTS core industries,,,
ECTM.S19A2,2015.06,3611.9,,F,Dollars,6,Electronic Card Transactions (ANZSIC06) - ECT,Total values - Electronic card transactions A/S/T by division,Actual,RTS core industries,,,
ECTM.S19A2,2015.07,3796.1,,F,Dollars,6,Electronic Card Transactions (ANZSIC06) - ECT,Total values - Electronic card transactions A/S/T by division,Actual,RTS core industries,,,
ECTM.S19A2,2015.08,3776.9,,F,Dollars,6,Electronic Card Transactions (ANZSIC06) - ECT,Total values - Electronic card transactions A/S/T by division,Actual,RTS core industries,,,
ECTM.S19A2,2015.09,3742.2,,F,Dollars,6,Electronic Card Transactions (ANZSIC06) - ECT,Total values - Electronic card transactions A/S/T by division,Actual,RTS core industries,,,
ECTM.S19A2,2015.10,4140.4,,F,Dollars,6,Electronic Card Transactions (ANZSIC06) - ECT,Total values - Electronic card transactions A/S/T by division,Actual,RTS core industries,,,
ECTM.S19A2,2015.11,4184.4,,F,Dollars,6,Electronic Card Transactions (ANZSIC06) - ECT,Total values - Electronic card transactions A/S/T by division,Actual,RTS core industries,,,
ECTM.S19A2,2015.12,5300.1,,F,Dollars,6,Electronic Card Transactions (ANZSIC06) - ECT,Total values - Electronic card transactions A/S/T by division,Actual,RTS core industries,,,
ECTM.S19A2,2016.01,4136.4,,F,Dollars,6,Electronic Card Transactions (ANZSIC06) - ECT,Total values - Electronic card transactions A/S/T by division,Actual,RTS core industries,,,
ECTM.S19A2,2016.02,3948.4,,F,Dollars,6,Electronic Card Transactions (ANZSIC06) - ECT,Total values - Electronic card transactions A/S/T by division,Actual,RTS core industries,,,
ECTM.S19A2,2016.03,4191.4,,F,Dollars,6,Electronic Card Transactions (ANZSIC06) - ECT,Total values - Electronic card transactions A/S/T by division,Actual,RTS core industries,,,
ECTM.S19A2,2016.04,4098.7,,F,Dollars,6,Electronic Card Transactions (ANZSIC06) - ECT,Total values - Electronic card transactions A/S/T by division,Actual,RTS core industries,,,
ECTM.S19A2,2016.05,4034.4,,F,Dollars,6,Electronic Card Transactions (ANZSIC06) - ECT,Total values - Electronic card transactions A/S/T by division,Actual,RTS core industries,,,
ECTM.S19A2,2016.06,3917.4,,F,Dollars,6,Electronic Card Transactions (ANZSIC06) - ECT,Total values - Electronic card transactions A/S/T by division,Actual,RTS core industries,,,
ECTM.S19A2,2016.07,4110.2,,F,Dollars,6,Electronic Card Transactions (ANZSIC06) - ECT,Total values - Electronic card transactions A/S/T by division,Actual,RTS core industries,,,
ECTM.S19A2,2016.08,3944.9,,F,Dollars,6,Electronic Card Transactions (ANZSIC06) - ECT,Total values - Electronic card transactions A/S/T by division,Actual,RTS core industries,,,
ECTM.S19A2,2016.09,4027.3,,F,Dollars,6,Electronic Card Transactions (ANZSIC06) - ECT,Total values - Electronic card transactions A/S/T by division,Actual,RTS core industries,,,
ECTM.S19A2,2016.10,4357.1,,F,Dollars,6,Electronic Card Transactions (ANZSIC06) - ECT,Total values - Electronic card transactions A/S/T by division,Actual,RTS core industries,,,
ECTM.S19A2,2016.11,4415.8,,F,Dollars,6,Electronic Card Transactions (ANZSIC06) - ECT,Total values - Electronic card transactions A/S/T by division,Actual,RTS core industries,,,
ECTM.S19A2,2016.12,5613.9,,F,Dollars,6,Electronic Card Transactions (ANZSIC06) - ECT,Total values - Electronic card transactions A/S/T by division,Actual,RTS core industries,,,
ECTM.S19A2,2017.01,4567.5,,F,Dollars,6,Electronic Card Transactions (ANZSIC06) - ECT,Total values - Electronic card transactions A/S/T by division,Actual,RTS core industries,,,
ECTM.S19A2,2017.02,4212.5,,F,Dollars,6,Electronic Card Transactions (ANZSIC06) - ECT,Total values - Electronic card transactions A/S/T by division,Actual,RTS core industries,,,
ECTM.S19A2,2017.03,4634.7,,F,Dollars,6,Electronic Card Transactions (ANZSIC06) - ECT,Total values - Electronic card transactions A/S/T by division,Actual,RTS core industries,,,
ECTM.S19A2,2017.04,4485.6,,F,Dollars,6,Electronic Card Transactions (ANZSIC06) - ECT,Total values - Electronic card transactions A/S/T by division,Actual,RTS core industries,,,
ECTM.S19A2,2017.05,4462,,F,Dollars,6,Electronic Card Transactions (ANZSIC06) - ECT,Total values - Electronic card transactions A/S/T by division,Actual,RTS core industries,,,
ECTM.S19A2,2017.06,4327.2,,F,Dollars,6,Electronic Card Transactions (ANZSIC06) - ECT,Total values - Electronic card transactions A/S/T by division,Actual,RTS core industries,,,
ECTM.S19A2,2017.07,4457.8,,F,Dollars,6,Electronic Card Transactions (ANZSIC06) - ECT,Total values - Electronic card transactions A/S/T by division,Actual,RTS core industries,,,
ECTM.S19A2,2017.08,4384.8,,F,Dollars,6,Electronic Card Transactions (ANZSIC06) - ECT,Total values - Electronic card transactions A/S/T by division,Actual,RTS core industries,,,
ECTM.S19A2,2017.09,4411,,F,Dollars,6,Electronic Card Transactions (ANZSIC06) - ECT,Total values - Electronic card transactions A/S/T by division,Actual,RTS core industries,,,
ECTM.S19A2,2017.10,4729.8,,F,Dollars,6,Electronic Card Transactions (ANZSIC06) - ECT,Total values - Electronic card transactions A/S/T by division,Actual,RTS core industries,,,
ECTM.S19A2,2017.11,4949.1,,F,Dollars,6,Electronic Card Transactions (ANZSIC06) - ECT,Total values - Electronic card transactions A/S/T by division,Actual,RTS core industries,,,
ECTM.S19A2,2017.12,6108,,F,Dollars,6,Electronic Card Transactions (ANZSIC06) - ECT,Total values - Electronic card transactions A/S/T by division,Actual,RTS core industries,,,
ECTM.S19A2,2018.01,4787,,F,Dollars,6,Electronic Card Transactions (ANZSIC06) - ECT,Total values - Electronic card transactions A/S/T by division,Actual,RTS core industries,,,
ECTM.S19A2,2018.02,4428.3,,F,Dollars,6,Electronic Card Transactions (ANZSIC06) - ECT,Total values - Electronic card transactions A/S/T by division,Actual,RTS core industries,,,
ECTM.S19A2,2018.03,4991.2,,F,Dollars,6,Electronic Card Transactions (ANZSIC06) - ECT,Total values - Electronic card transactions A/S/T by division,Actual,RTS core industries,,,
ECTM.S19A2,2018.04,4588.1,,F,Dollars,6,Electronic Card Transactions (ANZSIC06) - ECT,Total values - Electronic card transactions A/S/T by division,Actual,RTS core industries,,,
ECTM.S19A2,2018.05,4662.5,,F,Dollars,6,Electronic Card Transactions (ANZSIC06) - ECT,Total values - Electronic card transactions A/S/T by division,Actual,RTS core industries,,,
ECTM.S19A2,2018.06,4542.9,,F,Dollars,6,Electronic Card Transactions (ANZSIC06) - ECT,Total values - Electronic card transactions A/S/T by division,Actual,RTS core industries,,,
ECTM.S19A2,2018.07,4607.7,,F,Dollars,6,Electronic Card Transactions (ANZSIC06) - ECT,Total values - Electronic card transactions A/S/T by division,Actual,RTS core industries,,,
ECTM.S19A2,2018.08,4648.3,,F,Dollars,6,Electronic Card Transactions (ANZSIC06) - ECT,Total values - Electronic card transactions A/S/T by division,Actual,RTS core industries,,,
ECTM.S19A2,2018.09,4653.6,,F,Dollars,6,Electronic Card Transactions (ANZSIC06) - ECT,Total values - Electronic card transactions A/S/T by division,Actual,RTS core industries,,,
ECTM.S19A2,2018.10,4980.2,,F,Dollars,6,Electronic Card Transactions (ANZSIC06) - ECT,Total values - Electronic card transactions A/S/T by division,Actual,RTS core industries,,,
ECTM.S19A2,2018.11,5214.3,,F,Dollars,6,Electronic Card Transactions (ANZSIC06) - ECT,Total values - Electronic card transactions A/S/T by division,Actual,RTS core industries,,,
ECTM.S19A2,2018.12,6272,,F,Dollars,6,Electronic Card Transactions (ANZSIC06) - ECT,Total values - Electronic card transactions A/S/T by division,Actual,RTS core industries,,,
ECTM.S19A2,2019.01,5063.2,,F,Dollars,6,Electronic Card Transactions (ANZSIC06) - ECT,Total values - Electronic card transactions A/S/T by division,Actual,RTS core industries,,,
ECTM.S19A2,2019.02,4669,,F,Dollars,6,Electronic Card Transactions (ANZSIC06) - ECT,Total values - Electronic card transactions A/S/T by division,Actual,RTS core industries,,,
ECTM.S19A2,2019.03,5103.4,,F,Dollars,6,Electronic Card Transactions (ANZSIC06) - ECT,Total values - Electronic card transactions A/S/T by division,Actual,RTS core industries,,,
ECTM.S19A2,2019.04,4861.4,,F,Dollars,6,Electronic Card Transactions (ANZSIC06) - ECT,Total values - Electronic card transactions A/S/T by division,Actual,RTS core industries,,,
ECTM.S19A2,2019.05,4888.6,,F,Dollars,6,Electronic Card Transactions (ANZSIC06) - ECT,Total values - Electronic card transactions A/S/T by division,Actual,RTS core industries,,,
ECTM.S19A2,2019.06,4707.9,,F,Dollars,6,Electronic Card Transactions (ANZSIC06) - ECT,Total values - Electronic card transactions A/S/T by division,Actual,RTS core industries,,,
ECTM.S19A2,2019.07,4774,,F,Dollars,6,Electronic Card Transactions (ANZSIC06) - ECT,Total values - Electronic card transactions A/S/T by division,Actual,RTS core industries,,,
ECTM.S19A2,2019.08,4894,,F,Dollars,6,Electronic Card Transactions (ANZSIC06) - ECT,Total values - Electronic card transactions A/S/T by division,Actual,RTS core industries,,,
ECTM.S19A2,2019.09,4771.6,,F,Dollars,6,Electronic Card Transactions (ANZSIC06) - ECT,Total values - Electronic card transactions A/S/T by division,Actual,RTS core industries,,,
ECTM.S19A2,2019.10,5164.4,,F,Dollars,6,Electronic Card Transactions (ANZSIC06) - ECT,Total values - Electronic card transactions A/S/T by division,Actual,RTS core industries,,,
ECTM.S19A2,2019.11,5555.8,,F,Dollars,6,Electronic Card Transactions (ANZSIC06) - ECT,Total values - Electronic card transactions A/S/T by division,Actual,RTS core industries,,,
ECTM.S19A2,2019.12,6564.9,,F,Dollars,6,Electronic Card Transactions (ANZSIC06) - ECT,Total values - Electronic card transactions A/S/T by division,Actual,RTS core industries,,,
ECTM.S19A2,2020.01,5303.1,,F,Dollars,6,Electronic Card Transactions (ANZSIC06) - ECT,Total values - Electronic card transactions A/S/T by division,Actual,RTS core industries,,,
ECTM.S19A2,2020.02,5110.8,,F,Dollars,6,Electronic Card Transactions (ANZSIC06) - ECT,Total values - Electronic card transactions A/S/T by division,Actual,RTS core industries,,,
ECTM.S19A2,2020.03,5132.9,,F,Dollars,6,Electronic Card Transactions (ANZSIC06) - ECT,Total values - Electronic card transactions A/S/T by division,Actual,RTS core industries,,,
ECTM.S19A2,2020.04,2751.4,,F,Dollars,6,Electronic Card Transactions (ANZSIC06) - ECT,Total values - Electronic card transactions A/S/T by division,Actual,RTS core industries,,,
ECTM.S19A2,2020.05,4755.6,,F,Dollars,6,Electronic Card Transactions (ANZSIC06) - ECT,Total values - Electronic card transactions A/S/T by division,Actual,RTS core industries,,,
ECTM.S19A2,2020.06,5179.9,,F,Dollars,6,Electronic Card Transactions (ANZSIC06) - ECT,Total values - Electronic card transactions A/S/T by division,Actual,RTS core industries,,,
ECTM.S19A2,2020.07,5398.2,,F,Dollars,6,Electronic Card Transactions (ANZSIC06) - ECT,Total values - Electronic card transactions A/S/T by division,Actual,RTS core industries,,,
ECTM.S19A2,2020.08,4946.2,,F,Dollars,6,Electronic Card Transactions (ANZSIC06) - ECT,Total values - Electronic card transactions A/S/T by division,Actual,RTS core industries,,,
ECTM.S19A2,2020.09,5334.3,,F,Dollars,6,Electronic Card Transactions (ANZSIC06) - ECT,Total values - Electronic card transactions A/S/T by division,Actual,RTS core industries,,,
ECTM.S19A2,2020.10,5706.3,,F,Dollars,6,Electronic Card Transactions (ANZSIC06) - ECT,Total values - Electronic card transactions A/S/T by division,Actual,RTS core industries,,,
ECTM.S19A2,2020.11,5814.3,,F,Dollars,6,Electronic Card Transactions (ANZSIC06) - ECT,Total values - Electronic card transactions A/S/T by division,Actual,RTS core industries,,,
ECTM.S19A2,2020.12,6906.2,,F,Dollars,6,Electronic Card Transactions (ANZSIC06) - ECT,Total values - Electronic card transactions A/S/T by division,Actual,RTS core industries,,,
ECTM.S19A2,2021.01,5483.8,,F,Dollars,6,Electronic Card Transactions (ANZSIC06) - ECT,Total values - Electronic card transactions A/S/T by division,Actual,RTS core industries,,,
ECTM.S19A2,2021.02,4901,,F,Dollars,6,Electronic Card Transactions (ANZSIC06) - ECT,Total values - Electronic card transactions A/S/T by division,Actual,RTS core industries,,,
ECTM.S19A2,2021.03,5392.7,,F,Dollars,6,Electronic Card Transactions (ANZSIC06) - ECT,Total values - Electronic card transactions A/S/T by division,Actual,RTS core industries,,,
ECTM.S19A2,2021.04,5492.5,,F,Dollars,6,Electronic Card Transactions (ANZSIC06) - ECT,Total values - Electronic card transactions A/S/T by division,Actual,RTS core industries,,,
ECTM.S19A2,2021.05,5622.1,,F,Dollars,6,Electronic Card Transactions (ANZSIC06) - ECT,Total values - Electronic card transactions A/S/T by division,Actual,RTS core industries,,,
ECTM.S19A2,2021.06,5433.9,,F,Dollars,6,Electronic Card Transactions (ANZSIC06) - ECT,Total values - Electronic card transactions A/S/T by division,Actual,RTS core industries,,,
ECTM.S19A2,2021.07,5660.6,,F,Dollars,6,Electronic Card Transactions (ANZSIC06) - ECT,Total values - Electronic card transactions A/S/T by division,Actual,RTS core industries,,,
ECTM.S19A2,2021.08,4459.3,,F,Dollars,6,Electronic Card Transactions (ANZSIC06) - ECT,Total values - Electronic card transactions A/S/T by division,Actual,RTS core industries,,,
ECTM.S19A2,2021.09,4497.7,,F,Dollars,6,Electronic Card Transactions (ANZSIC06) - ECT,Total values - Electronic card transactions A/S/T by division,Actual,RTS core industries,,,
ECTM.S19A2,2021.10,5288.4,,F,Dollars,6,Electronic Card Transactions (ANZSIC06) - ECT,Total values - Electronic card transactions A/S/T by division,Actual,RTS core industries,,,
ECTM.S19A2,2021.11,5907.8,,F,Dollars,6,Electronic Card Transactions (ANZSIC06) - ECT,Total values - Electronic card transactions A/S/T by division,Actual,RTS core industries,,,
ECTM.S19A2,2021.12,7174.9,,F,Dollars,6,Electronic Card Transactions (ANZSIC06) - ECT,Total values - Electronic card transactions A/S/T by division,Actual,RTS core industries,,,
ECTM.S19A2,2022.01,5772.7,,F,Dollars,6,Electronic Card Transactions (ANZSIC06) - ECT,Total values - Electronic card transactions A/S/T by division,Actual,RTS core industries,,,
ECTM.S19A2,2022.02,4922,,F,Dollars,6,Electronic Card Transactions (ANZSIC06) - ECT,Total values - Electronic card transactions A/S/T by division,Actual,RTS core industries,,,
ECTM.S19A2,2022.03,5335,,F,Dollars,6,Electronic Card Transactions (ANZSIC06) - ECT,Total values - Electronic card transactions A/S/T by division,Actual,RTS core industries,,,
ECTM.S19A2,2022.04,5591.4,,F,Dollars,6,Electronic Card Transactions (ANZSIC06) - ECT,Total values - Electronic card transactions A/S/T by division,Actual,RTS core industries,,,
ECTM.S19A2,2022.05,5592.1,,F,Dollars,6,Electronic Card Transactions (ANZSIC06) - ECT,Total values - Electronic card transactions A/S/T by division,Actual,RTS core industries,,,
ECTM.S19A2,2022.06,5473.8,,F,Dollars,6,Electronic Card Transactions (ANZSIC06) - ECT,Total values - Electronic card transactions A/S/T by division,Actual,RTS core industries,,,
ECTM.S19A2,2022.07,5678.2,,F,Dollars,6,Electronic Card Transactions (ANZSIC06) - ECT,Total values - Electronic card transactions A/S/T by division,Actual,RTS core industries,,,
ECTM.S19A2,2022.08,5590.4,,F,Dollars,6,Electronic Card Transactions (ANZSIC06) - ECT,Total values - Electronic card transactions A/S/T by division,Actual,RTS core industries,,,
ECTM.S19A2,2022.09,5756.7,,F,Dollars,6,Electronic Card Transactions (ANZSIC06) - ECT,Total values - Electronic card transactions A/S/T by division,Actual,RTS core industries,,,
ECTM.S19A2,2022.10,6226.8,,F,Dollars,6,Electronic Card Transactions (ANZSIC06) - ECT,Total values - Electronic card transactions A/S/T by division,Actual,RTS core industries,,,
ECTM.S19A2,2022.11,6414.7,,F,Dollars,6,Electronic Card Transactions (ANZSIC06) - ECT,Total values - Electronic card transactions A/S/T by division,Actual,RTS core industries,,,
ECTM.S19A2,2022.12,7686.7,,F,Dollars,6,Electronic Card Transactions (ANZSIC06) - ECT,Total values - Electronic card transactions A/S/T by division,Actual,RTS core industries,,,
ECTM.S19A2,2023.01,6097.4,,F,Dollars,6,Electronic Card Transactions (ANZSIC06) - ECT,Total values - Electronic card transactions A/S/T by division,Actual,RTS core industries,,,
ECTM.S19A2,2023.02,5660.4,,F,Dollars,6,Electronic Card Transactions (ANZSIC06) - ECT,Total values - Electronic card transactions A/S/T by division,Actual,RTS core industries,,,
ECTM.S19A2,2023.03,6336.2,,F,Dollars,6,Electronic Card Transactions (ANZSIC06) - ECT,Total values - Electronic card transactions A/S/T by division,Actual,RTS core industries,,,
ECTM.S19A2,2023.04,6098.1,,F,Dollars,6,Electronic Card Transactions (ANZSIC06) - ECT,Total values - Electronic card transactions A/S/T by division,Actual,RTS core industries,,,
ECTM.S19A2,2023.05,5969,,F,Dollars,6,Electronic Card Transactions (ANZSIC06) - ECT,Total values - Electronic card transactions A/S/T by division,Actual,RTS core industries,,,
ECTM.S19A2,2023.06,5917.1,,F,Dollars,6,Electronic Card Transactions (ANZSIC06) - ECT,Total values - Electronic card transactions A/S/T by division,Actual,RTS core industries,,,
ECTM.S19A2,2023.07,6036.3,,F,Dollars,6,Electronic Card Transactions (ANZSIC06) - ECT,Total values - Electronic card transactions A/S/T by division,Actual,RTS core industries,,,
ECTM.S19A2,2023.08,5945.9,,F,Dollars,6,Electronic Card Transactions (ANZSIC06) - ECT,Total values - Electronic card transactions A/S/T by division,Actual,RTS core industries,,,
ECTM.S19A2,2023.09,5952.7,,F,Dollars,6,Electronic Card Transactions (ANZSIC06) - ECT,Total values - Electronic card transactions A/S/T by division,Actual,RTS core industries,,,
ECTM.S19A2,2023.10,6178.1,,F,Dollars,6,Electronic Card Transactions (ANZSIC06) - ECT,Total values - Electronic card transactions A/S/T by division,Actual,RTS core industries,,,
ECTM.S19A2,2023.11,6655.9,,F,Dollars,6,Electronic Card Transactions (ANZSIC06) - ECT,Total values - Electronic card transactions A/S/T by division,Actual,RTS core industries,,,
ECTM.S19A2,2023.12,7767.7,,F,Dollars,6,Electronic Card Transactions (ANZSIC06) - ECT,Total values - Electronic card transactions A/S/T by division,Actual,RTS core industries,,,
ECTM.S19A2,2024.01,6272.8,,F,Dollars,6,Electronic Card Transactions (ANZSIC06) - ECT,Total values - Electronic card transactions A/S/T by division,Actual,RTS core industries,,,
ECTM.S19A2,2024.02,5926.8,,F,Dollars,6,Electronic Card Transactions (ANZSIC06) - ECT,Total values - Electronic card transactions A/S/T by division,Actual,RTS core industries,,,
ECTM.S19A2,2024.03,6313.1,,F,Dollars,6,Electronic Card Transactions (ANZSIC06) - ECT,Total values - Electronic card transactions A/S/T by division,Actual,RTS core industries,,,
ECTM.S19A2,2024.04,5940.9,,F,Dollars,6,Electronic Card Transactions (ANZSIC06) - ECT,Total values - Electronic card transactions A/S/T by division,Actual,RTS core industries,,,
ECTM.S19A2,2024.05,5956.9,,F,Dollars,6,Electronic Card Transactions (ANZSIC06) - ECT,Total values - Electronic card transactions A/S/T by division,Actual,RTS core industries,,,
ECTM.S19A2,2024.06,5742.7,,F,Dollars,6,Electronic Card Transactions (ANZSIC06) - ECT,Total values - Electronic card transactions A/S/T by division,Actual,RTS core industries,,,
ECTM.S19A2,2024.07,5771.7,,F,Dollars,6,Electronic Card Transactions (ANZSIC06) - ECT,Total values - Electronic card transactions A/S/T by division,Actual,RTS core industries,,,
ECTM.S19A2,2024.08,5894.9,,F,Dollars,6,Electronic Card Transactions (ANZSIC06) - ECT,Total values - Electronic card transactions A/S/T by division,Actual,RTS core industries,,,
ECTM.S19A2,2024.09,5753.5,,F,Dollars,6,Electronic Card Transactions (ANZSIC06) - ECT,Total values - Electronic card transactions A/S/T by division,Actual,RTS core industries,,,
ECTM.S19A2,2024.10,6240.3,,F,Dollars,6,Electronic Card Transactions (ANZSIC06) - ECT,Total values - Electronic card transactions A/S/T by division,Actual,RTS core industries,,,
ECTM.S19A2,2024.11,6634,,F,Dollars,6,Electronic Card Transactions (ANZSIC06) - ECT,Total values - Electronic card transactions A/S/T by division,Actual,RTS core industries,,,
ECTM.S19A2,2024.12,7862.5,,F,Dollars,6,Electronic Card Transactions (ANZSIC06) - ECT,Total values - Electronic card transactions A/S/T by division,Actual,RTS core industries,,,
ECTM.S19A2,2025.01,6348.4,,F,Dollars,6,Electronic Card Transactions (ANZSIC06) - ECT,Total values - Electronic card transactions A/S/T by division,Actual,RTS core industries,,,
ECTM.S19A2,2025.02,5767.1,,F,Dollars,6,Electronic Card Transactions (ANZSIC06) - ECT,Total values - Electronic card transactions A/S/T by division,Actual,RTS core industries,,,
ECTM.S19A2,2025.03,6226.2,,F,Dollars,6,Electronic Card Transactions (ANZSIC06) - ECT,Total values - Electronic card transactions A/S/T by division,Actual,RTS core industries,,,
ECTM.S19A2,2025.04,5950.8,,F,Dollars,6,Electronic Card Transactions (ANZSIC06) - ECT,Total values - Electronic card transactions A/S/T by division,Actual,RTS core industries,,,
ECTM.S19A2,2025.05,6026,,F,Dollars,6,Electronic Card Transactions (ANZSIC06) - ECT,Total values - Electronic card transactions A/S/T by division,Actual,RTS core industries,,,
ECTM.S19A2,2025.06,5760.3,,F,Dollars,6,Electronic Card Transactions (ANZSIC06) - ECT,Total values - Electronic card transactions A/S/T by division,Actual,RTS core industries,,,
ECTM.S19A2,2025.07,5908,,F,Dollars,6,Electronic Card Transactions (ANZSIC06) - ECT,Total values - Electronic card transactions A/S/T by division,Actual,RTS core industries,,,
ECTM.S19A2,2025.08,5993.9,,F,Dollars,6,Electronic Card Transactions (ANZSIC06) - ECT,Total values - Electronic card transactions A/S/T by division,Actual,RTS core industries,,,
ECTM.S19A2,2025.09,5834.9,,F,Dollars,6,Electronic Card Transactions (ANZSIC06) - ECT,Total values - Electronic card transactions A/S/T by division,Actual,RTS core industries,,,
ECTM.S19A2,2025.10,6318.2,,F,Dollars,6,Electronic Card Transactions (ANZSIC06) - ECT,Total values - Electronic card transactions A/S/T by division,Actual,RTS core industries,,,
ECTM.S19A2,2025.11,6774.1,,F,Dollars,6,Electronic Card Transactions (ANZSIC06) - ECT,Total values - Electronic card transactions A/S/T by division,Actual,RTS core industries,,,
ECTM.S19A2,2025.12,7820.3,,F,Dollars,6,Electronic Card Transactions (ANZSIC06) - ECT,Total values - Electronic card transactions A/S/T by division,Actual,RTS core industries,,,
ECTM.S19A2,2026.01,6417.4,,F,Dollars,6,Electronic Card Transactions (ANZSIC06) - ECT,Total values - Electronic card transactions A/S/T by division,Actual,RTS core industries,,,
ECTM.S19A2,2026.02,5906.5,,F,Dollars,6,Electronic Card Transactions (ANZSIC06) - ECT,Total values - Electronic card transactions A/S/T by division,Actual,RTS core industries,,,
ECTM.S19A2,2026.03,6356.2,,F,Dollars,6,Electronic Card Transactions (ANZSIC06) - ECT,Total values - Electronic card transactions A/S/T by division,Actual,RTS core industries,,,
ECTM.S19A2,2026.04,6031.6,,F,Dollars,6,Electronic Card Transactions (ANZSIC06) - ECT,Total values - Electronic card transactions A/S/T by division,Actual,RTS core industries,,,
ECTM.S19A2,2026.05,6195.3,,F,Dollars,6,Electronic Card Transactions (ANZSIC06) - ECT,Total values - Electronic card transactions A/S/T by division,Actual,RTS core industries,,,
ECTM.S19A2,2026.06,5782.3,,F,Dollars,6,Electronic Card Transactions (ANZSIC06) - ECT,Total values - Electronic card transactions A/S/T by division,Actual,RTS core industries,,,
ECTM.S19A2AC,2003.10,7.6,,F,Percent,0,Electronic Card Transactions (ANZSIC06) - ECT,"Totals - Electronic card transactions by division, percentage changes",Actual,RTS core industries,Percentage change from same period previous year,,
ECTM.S19A2AC,2003.11,7.6,,F,Percent,0,Electronic Card Transactions (ANZSIC06) - ECT,"Totals - Electronic card transactions by division, percentage changes",Actual,RTS core industries,Percentage change from same period previous year,,
ECTM.S19A2AC,2003.12,8.3,,F,Percent,0,Electronic Card Transactions (ANZSIC06) - ECT,"Totals - Electronic card transactions by division, percentage changes",Actual,RTS core industries,Percentage change from same period previous year,,
ECTM.S19A2AC,2004.01,7.4,,F,Percent,0,Electronic Card Transactions (ANZSIC06) - ECT,"Totals - Electronic card transactions by division, percentage changes",Actual,RTS core industries,Percentage change from same period previous year,,
ECTM.S19A2AC,2004.02,9,,F,Percent,0,Electronic Card Transactions (ANZSIC06) - ECT,"Totals - Electronic card transactions by division, percentage changes",Actual,RTS core industries,Percentage change from same period previous year,,
ECTM.S19A2AC,2004.03,6.6,,F,Percent,0,Electronic Card Transactions (ANZSIC06) - ECT,"Totals - Electronic card transactions by division, percentage changes",Actual,RTS core industries,Percentage change from same period previous year,,
ECTM.S19A2AC,2004.04,8.9,,F,Percent,0,Electronic Card Transactions (ANZSIC06) - ECT,"Totals - Electronic card transactions by division, percentage changes",Actual,RTS core industries,Percentage change from same period previous year,,
ECTM.S19A2AC,2004.05,5.8,,F,Percent,0,Electronic Card Transactions (ANZSIC06) - ECT,"Totals - Electronic card transactions by division, percentage changes",Actual,RTS core industries,Percentage change from same period previous year,,
ECTM.S19A2AC,2004.06,8.6,,F,Percent,0,Electronic Card Transactions (ANZSIC06) - ECT,"Totals - Electronic card transactions by division, percentage changes",Actual,RTS core industries,Percentage change from same period previous year,,
ECTM.S19A2AC,2004.07,9.3,,F,Percent,0,Electronic Card Transactions (ANZSIC06) - ECT,"Totals - Electronic card transactions by division, percentage changes",Actual,RTS core industries,Percentage change from same period previous year,,
ECTM.S19A2AC,2004.08,4.8,,F,Percent,0,Electronic Card Transactions (ANZSIC06) - ECT,"Totals - Electronic card transactions by division, percentage changes",Actual,RTS core industries,Percentage change from same period previous year,,
ECTM.S19A2AC,2004.09,8.3,,F,Percent,0,Electronic Card Transactions (ANZSIC06) - ECT,"Totals - Electronic card transactions by division, percentage changes",Actual,RTS core industries,Percentage change from same period previous year,,
ECTM.S19A2AC,2004.10,6.4,,F,Percent,0,Electronic Card Transactions (ANZSIC06) - ECT,"Totals - Electronic card transactions by division, percentage changes",Actual,RTS core industries,Percentage change from same period previous year,,
ECTM.S19A2AC,2004.11,7,,F,Percent,0,Electronic Card Transactions (ANZSIC06) - ECT,"Totals - Electronic card transactions by division, percentage changes",Actual,RTS core industries,Percentage change from same period previous year,,
ECTM.S19A2AC,2004.12,6.5,,F,Percent,0,Electronic Card Transactions (ANZSIC06) - ECT,"Totals - Electronic card transactions by division, percentage changes",Actual,RTS core industries,Percentage change from same period previous year,,
ECTM.S19A2AC,2005.01,7.6,,F,Percent,0,Electronic Card Transactions (ANZSIC06) - ECT,"Totals - Electronic card transactions by division, percentage changes",Actual,RTS core industries,Percentage change from same period previous year,,
ECTM.S19A2AC,2005.02,6.9,,F,Percent,0,Electronic Card Transactions (ANZSIC06) - ECT,"Totals - Electronic card transactions by division, percentage changes",Actual,RTS core industries,Percentage change from same period previous year,,
ECTM.S19A2AC,2005.03,9.3,,F,Percent,0,Electronic Card Transactions (ANZSIC06) - ECT,"Totals - Electronic card transactions by division, percentage changes",Actual,RTS core industries,Percentage change from same period previous year,,
ECTM.S19A2AC,2005.04,8.2,,F,Percent,0,Electronic Card Transactions (ANZSIC06) - ECT,"Totals - Electronic card transactions by division, percentage changes",Actual,RTS core industries,Percentage change from same period previous year,,
ECTM.S19A2AC,2005.05,6.4,,F,Percent,0,Electronic Card Transactions (ANZSIC06) - ECT,"Totals - Electronic card transactions by division, percentage changes",Actual,RTS core industries,Percentage change from same period previous year,,
ECTM.S19A2AC,2005.06,9.6,,F,Percent,0,Electronic Card Transactions (ANZSIC06) - ECT,"Totals - Electronic card transactions by division, percentage changes",Actual,RTS core industries,Percentage change from same period previous year,,
ECTM.S19A2AC,2005.07,7.2,,F,Percent,0,Electronic Card Transactions (ANZSIC06) - ECT,"Totals - Electronic card transactions by division, percentage changes",Actual,RTS core industries,Percentage change from same period previous year,,
ECTM.S19A2AC,2005.08,8.1,,F,Percent,0,Electronic Card Transactions (ANZSIC06) - ECT,"Totals - Electronic card transactions by division, percentage changes",Actual,RTS core industries,Percentage change from same period previous year,,
ECTM.S19A2AC,2005.09,9.1,,F,Percent,0,Electronic Card Transactions (ANZSIC06) - ECT,"Totals - Electronic card transactions by division, percentage changes",Actual,RTS core industries,Percentage change from same period previous year,,
ECTM.S19A2AC,2005.10,8.8,,F,Percent,0,Electronic Card Transactions (ANZSIC06) - ECT,"Totals - Electronic card transactions by division, percentage changes",Actual,RTS core industries,Percentage change from same period previous year,,
ECTM.S19A2AC,2005.11,7.8,,F,Percent,0,Electronic Card Transactions (ANZSIC06) - ECT,"Totals - Electronic card transactions by division, percentage changes",Actual,RTS core industries,Percentage change from same period previous year,,
ECTM.S19A2AC,2005.12,7.4,,F,Percent,0,Electronic Card Transactions (ANZSIC06) - ECT,"Totals - Electronic card transactions by division, percentage changes",Actual,RTS core industries,Percentage change from same period previous year,,
ECTM.S19A2AC,2006.01,5.7,,F,Percent,0,Electronic Card Transactions (ANZSIC06) - ECT,"Totals - Electronic card transactions by division, percentage changes",Actual,RTS core industries,Percentage change from same period previous year,,
ECTM.S19A2AC,2006.02,6,,F,Percent,0,Electronic Card Transactions (ANZSIC06) - ECT,"Totals - Electronic card transactions by division, percentage changes",Actual,RTS core industries,Percentage change from same period previous year,,
ECTM.S19A2AC,2006.03,8.2,,F,Percent,0,Electronic Card Transactions (ANZSIC06) - ECT,"Totals - Electronic card transactions by division, percentage changes",Actual,RTS core industries,Percentage change from same period previous year,,
ECTM.S19A2AC,2006.04,5.9,,F,Percent,0,Electronic Card Transactions (ANZSIC06) - ECT,"Totals - Electronic card transactions by division, percentage changes",Actual,RTS core industries,Percentage change from same period previous year,,
ECTM.S19A2AC,2006.05,8.8,,F,Percent,0,Electronic Card Transactions (ANZSIC06) - ECT,"Totals - Electronic card transactions by division, percentage changes",Actual,RTS core industries,Percentage change from same period previous year,,
ECTM.S19A2AC,2006.06,8.6,,F,Percent,0,Electronic Card Transactions (ANZSIC06) - ECT,"Totals - Electronic card transactions by division, percentage changes",Actual,RTS core industries,Percentage change from same period previous year,,
ECTM.S19A2AC,2006.07,5.7,,F,Percent,0,Electronic Card Transactions (ANZSIC06) - ECT,"Totals - Electronic card transactions by division, percentage changes",Actual,RTS core industries,Percentage change from same period previous year,,
ECTM.S19A2AC,2006.08,8.3,,F,Percent,0,Electronic Card Transactions (ANZSIC06) - ECT,"Totals - Electronic card transactions by division, percentage changes",Actual,RTS core industries,Percentage change from same period previous year,,
ECTM.S19A2AC,2006.09,8.3,,F,Percent,0,Electronic Card Transactions (ANZSIC06) - ECT,"Totals - Electronic card transactions by division, percentage changes",Actual,RTS core industries,Percentage change from same period previous year,,
ECTM.S19A2AC,2006.10,7.7,,F,Percent,0,Electronic Card Transactions (ANZSIC06) - ECT,"Totals - Electronic card transactions by division, percentage changes",Actual,RTS core industries,Percentage change from same period previous year,,
ECTM.S19A2AC,2006.11,9.3,,F,Percent,0,Electronic Card Transactions (ANZSIC06) - ECT,"Totals - Electronic card transactions by division, percentage changes",Actual,RTS core industries,Percentage change from same period previous year,,
ECTM.S19A2AC,2006.12,10.3,,F,Percent,0,Electronic Card Transactions (ANZSIC06) - ECT,"Totals - Electronic card transactions by division, percentage changes",Actual,RTS core industries,Percentage change from same period previous year,,
ECTM.S19A2AC,2007.01,9.8,,F,Percent,0,Electronic Card Transactions (ANZSIC06) - ECT,"Totals - Electronic card transactions by division, percentage changes",Actual,RTS core industries,Percentage change from same period previous year,,
ECTM.S19A2AC,2007.02,11.2,,F,Percent,0,Electronic Card Transactions (ANZSIC06) - ECT,"Totals - Electronic card transactions by division, percentage changes",Actual,RTS core industries,Percentage change from same period previous year,,
ECTM.S19A2AC,2007.03,10.6,,F,Percent,0,Electronic Card Transactions (ANZSIC06) - ECT,"Totals - Electronic card transactions by division, percentage changes",Actual,RTS core industries,Percentage change from same period previous year,,
ECTM.S19A2AC,2007.04,8.6,,F,Percent,0,Electronic Card Transactions (ANZSIC06) - ECT,"Totals - Electronic card transactions by division, percentage changes",Actual,RTS core industries,Percentage change from same period previous year,,
ECTM.S19A2AC,2007.05,8.6,,F,Percent,0,Electronic Card Transactions (ANZSIC06) - ECT,"Totals - Electronic card transactions by division, percentage changes",Actual,RTS core industries,Percentage change from same period previous year,,
ECTM.S19A2AC,2007.06,9.6,,F,Percent,0,Electronic Card Transactions (ANZSIC06) - ECT,"Totals - Electronic card transactions by division, percentage changes",Actual,RTS core industries,Percentage change from same period previous year,,
ECTM.S19A2AC,2007.07,7.8,,F,Percent,0,Electronic Card Transactions (ANZSIC06) - ECT,"Totals - Electronic card transactions by division, percentage changes",Actual,RTS core industries,Percentage change from same period previous year,,
ECTM.S19A2AC,2007.08,10.1,,F,Percent,0,Electronic Card Transactions (ANZSIC06) - ECT,"Totals - Electronic card transactions by division, percentage changes",Actual,RTS core industries,Percentage change from same period previous year,,
ECTM.S19A2AC,2007.09,8.3,,F,Percent,0,Electronic Card Transactions (ANZSIC06) - ECT,"Totals - Electronic card transactions by division, percentage changes",Actual,RTS core industries,Percentage change from same period previous year,,
ECTM.S19A2AC,2007.10,6.5,,F,Percent,0,Electronic Card Transactions (ANZSIC06) - ECT,"Totals - Electronic card transactions by division, percentage changes",Actual,RTS core industries,Percentage change from same period previous year,,
ECTM.S19A2AC,2007.11,7.9,,F,Percent,0,Electronic Card Transactions (ANZSIC06) - ECT,"Totals - Electronic card transactions by division, percentage changes",Actual,RTS core industries,Percentage change from same period previous year,,
ECTM.S19A2AC,2007.12,5.6,,F,Percent,0,Electronic Card Transactions (ANZSIC06) - ECT,"Totals - Electronic card transactions by division, percentage changes",Actual,RTS core industries,Percentage change from same period previous year,,
ECTM.S19A2AC,2008.01,5.9,,F,Percent,0,Electronic Card Transactions (ANZSIC06) - ECT,"Totals - Electronic card transactions by division, percentage changes",Actual,RTS core industries,Percentage change from same period previous year,,
ECTM.S19A2AC,2008.02,8.8,,F,Percent,0,Electronic Card Transactions (ANZSIC06) - ECT,"Totals - Electronic card transactions by division, percentage changes",Actual,RTS core industries,Percentage change from same period previous year,,
ECTM.S19A2AC,2008.03,2.7,,F,Percent,0,Electronic Card Transactions (ANZSIC06) - ECT,"Totals - Electronic card transactions by division, percentage changes",Actual,RTS core industries,Percentage change from same period previous year,,
ECTM.S19A2AC,2008.04,2.9,,F,Percent,0,Electronic Card Transactions (ANZSIC06) - ECT,"Totals - Electronic card transactions by division, percentage changes",Actual,RTS core industries,Percentage change from same period previous year,,
ECTM.S19A2AC,2008.05,5.7,,F,Percent,0,Electronic Card Transactions (ANZSIC06) - ECT,"Totals - Electronic card transactions by division, percentage changes",Actual,RTS core industries,Percentage change from same period previous year,,
ECTM.S19A2AC,2008.06,-1.5,,F,Percent,0,Electronic Card Transactions (ANZSIC06) - ECT,"Totals - Electronic card transactions by division, percentage changes",Actual,RTS core industries,Percentage change from same period previous year,,
ECTM.S19A2AC,2008.07,2.7,,F,Percent,0,Electronic Card Transactions (ANZSIC06) - ECT,"Totals - Electronic card transactions by division, percentage changes",Actual,RTS core industries,Percentage change from same period previous year,,
ECTM.S19A2AC,2008.08,3.1,,F,Percent,0,Electronic Card Transactions (ANZSIC06) - ECT,"Totals - Electronic card transactions by division, percentage changes",Actual,RTS core industries,Percentage change from same period previous year,,
ECTM.S19A2AC,2008.09,1,,F,Percent,0,Electronic Card Transactions (ANZSIC06) - ECT,"Totals - Electronic card transactions by division, percentage changes",Actual,RTS core industries,Percentage change from same period previous year,,
ECTM.S19A2AC,2008.10,5.2,,F,Percent,0,Electronic Card Transactions (ANZSIC06) - ECT,"Totals - Electronic card transactions by division, percentage changes",Actual,RTS core industries,Percentage change from same period previous year,,
ECTM.S19A2AC,2008.11,2.7,,F,Percent,0,Electronic Card Transactions (ANZSIC06) - ECT,"Totals - Electronic card transactions by division, percentage changes",Actual,RTS core industries,Percentage change from same period previous year,,
ECTM.S19A2AC,2008.12,3.3,,F,Percent,0,Electronic Card Transactions (ANZSIC06) - ECT,"Totals - Electronic card transactions by division, percentage changes",Actual,RTS core industries,Percentage change from same period previous year,,
ECTM.S19A2AC,2009.01,6.1,,F,Percent,0,Electronic Card Transactions (ANZSIC06) - ECT,"Totals - Electronic card transactions by division, percentage changes",Actual,RTS core industries,Percentage change from same period previous year,,
ECTM.S19A2AC,2009.02,-0.2,,F,Percent,0,Electronic Card Transactions (ANZSIC06) - ECT,"Totals - Electronic card transactions by division, percentage changes",Actual,RTS core industries,Percentage change from same period previous year,,
ECTM.S19A2AC,2009.03,3.2,,F,Percent,0,Electronic Card Transactions (ANZSIC06) - ECT,"Totals - Electronic card transactions by division, percentage changes",Actual,RTS core industries,Percentage change from same period previous year,,
ECTM.S19A2AC,2009.04,5.9,,F,Percent,0,Electronic Card Transactions (ANZSIC06) - ECT,"Totals - Electronic card transactions by division, percentage changes",Actual,RTS core industries,Percentage change from same period previous year,,
ECTM.S19A2AC,2009.05,5.3,,F,Percent,0,Electronic Card Transactions (ANZSIC06) - ECT,"Totals - Electronic card transactions by division, percentage changes",Actual,RTS core industries,Percentage change from same period previous year,,
ECTM.S19A2AC,2009.06,5.7,,F,Percent,0,Electronic Card Transactions (ANZSIC06) - ECT,"Totals - Electronic card transactions by division, percentage changes",Actual,RTS core industries,Percentage change from same period previous year,,
ECTM.S19A2AC,2009.07,6.9,,F,Percent,0,Electronic Card Transactions (ANZSIC06) - ECT,"Totals - Electronic card transactions by division, percentage changes",Actual,RTS core industries,Percentage change from same period previous year,,
ECTM.S19A2AC,2009.08,4.2,,F,Percent,0,Electronic Card Transactions (ANZSIC06) - ECT,"Totals - Electronic card transactions by division, percentage changes",Actual,RTS core industries,Percentage change from same period previous year,,
ECTM.S19A2AC,2009.09,5.3,,F,Percent,0,Electronic Card Transactions (ANZSIC06) - ECT,"Totals - Electronic card transactions by division, percentage changes",Actual,RTS core industries,Percentage change from same period previous year,,
ECTM.S19A2AC,2009.10,4.5,,F,Percent,0,Electronic Card Transactions (ANZSIC06) - ECT,"Totals - Electronic card transactions by division, percentage changes",Actual,RTS core industries,Percentage change from same period previous year,,
ECTM.S19A2AC,2009.11,2.1,,F,Percent,0,Electronic Card Transactions (ANZSIC06) - ECT,"Totals - Electronic card transactions by division, percentage changes",Actual,RTS core industries,Percentage change from same period previous year,,
ECTM.S19A2AC,2009.12,3.2,,F,Percent,0,Electronic Card Transactions (ANZSIC06) - ECT,"Totals - Electronic card transactions by division, percentage changes",Actual,RTS core industries,Percentage change from same period previous year,,
ECTM.S19A2AC,2010.01,2,,F,Percent,0,Electronic Card Transactions (ANZSIC06) - ECT,"Totals - Electronic card transactions by division, percentage changes",Actual,RTS core industries,Percentage change from same period previous year,,
ECTM.S19A2AC,2010.02,2.3,,F,Percent,0,Electronic Card Transactions (ANZSIC06) - ECT,"Totals - Electronic card transactions by division, percentage changes",Actual,RTS core industries,Percentage change from same period previous year,,
ECTM.S19A2AC,2010.03,4.3,,F,Percent,0,Electronic Card Transactions (ANZSIC06) - ECT,"Totals - Electronic card transactions by division, percentage changes",Actual,RTS core industries,Percentage change from same period previous year,,
ECTM.S19A2AC,2010.04,1.8,,F,Percent,0,Electronic Card Transactions (ANZSIC06) - ECT,"Totals - Electronic card transactions by division, percentage changes",Actual,RTS core industries,Percentage change from same period previous year,,
ECTM.S19A2AC,2010.05,1.2,,F,Percent,0,Electronic Card Transactions (ANZSIC06) - ECT,"Totals - Electronic card transactions by division, percentage changes",Actual,RTS core industries,Percentage change from same period previous year,,
ECTM.S19A2AC,2010.06,4.1,,F,Percent,0,Electronic Card Transactions (ANZSIC06) - ECT,"Totals - Electronic card transactions by division, percentage changes",Actual,RTS core industries,Percentage change from same period previous year,,
ECTM.S19A2AC,2010.07,4.1,,F,Percent,0,Electronic Card Transactions (ANZSIC06) - ECT,"Totals - Electronic card transactions by division, percentage changes",Actual,RTS core industries,Percentage change from same period previous year,,
ECTM.S19A2AC,2010.08,1.2,,F,Percent,0,Electronic Card Transactions (ANZSIC06) - ECT,"Totals - Electronic card transactions by division, percentage changes",Actual,RTS core industries,Percentage change from same period previous year,,
ECTM.S19A2AC,2010.09,4.8,,F,Percent,0,Electronic Card Transactions (ANZSIC06) - ECT,"Totals - Electronic card transactions by division, percentage changes",Actual,RTS core industries,Percentage change from same period previous year,,
ECTM.S19A2AC,2010.10,4.1,,F,Percent,0,Electronic Card Transactions (ANZSIC06) - ECT,"Totals - Electronic card transactions by division, percentage changes",Actual,RTS core industries,Percentage change from same period previous year,,
ECTM.S19A2AC,2010.11,5.7,,F,Percent,0,Electronic Card Transactions (ANZSIC06) - ECT,"Totals - Electronic card transactions by division, percentage changes",Actual,RTS core industries,Percentage change from same period previous year,,
ECTM.S19A2AC,2010.12,5.4,,F,Percent,0,Electronic Card Transactions (ANZSIC06) - ECT,"Totals - Electronic card transactions by division, percentage changes",Actual,RTS core industries,Percentage change from same period previous year,,
ECTM.S19A2AC,2011.01,5,,F,Percent,0,Electronic Card Transactions (ANZSIC06) - ECT,"Totals - Electronic card transactions by division, percentage changes",Actual,RTS core industries,Percentage change from same period previous year,,
ECTM.S19A2AC,2011.02,4.6,,F,Percent,0,Electronic Card Transactions (ANZSIC06) - ECT,"Totals - Electronic card transactions by division, percentage changes",Actual,RTS core industries,Percentage change from same period previous year,,
ECTM.S19A2AC,2011.03,4.9,,F,Percent,0,Electronic Card Transactions (ANZSIC06) - ECT,"Totals - Electronic card transactions by division, percentage changes",Actual,RTS core industries,Percentage change from same period previous year,,
ECTM.S19A2AC,2011.04,9,,F,Percent,0,Electronic Card Transactions (ANZSIC06) - ECT,"Totals - Electronic card transactions by division, percentage changes",Actual,RTS core industries,Percentage change from same period previous year,,
ECTM.S19A2AC,2011.05,5.1,,F,Percent,0,Electronic Card Transactions (ANZSIC06) - ECT,"Totals - Electronic card transactions by division, percentage changes",Actual,RTS core industries,Percentage change from same period previous year,,
ECTM.S19A2AC,2011.06,8.1,,F,Percent,0,Electronic Card Transactions (ANZSIC06) - ECT,"Totals - Electronic card transactions by division, percentage changes",Actual,RTS core industries,Percentage change from same period previous year,,
ECTM.S19A2AC,2011.07,7.6,,F,Percent,0,Electronic Card Transactions (ANZSIC06) - ECT,"Totals - Electronic card transactions by division, percentage changes",Actual,RTS core industries,Percentage change from same period previous year,,
ECTM.S19A2AC,2011.08,7.3,,F,Percent,0,Electronic Card Transactions (ANZSIC06) - ECT,"Totals - Electronic card transactions by division, percentage changes",Actual,RTS core industries,Percentage change from same period previous year,,
ECTM.S19A2AC,2011.09,6.5,,F,Percent,0,Electronic Card Transactions (ANZSIC06) - ECT,"Totals - Electronic card transactions by division, percentage changes",Actual,RTS core industries,Percentage change from same period previous year,,
ECTM.S19A2AC,2011.10,6.5,,F,Percent,0,Electronic Card Transactions (ANZSIC06) - ECT,"Totals - Electronic card transactions by division, percentage changes",Actual,RTS core industries,Percentage change from same period previous year,,
ECTM.S19A2AC,2011.11,4.8,,F,Percent,0,Electronic Card Transactions (ANZSIC06) - ECT,"Totals - Electronic card transactions by division, percentage changes",Actual,RTS core industries,Percentage change from same period previous year,,
ECTM.S19A2AC,2011.12,5.3,,F,Percent,0,Electronic Card Transactions (ANZSIC06) - ECT,"Totals - Electronic card transactions by division, percentage changes",Actual,RTS core industries,Percentage change from same period previous year,,
ECTM.S19A2AC,2012.01,4.1,,F,Percent,0,Electronic Card Transactions (ANZSIC06) - ECT,"Totals - Electronic card transactions by division, percentage changes",Actual,RTS core industries,Percentage change from same period previous year,,
ECTM.S19A2AC,2012.02,8.7,,F,Percent,0,Electronic Card Transactions (ANZSIC06) - ECT,"Totals - Electronic card transactions by division, percentage changes",Actual,RTS core industries,Percentage change from same period previous year,,
ECTM.S19A2AC,2012.03,6.4,,F,Percent,0,Electronic Card Transactions (ANZSIC06) - ECT,"Totals - Electronic card transactions by division, percentage changes",Actual,RTS core industries,Percentage change from same period previous year,,
ECTM.S19A2AC,2012.04,1.6,,F,Percent,0,Electronic Card Transactions (ANZSIC06) - ECT,"Totals - Electronic card transactions by division, percentage changes",Actual,RTS core industries,Percentage change from same period previous year,,
ECTM.S19A2AC,2012.05,5.6,,F,Percent,0,Electronic Card Transactions (ANZSIC06) - ECT,"Totals - Electronic card transactions by division, percentage changes",Actual,RTS core industries,Percentage change from same period previous year,,
ECTM.S19A2AC,2012.06,5.7,,F,Percent,0,Electronic Card Transactions (ANZSIC06) - ECT,"Totals - Electronic card transactions by division, percentage changes",Actual,RTS core industries,Percentage change from same period previous year,,
ECTM.S19A2AC,2012.07,0.5,,F,Percent,0,Electronic Card Transactions (ANZSIC06) - ECT,"Totals - Electronic card transactions by division, percentage changes",Actual,RTS core industries,Percentage change from same period previous year,,
ECTM.S19A2AC,2012.08,5.6,,F,Percent,0,Electronic Card Transactions (ANZSIC06) - ECT,"Totals - Electronic card transactions by division, percentage changes",Actual,RTS core industries,Percentage change from same period previous year,,
ECTM.S19A2AC,2012.09,2.7,,F,Percent,0,Electronic Card Transactions (ANZSIC06) - ECT,"Totals - Electronic card transactions by division, percentage changes",Actual,RTS core industries,Percentage change from same period previous year,,
ECTM.S19A2AC,2012.10,1.4,,F,Percent,0,Electronic Card Transactions (ANZSIC06) - ECT,"Totals - Electronic card transactions by division, percentage changes",Actual,RTS core industries,Percentage change from same period previous year,,
ECTM.S19A2AC,2012.11,5.7,,F,Percent,0,Electronic Card Transactions (ANZSIC06) - ECT,"Totals - Electronic card transactions by division, percentage changes",Actual,RTS core industries,Percentage change from same period previous year,,
ECTM.S19A2AC,2012.12,3.5,,F,Percent,0,Electronic Card Transactions (ANZSIC06) - ECT,"Totals - Electronic card transactions by division, percentage changes",Actual,RTS core industries,Percentage change from same period previous year,,
ECTM.S19A2AC,2013.01,5.1,,F,Percent,0,Electronic Card Transactions (ANZSIC06) - ECT,"Totals - Electronic card transactions by division, percentage changes",Actual,RTS core industries,Percentage change from same period previous year,,
ECTM.S19A2AC,2013.02,1.6,,F,Percent,0,Electronic Card Transactions (ANZSIC06) - ECT,"Totals - Electronic card transactions by division, percentage changes",Actual,RTS core industries,Percentage change from same period previous year,,
ECTM.S19A2AC,2013.03,3.1,,F,Percent,0,Electronic Card Transactions (ANZSIC06) - ECT,"Totals - Electronic card transactions by division, percentage changes",Actual,RTS core industries,Percentage change from same period previous year,,
ECTM.S19A2AC,2013.04,4.7,,F,Percent,0,Electronic Card Transactions (ANZSIC06) - ECT,"Totals - Electronic card transactions by division, percentage changes",Actual,RTS core industries,Percentage change from same period previous year,,
ECTM.S19A2AC,2013.05,5.1,,F,Percent,0,Electronic Card Transactions (ANZSIC06) - ECT,"Totals - Electronic card transactions by division, percentage changes",Actual,RTS core industries,Percentage change from same period previous year,,
ECTM.S19A2AC,2013.06,3.4,,F,Percent,0,Electronic Card Transactions (ANZSIC06) - ECT,"Totals - Electronic card transactions by division, percentage changes",Actual,RTS core industries,Percentage change from same period previous year,,
ECTM.S19A2AC,2013.07,4.6,,F,Percent,0,Electronic Card Transactions (ANZSIC06) - ECT,"Totals - Electronic card transactions by division, percentage changes",Actual,RTS core industries,Percentage change from same period previous year,,
ECTM.S19A2AC,2013.08,5.6,,F,Percent,0,Electronic Card Transactions (ANZSIC06) - ECT,"Totals - Electronic card transactions by division, percentage changes",Actual,RTS core industries,Percentage change from same period previous year,,
ECTM.S19A2AC,2013.09,2.5,,F,Percent,0,Electronic Card Transactions (ANZSIC06) - ECT,"Totals - Electronic card transactions by division, percentage changes",Actual,RTS core industries,Percentage change from same period previous year,,
ECTM.S19A2AC,2013.10,6.4,,F,Percent,0,Electronic Card Transactions (ANZSIC06) - ECT,"Totals - Electronic card transactions by division, percentage changes",Actual,RTS core industries,Percentage change from same period previous year,,
ECTM.S19A2AC,2013.11,6,,F,Percent,0,Electronic Card Transactions (ANZSIC06) - ECT,"Totals - Electronic card transactions by division, percentage changes",Actual,RTS core industries,Percentage change from same period previous year,,
ECTM.S19A2AC,2013.12,4.1,,F,Percent,0,Electronic Card Transactions (ANZSIC06) - ECT,"Totals - Electronic card transactions by division, percentage changes",Actual,RTS core industries,Percentage change from same period previous year,,
ECTM.S19A2AC,2014.01,4.9,,F,Percent,0,Electronic Card Transactions (ANZSIC06) - ECT,"Totals - Electronic card transactions by division, percentage changes",Actual,RTS core industries,Percentage change from same period previous year,,
ECTM.S19A2AC,2014.02,4.9,,F,Percent,0,Electronic Card Transactions (ANZSIC06) - ECT,"Totals - Electronic card transactions by division, percentage changes",Actual,RTS core industries,Percentage change from same period previous year,,
ECTM.S19A2AC,2014.03,4.8,,F,Percent,0,Electronic Card Transactions (ANZSIC06) - ECT,"Totals - Electronic card transactions by division, percentage changes",Actual,RTS core industries,Percentage change from same period previous year,,
ECTM.S19A2AC,2014.04,5,,F,Percent,0,Electronic Card Transactions (ANZSIC06) - ECT,"Totals - Electronic card transactions by division, percentage changes",Actual,RTS core industries,Percentage change from same period previous year,,
ECTM.S19A2AC,2014.05,6.9,,F,Percent,0,Electronic Card Transactions (ANZSIC06) - ECT,"Totals - Electronic card transactions by division, percentage changes",Actual,RTS core industries,Percentage change from same period previous year,,
ECTM.S19A2AC,2014.06,3.3,,F,Percent,0,Electronic Card Transactions (ANZSIC06) - ECT,"Totals - Electronic card transactions by division, percentage changes",Actual,RTS core industries,Percentage change from same period previous year,,
ECTM.S19A2AC,2014.07,5.7,,F,Percent,0,Electronic Card Transactions (ANZSIC06) - ECT,"Totals - Electronic card transactions by division, percentage changes",Actual,RTS core industries,Percentage change from same period previous year,,
ECTM.S19A2AC,2014.08,4.4,,F,Percent,0,Electronic Card Transactions (ANZSIC06) - ECT,"Totals - Electronic card transactions by division, percentage changes",Actual,RTS core industries,Percentage change from same period previous year,,
ECTM.S19A2AC,2014.09,5.5,,F,Percent,0,Electronic Card Transactions (ANZSIC06) - ECT,"Totals - Electronic card transactions by division, percentage changes",Actual,RTS core industries,Percentage change from same period previous year,,
ECTM.S19A2AC,2014.10,6,,F,Percent,0,Electronic Card Transactions (ANZSIC06) - ECT,"Totals - Electronic card transactions by division, percentage changes",Actual,RTS core industries,Percentage change from same period previous year,,
ECTM.S19A2AC,2014.11,4.4,,F,Percent,0,Electronic Card Transactions (ANZSIC06) - ECT,"Totals - Electronic card transactions by division, percentage changes",Actual,RTS core industries,Percentage change from same period previous year,,
ECTM.S19A2AC,2014.12,5.4,,F,Percent,0,Electronic Card Transactions (ANZSIC06) - ECT,"Totals - Electronic card transactions by division, percentage changes",Actual,RTS core industries,Percentage change from same period previous year,,
ECTM.S19A2AC,2015.01,8,,F,Percent,0,Electronic Card Transactions (ANZSIC06) - ECT,"Totals - Electronic card transactions by division, percentage changes",Actual,RTS core industries,Percentage change from same period previous year,,
ECTM.S19A2AC,2015.02,7.3,,F,Percent,0,Electronic Card Transactions (ANZSIC06) - ECT,"Totals - Electronic card transactions by division, percentage changes",Actual,RTS core industries,Percentage change from same period previous year,,
ECTM.S19A2AC,2015.03,6.1,,F,Percent,0,Electronic Card Transactions (ANZSIC06) - ECT,"Totals - Electronic card transactions by division, percentage changes",Actual,RTS core industries,Percentage change from same period previous year,,
ECTM.S19A2AC,2015.04,6.4,,F,Percent,0,Electronic Card Transactions (ANZSIC06) - ECT,"Totals - Electronic card transactions by division, percentage changes",Actual,RTS core industries,Percentage change from same period previous year,,
ECTM.S19A2AC,2015.05,5,,F,Percent,0,Electronic Card Transactions (ANZSIC06) - ECT,"Totals - Electronic card transactions by division, percentage changes",Actual,RTS core industries,Percentage change from same period previous year,,
ECTM.S19A2AC,2015.06,6.1,,F,Percent,0,Electronic Card Transactions (ANZSIC06) - ECT,"Totals - Electronic card transactions by division, percentage changes",Actual,RTS core industries,Percentage change from same period previous year,,
ECTM.S19A2AC,2015.07,6.6,,F,Percent,0,Electronic Card Transactions (ANZSIC06) - ECT,"Totals - Electronic card transactions by division, percentage changes",Actual,RTS core industries,Percentage change from same period previous year,,
ECTM.S19A2AC,2015.08,5.7,,F,Percent,0,Electronic Card Transactions (ANZSIC06) - ECT,"Totals - Electronic card transactions by division, percentage changes",Actual,RTS core industries,Percentage change from same period previous year,,
ECTM.S19A2AC,2015.09,7.7,,F,Percent,0,Electronic Card Transactions (ANZSIC06) - ECT,"Totals - Electronic card transactions by division, percentage changes",Actual,RTS core industries,Percentage change from same period previous year,,
ECTM.S19A2AC,2015.10,7.8,,F,Percent,0,Electronic Card Transactions (ANZSIC06) - ECT,"Totals - Electronic card transactions by division, percentage changes",Actual,RTS core industries,Percentage change from same period previous year,,
ECTM.S19A2AC,2015.11,6,,F,Percent,0,Electronic Card Transactions (ANZSIC06) - ECT,"Totals - Electronic card transactions by division, percentage changes",Actual,RTS core industries,Percentage change from same period previous year,,
ECTM.S19A2AC,2015.12,7.3,,F,Percent,0,Electronic Card Transactions (ANZSIC06) - ECT,"Totals - Electronic card transactions by division, percentage changes",Actual,RTS core industries,Percentage change from same period previous year,,
ECTM.S19A2AC,2016.01,5.7,,F,Percent,0,Electronic Card Transactions (ANZSIC06) - ECT,"Totals - Electronic card transactions by division, percentage changes",Actual,RTS core industries,Percentage change from same period previous year,,
ECTM.S19A2AC,2016.02,10.5,,F,Percent,0,Electronic Card Transactions (ANZSIC06) - ECT,"Totals - Electronic card transactions by division, percentage changes",Actual,RTS core industries,Percentage change from same period previous year,,
ECTM.S19A2AC,2016.03,7.4,,F,Percent,0,Electronic Card Transactions (ANZSIC06) - ECT,"Totals - Electronic card transactions by division, percentage changes",Actual,RTS core industries,Percentage change from same period previous year,,
ECTM.S19A2AC,2016.04,8.9,,F,Percent,0,Electronic Card Transactions (ANZSIC06) - ECT,"Totals - Electronic card transactions by division, percentage changes",Actual,RTS core industries,Percentage change from same period previous year,,
ECTM.S19A2AC,2016.05,4.6,,F,Percent,0,Electronic Card Transactions (ANZSIC06) - ECT,"Totals - Electronic card transactions by division, percentage changes",Actual,RTS core industries,Percentage change from same period previous year,,
ECTM.S19A2AC,2016.06,8.5,,F,Percent,0,Electronic Card Transactions (ANZSIC06) - ECT,"Totals - Electronic card transactions by division, percentage changes",Actual,RTS core industries,Percentage change from same period previous year,,
ECTM.S19A2AC,2016.07,8.3,,F,Percent,0,Electronic Card Transactions (ANZSIC06) - ECT,"Totals - Electronic card transactions by division, percentage changes",Actual,RTS core industries,Percentage change from same period previous year,,
ECTM.S19A2AC,2016.08,4.4,,F,Percent,0,Electronic Card Transactions (ANZSIC06) - ECT,"Totals - Electronic card transactions by division, percentage changes",Actual,RTS core industries,Percentage change from same period previous year,,
ECTM.S19A2AC,2016.09,7.6,,F,Percent,0,Electronic Card Transactions (ANZSIC06) - ECT,"Totals - Electronic card transactions by division, percentage changes",Actual,RTS core industries,Percentage change from same period previous year,,
ECTM.S19A2AC,2016.10,5.2,,F,Percent,0,Electronic Card Transactions (ANZSIC06) - ECT,"Totals - Electronic card transactions by division, percentage changes",Actual,RTS core industries,Percentage change from same period previous year,,
ECTM.S19A2AC,2016.11,5.5,,F,Percent,0,Electronic Card Transactions (ANZSIC06) - ECT,"Totals - Electronic card transactions by division, percentage changes",Actual,RTS core industries,Percentage change from same period previous year,,
ECTM.S19A2AC,2016.12,5.9,,F,Percent,0,Electronic Card Transactions (ANZSIC06) - ECT,"Totals - Electronic card transactions by division, percentage changes",Actual,RTS core industries,Percentage change from same period previous year,,
ECTM.S19A2AC,2017.01,10.4,,F,Percent,0,Electronic Card Transactions (ANZSIC06) - ECT,"Totals - Electronic card transactions by division, percentage changes",Actual,RTS core industries,Percentage change from same period previous year,,
ECTM.S19A2AC,2017.02,6.7,,F,Percent,0,Electronic Card Transactions (ANZSIC06) - ECT,"Totals - Electronic card transactions by division, percentage changes",Actual,RTS core industries,Percentage change from same period previous year,,
ECTM.S19A2AC,2017.03,10.6,,F,Percent,0,Electronic Card Transactions (ANZSIC06) - ECT,"Totals - Electronic card transactions by division, percentage changes",Actual,RTS core industries,Percentage change from same period previous year,,
ECTM.S19A2AC,2017.04,9.4,,F,Percent,0,Electronic Card Transactions (ANZSIC06) - ECT,"Totals - Electronic card transactions by division, percentage changes",Actual,RTS core industries,Percentage change from same period previous year,,
ECTM.S19A2AC,2017.05,10.6,,F,Percent,0,Electronic Card Transactions (ANZSIC06) - ECT,"Totals - Electronic card transactions by division, percentage changes",Actual,RTS core industries,Percentage change from same period previous year,,
ECTM.S19A2AC,2017.06,10.5,,F,Percent,0,Electronic Card Transactions (ANZSIC06) - ECT,"Totals - Electronic card transactions by division, percentage changes",Actual,RTS core industries,Percentage change from same period previous year,,
ECTM.S19A2AC,2017.07,8.5,,F,Percent,0,Electronic Card Transactions (ANZSIC06) - ECT,"Totals - Electronic card transactions by division, percentage changes",Actual,RTS core industries,Percentage change from same period previous year,,
ECTM.S19A2AC,2017.08,11.2,,F,Percent,0,Electronic Card Transactions (ANZSIC06) - ECT,"Totals - Electronic card transactions by division, percentage changes",Actual,RTS core industries,Percentage change from same period previous year,,
ECTM.S19A2AC,2017.09,9.5,,F,Percent,0,Electronic Card Transactions (ANZSIC06) - ECT,"Totals - Electronic card transactions by division, percentage changes",Actual,RTS core industries,Percentage change from same period previous year,,
ECTM.S19A2AC,2017.10,8.6,,F,Percent,0,Electronic Card Transactions (ANZSIC06) - ECT,"Totals - Electronic card transactions by division, percentage changes",Actual,RTS core industries,Percentage change from same period previous year,,
ECTM.S19A2AC,2017.11,12.1,,F,Percent,0,Electronic Card Transactions (ANZSIC06) - ECT,"Totals - Electronic card transactions by division, percentage changes",Actual,RTS core industries,Percentage change from same period previous year,,
ECTM.S19A2AC,2017.12,8.8,,F,Percent,0,Electronic Card Transactions (ANZSIC06) - ECT,"Totals - Electronic card transactions by division, percentage changes",Actual,RTS core industries,Percentage change from same period previous year,,
ECTM.S19A2AC,2018.01,4.8,,F,Percent,0,Electronic Card Transactions (ANZSIC06) - ECT,"Totals - Electronic card transactions by division, percentage changes",Actual,RTS core industries,Percentage change from same period previous year,,
ECTM.S19A2AC,2018.02,5.1,,F,Percent,0,Electronic Card Transactions (ANZSIC06) - ECT,"Totals - Electronic card transactions by division, percentage changes",Actual,RTS core industries,Percentage change from same period previous year,,
ECTM.S19A2AC,2018.03,7.7,,F,Percent,0,Electronic Card Transactions (ANZSIC06) - ECT,"Totals - Electronic card transactions by division, percentage changes",Actual,RTS core industries,Percentage change from same period previous year,,
ECTM.S19A2AC,2018.04,2.3,,F,Percent,0,Electronic Card Transactions (ANZSIC06) - ECT,"Totals - Electronic card transactions by division, percentage changes",Actual,RTS core industries,Percentage change from same period previous year,,
ECTM.S19A2AC,2018.05,4.5,,F,Percent,0,Electronic Card Transactions (ANZSIC06) - ECT,"Totals - Electronic card transactions by division, percentage changes",Actual,RTS core industries,Percentage change from same period previous year,,
ECTM.S19A2AC,2018.06,5,,F,Percent,0,Electronic Card Transactions (ANZSIC06) - ECT,"Totals - Electronic card transactions by division, percentage changes",Actual,RTS core industries,Percentage change from same period previous year,,
ECTM.S19A2AC,2018.07,3.4,,F,Percent,0,Electronic Card Transactions (ANZSIC06) - ECT,"Totals - Electronic card transactions by division, percentage changes",Actual,RTS core industries,Percentage change from same period previous year,,
ECTM.S19A2AC,2018.08,6,,F,Percent,0,Electronic Card Transactions (ANZSIC06) - ECT,"Totals - Electronic card transactions by division, percentage changes",Actual,RTS core industries,Percentage change from same period previous year,,
ECTM.S19A2AC,2018.09,5.5,,F,Percent,0,Electronic Card Transactions (ANZSIC06) - ECT,"Totals - Electronic card transactions by division, percentage changes",Actual,RTS core industries,Percentage change from same period previous year,,
ECTM.S19A2AC,2018.10,5.3,,F,Percent,0,Electronic Card Transactions (ANZSIC06) - ECT,"Totals - Electronic card transactions by division, percentage changes",Actual,RTS core industries,Percentage change from same period previous year,,
ECTM.S19A2AC,2018.11,5.4,,F,Percent,0,Electronic Card Transactions (ANZSIC06) - ECT,"Totals - Electronic card transactions by division, percentage changes",Actual,RTS core industries,Percentage change from same period previous year,,
ECTM.S19A2AC,2018.12,2.7,,F,Percent,0,Electronic Card Transactions (ANZSIC06) - ECT,"Totals - Electronic card transactions by division, percentage changes",Actual,RTS core industries,Percentage change from same period previous year,,
ECTM.S19A2AC,2019.01,5.8,,F,Percent,0,Electronic Card Transactions (ANZSIC06) - ECT,"Totals - Electronic card transactions by division, percentage changes",Actual,RTS core industries,Percentage change from same period previous year,,
ECTM.S19A2AC,2019.02,5.4,,F,Percent,0,Electronic Card Transactions (ANZSIC06) - ECT,"Totals - Electronic card transactions by division, percentage changes",Actual,RTS core industries,Percentage change from same period previous year,,
ECTM.S19A2AC,2019.03,2.2,,F,Percent,0,Electronic Card Transactions (ANZSIC06) - ECT,"Totals - Electronic card transactions by division, percentage changes",Actual,RTS core industries,Percentage change from same period previous year,,
ECTM.S19A2AC,2019.04,6,,F,Percent,0,Electronic Card Transactions (ANZSIC06) - ECT,"Totals - Electronic card transactions by division, percentage changes",Actual,RTS core industries,Percentage change from same period previous year,,
ECTM.S19A2AC,2019.05,4.9,,F,Percent,0,Electronic Card Transactions (ANZSIC06) - ECT,"Totals - Electronic card transactions by division, percentage changes",Actual,RTS core industries,Percentage change from same period previous year,,
ECTM.S19A2AC,2019.06,3.6,,F,Percent,0,Electronic Card Transactions (ANZSIC06) - ECT,"Totals - Electronic card transactions by division, percentage changes",Actual,RTS core industries,Percentage change from same period previous year,,
ECTM.S19A2AC,2019.07,3.6,,F,Percent,0,Electronic Card Transactions (ANZSIC06) - ECT,"Totals - Electronic card transactions by division, percentage changes",Actual,RTS core industries,Percentage change from same period previous year,,
ECTM.S19A2AC,2019.08,5.3,,F,Percent,0,Electronic Card Transactions (ANZSIC06) - ECT,"Totals - Electronic card transactions by division, percentage changes",Actual,RTS core industries,Percentage change from same period previous year,,
ECTM.S19A2AC,2019.09,2.5,,F,Percent,0,Electronic Card Transactions (ANZSIC06) - ECT,"Totals - Electronic card transactions by division, percentage changes",Actual,RTS core industries,Percentage change from same period previous year,,
ECTM.S19A2AC,2019.10,3.7,,F,Percent,0,Electronic Card Transactions (ANZSIC06) - ECT,"Totals - Electronic card transactions by division, percentage changes",Actual,RTS core industries,Percentage change from same period previous year,,
ECTM.S19A2AC,2019.11,6.5,,F,Percent,0,Electronic Card Transactions (ANZSIC06) - ECT,"Totals - Electronic card transactions by division, percentage changes",Actual,RTS core industries,Percentage change from same period previous year,,
ECTM.S19A2AC,2019.12,4.7,,F,Percent,0,Electronic Card Transactions (ANZSIC06) - ECT,"Totals - Electronic card transactions by division, percentage changes",Actual,RTS core industries,Percentage change from same period previous year,,
ECTM.S19A2AC,2020.01,4.7,,F,Percent,0,Electronic Card Transactions (ANZSIC06) - ECT,"Totals - Electronic card transactions by division, percentage changes",Actual,RTS core industries,Percentage change from same period previous year,,
ECTM.S19A2AC,2020.02,9.5,,F,Percent,0,Electronic Card Transactions (ANZSIC06) - ECT,"Totals - Electronic card transactions by division, percentage changes",Actual,RTS core industries,Percentage change from same period previous year,,
ECTM.S19A2AC,2020.03,0.6,,F,Percent,0,Electronic Card Transactions (ANZSIC06) - ECT,"Totals - Electronic card transactions by division, percentage changes",Actual,RTS core industries,Percentage change from same period previous year,,
ECTM.S19A2AC,2020.04,-43.4,,F,Percent,0,Electronic Card Transactions (ANZSIC06) - ECT,"Totals - Electronic card transactions by division, percentage changes",Actual,RTS core industries,Percentage change from same period previous year,,
ECTM.S19A2AC,2020.05,-2.7,,F,Percent,0,Electronic Card Transactions (ANZSIC06) - ECT,"Totals - Electronic card transactions by division, percentage changes",Actual,RTS core industries,Percentage change from same period previous year,,
ECTM.S19A2AC,2020.06,10,,F,Percent,0,Electronic Card Transactions (ANZSIC06) - ECT,"Totals - Electronic card transactions by division, percentage changes",Actual,RTS core industries,Percentage change from same period previous year,,
ECTM.S19A2AC,2020.07,13.1,,F,Percent,0,Electronic Card Transactions (ANZSIC06) - ECT,"Totals - Electronic card transactions by division, percentage changes",Actual,RTS core industries,Percentage change from same period previous year,,
ECTM.S19A2AC,2020.08,1.1,,F,Percent,0,Electronic Card Transactions (ANZSIC06) - ECT,"Totals - Electronic card transactions by division, percentage changes",Actual,RTS core industries,Percentage change from same period previous year,,
ECTM.S19A2AC,2020.09,11.8,,F,Percent,0,Electronic Card Transactions (ANZSIC06) - ECT,"Totals - Electronic card transactions by division, percentage changes",Actual,RTS core industries,Percentage change from same period previous year,,
ECTM.S19A2AC,2020.10,10.5,,F,Percent,0,Electronic Card Transactions (ANZSIC06) - ECT,"Totals - Electronic card transactions by division, percentage changes",Actual,RTS core industries,Percentage change from same period previous year,,
ECTM.S19A2AC,2020.11,4.7,,F,Percent,0,Electronic Card Transactions (ANZSIC06) - ECT,"Totals - Electronic card transactions by division, percentage changes",Actual,RTS core industries,Percentage change from same period previous year,,
ECTM.S19A2AC,2020.12,5.2,,F,Percent,0,Electronic Card Transactions (ANZSIC06) - ECT,"Totals - Electronic card transactions by division, percentage changes",Actual,RTS core industries,Percentage change from same period previous year,,
ECTM.S19A2AC,2021.01,3.4,,F,Percent,0,Electronic Card Transactions (ANZSIC06) - ECT,"Totals - Electronic card transactions by division, percentage changes",Actual,RTS core industries,Percentage change from same period previous year,,
ECTM.S19A2AC,2021.02,-4.1,,F,Percent,0,Electronic Card Transactions (ANZSIC06) - ECT,"Totals - Electronic card transactions by division, percentage changes",Actual,RTS core industries,Percentage change from same period previous year,,
ECTM.S19A2AC,2021.03,5.1,,F,Percent,0,Electronic Card Transactions (ANZSIC06) - ECT,"Totals - Electronic card transactions by division, percentage changes",Actual,RTS core industries,Percentage change from same period previous year,,
ECTM.S19A2AC,2021.04,99.6,,F,Percent,0,Electronic Card Transactions (ANZSIC06) - ECT,"Totals - Electronic card transactions by division, percentage changes",Actual,RTS core industries,Percentage change from same period previous year,,
ECTM.S19A2AC,2021.05,18.2,,F,Percent,0,Electronic Card Transactions (ANZSIC06) - ECT,"Totals - Electronic card transactions by division, percentage changes",Actual,RTS core industries,Percentage change from same period previous year,,
ECTM.S19A2AC,2021.06,4.9,,F,Percent,0,Electronic Card Transactions (ANZSIC06) - ECT,"Totals - Electronic card transactions by division, percentage changes",Actual,RTS core industries,Percentage change from same period previous year,,
ECTM.S19A2AC,2021.07,4.9,,F,Percent,0,Electronic Card Transactions (ANZSIC06) - ECT,"Totals - Electronic card transactions by division, percentage changes",Actual,RTS core industries,Percentage change from same period previous year,,
ECTM.S19A2AC,2021.08,-9.8,,F,Percent,0,Electronic Card Transactions (ANZSIC06) - ECT,"Totals - Electronic card transactions by division, percentage changes",Actual,RTS core industries,Percentage change from same period previous year,,
ECTM.S19A2AC,2021.09,-15.7,,F,Percent,0,Electronic Card Transactions (ANZSIC06) - ECT,"Totals - Electronic card transactions by division, percentage changes",Actual,RTS core industries,Percentage change from same period previous year,,
ECTM.S19A2AC,2021.10,-7.3,,F,Percent,0,Electronic Card Transactions (ANZSIC06) - ECT,"Totals - Electronic card transactions by division, percentage changes",Actual,RTS core industries,Percentage change from same period previous year,,
ECTM.S19A2AC,2021.11,1.6,,F,Percent,0,Electronic Card Transactions (ANZSIC06) - ECT,"Totals - Electronic card transactions by division, percentage changes",Actual,RTS core industries,Percentage change from same period previous year,,
ECTM.S19A2AC,2021.12,3.9,,F,Percent,0,Electronic Card Transactions (ANZSIC06) - ECT,"Totals - Electronic card transactions by division, percentage changes",Actual,RTS core industries,Percentage change from same period previous year,,
ECTM.S19A2AC,2022.01,5.3,,F,Percent,0,Electronic Card Transactions (ANZSIC06) - ECT,"Totals - Electronic card transactions by division, percentage changes",Actual,RTS core industries,Percentage change from same period previous year,,
ECTM.S19A2AC,2022.02,0.4,,F,Percent,0,Electronic Card Transactions (ANZSIC06) - ECT,"Totals - Electronic card transactions by division, percentage changes",Actual,RTS core industries,Percentage change from same period previous year,,
ECTM.S19A2AC,2022.03,-1.1,,F,Percent,0,Electronic Card Transactions (ANZSIC06) - ECT,"Totals - Electronic card transactions by division, percentage changes",Actual,RTS core industries,Percentage change from same period previous year,,
ECTM.S19A2AC,2022.04,1.8,,F,Percent,0,Electronic Card Transactions (ANZSIC06) - ECT,"Totals - Electronic card transactions by division, percentage changes",Actual,RTS core industries,Percentage change from same period previous year,,
ECTM.S19A2AC,2022.05,-0.5,,F,Percent,0,Electronic Card Transactions (ANZSIC06) - ECT,"Totals - Electronic card transactions by division, percentage changes",Actual,RTS core industries,Percentage change from same period previous year,,
ECTM.S19A2AC,2022.06,0.7,,F,Percent,0,Electronic Card Transactions (ANZSIC06) - ECT,"Totals - Electronic card transactions by division, percentage changes",Actual,RTS core industries,Percentage change from same period previous year,,
ECTM.S19A2AC,2022.07,0.3,,F,Percent,0,Electronic Card Transactions (ANZSIC06) - ECT,"Totals - Electronic card transactions by division, percentage changes",Actual,RTS core industries,Percentage change from same period previous year,,
ECTM.S19A2AC,2022.08,25.4,,F,Percent,0,Electronic Card Transactions (ANZSIC06) - ECT,"Totals - Electronic card transactions by division, percentage changes",Actual,RTS core industries,Percentage change from same period previous year,,
ECTM.S19A2AC,2022.09,28,,F,Percent,0,Electronic Card Transactions (ANZSIC06) - ECT,"Totals - Electronic card transactions by division, percentage changes",Actual,RTS core industries,Percentage change from same period previous year,,
ECTM.S19A2AC,2022.10,17.7,,F,Percent,0,Electronic Card Transactions (ANZSIC06) - ECT,"Totals - Electronic card transactions by division, percentage changes",Actual,RTS core industries,Percentage change from same period previous year,,
ECTM.S19A2AC,2022.11,8.6,,F,Percent,0,Electronic Card Transactions (ANZSIC06) - ECT,"Totals - Electronic card transactions by division, percentage changes",Actual,RTS core industries,Percentage change from same period previous year,,
ECTM.S19A2AC,2022.12,7.1,,F,Percent,0,Electronic Card Transactions (ANZSIC06) - ECT,"Totals - Electronic card transactions by division, percentage changes",Actual,RTS core industries,Percentage change from same period previous year,,
ECTM.S19A2AC,2023.01,5.6,,F,Percent,0,Electronic Card Transactions (ANZSIC06) - ECT,"Totals - Electronic card transactions by division, percentage changes",Actual,RTS core industries,Percentage change from same period previous year,,
ECTM.S19A2AC,2023.02,15,,F,Percent,0,Electronic Card Transactions (ANZSIC06) - ECT,"Totals - Electronic card transactions by division, percentage changes",Actual,RTS core industries,Percentage change from same period previous year,,
ECTM.S19A2AC,2023.03,18.8,,F,Percent,0,Electronic Card Transactions (ANZSIC06) - ECT,"Totals - Electronic card transactions by division, percentage changes",Actual,RTS core industries,Percentage change from same period previous year,,
ECTM.S19A2AC,2023.04,9.1,,F,Percent,0,Electronic Card Transactions (ANZSIC06) - ECT,"Totals - Electronic card transactions by division, percentage changes",Actual,RTS core industries,Percentage change from same period previous year,,
ECTM.S19A2AC,2023.05,6.7,,F,Percent,0,Electronic Card Transactions (ANZSIC06) - ECT,"Totals - Electronic card transactions by division, percentage changes",Actual,RTS core industries,Percentage change from same period previous year,,
ECTM.S19A2AC,2023.06,8.1,,F,Percent,0,Electronic Card Transactions (ANZSIC06) - ECT,"Totals - Electronic card transactions by division, percentage changes",Actual,RTS core industries,Percentage change from same period previous year,,
ECTM.S19A2AC,2023.07,6.3,,F,Percent,0,Electronic Card Transactions (ANZSIC06) - ECT,"Totals - Electronic card transactions by division, percentage changes",Actual,RTS core industries,Percentage change from same period previous year,,
ECTM.S19A2AC,2023.08,6.4,,F,Percent,0,Electronic Card Transactions (ANZSIC06) - ECT,"Totals - Electronic card transactions by division, percentage changes",Actual,RTS core industries,Percentage change from same period previous year,,
ECTM.S19A2AC,2023.09,3.4,,F,Percent,0,Electronic Card Transactions (ANZSIC06) - ECT,"Totals - Electronic card transactions by division, percentage changes",Actual,RTS core industries,Percentage change from same period previous year,,
ECTM.S19A2AC,2023.10,-0.8,,F,Percent,0,Electronic Card Transactions (ANZSIC06) - ECT,"Totals - Electronic card transactions by division, percentage changes",Actual,RTS core industries,Percentage change from same period previous year,,
ECTM.S19A2AC,2023.11,3.8,,F,Percent,0,Electronic Card Transactions (ANZSIC06) - ECT,"Totals - Electronic card transactions by division, percentage changes",Actual,RTS core industries,Percentage change from same period previous year,,
ECTM.S19A2AC,2023.12,1.1,,F,Percent,0,Electronic Card Transactions (ANZSIC06) - ECT,"Totals - Electronic card transactions by division, percentage changes",Actual,RTS core industries,Percentage change from same period previous year,,
ECTM.S19A2AC,2024.01,2.9,,F,Percent,0,Electronic Card Transactions (ANZSIC06) - ECT,"Totals - Electronic card transactions by division, percentage changes",Actual,RTS core industries,Percentage change from same period previous year,,
ECTM.S19A2AC,2024.02,4.7,,F,Percent,0,Electronic Card Transactions (ANZSIC06) - ECT,"Totals - Electronic card transactions by division, percentage changes",Actual,RTS core industries,Percentage change from same period previous year,,
ECTM.S19A2AC,2024.03,-0.4,,F,Percent,0,Electronic Card Transactions (ANZSIC06) - ECT,"Totals - Electronic card transactions by division, percentage changes",Actual,RTS core industries,Percentage change from same period previous year,,
ECTM.S19A2AC,2024.04,-2.6,,F,Percent,0,Electronic Card Transactions (ANZSIC06) - ECT,"Totals - Electronic card transactions by division, percentage changes",Actual,RTS core industries,Percentage change from same period previous year,,
ECTM.S19A2AC,2024.05,-0.2,,F,Percent,0,Electronic Card Transactions (ANZSIC06) - ECT,"Totals - Electronic card transactions by division, percentage changes",Actual,RTS core industries,Percentage change from same period previous year,,
ECTM.S19A2AC,2024.06,-2.9,,F,Percent,0,Electronic Card Transactions (ANZSIC06) - ECT,"Totals - Electronic card transactions by division, percentage changes",Actual,RTS core industries,Percentage change from same period previous year,,
ECTM.S19A2AC,2024.07,-4.4,,F,Percent,0,Electronic Card Transactions (ANZSIC06) - ECT,"Totals - Electronic card transactions by division, percentage changes",Actual,RTS core industries,Percentage change from same period previous year,,
ECTM.S19A2AC,2024.08,-0.9,,F,Percent,0,Electronic Card Transactions (ANZSIC06) - ECT,"Totals - Electronic card transactions by division, percentage changes",Actual,RTS core industries,Percentage change from same period previous year,,
ECTM.S19A2AC,2024.09,-3.3,,F,Percent,0,Electronic Card Transactions (ANZSIC06) - ECT,"Totals - Electronic card transactions by division, percentage changes",Actual,RTS core industries,Percentage change from same period previous year,,
ECTM.S19A2AC,2024.10,1,,F,Percent,0,Electronic Card Transactions (ANZSIC06) - ECT,"Totals - Electronic card transactions by division, percentage changes",Actual,RTS core industries,Percentage change from same period previous year,,
ECTM.S19A2AC,2024.11,-0.3,,F,Percent,0,Electronic Card Transactions (ANZSIC06) - ECT,"Totals - Electronic card transactions by division, percentage changes",Actual,RTS core industries,Percentage change from same period previous year,,
ECTM.S19A2AC,2024.12,1.2,,F,Percent,0,Electronic Card Transactions (ANZSIC06) - ECT,"Totals - Electronic card transactions by division, percentage changes",Actual,RTS core industries,Percentage change from same period previous year,,
ECTM.S19A2AC,2025.01,1.2,,F,Percent,0,Electronic Card Transactions (ANZSIC06) - ECT,"Totals - Electronic card transactions by division, percentage changes",Actual,RTS core industries,Percentage change from same period previous year,,
ECTM.S19A2AC,2025.02,-2.7,,F,Percent,0,Electronic Card Transactions (ANZSIC06) - ECT,"Totals - Electronic card transactions by division, percentage changes",Actual,RTS core industries,Percentage change from same period previous year,,
ECTM.S19A2AC,2025.03,-1.4,,F,Percent,0,Electronic Card Transactions (ANZSIC06) - ECT,"Totals - Electronic card transactions by division, percentage changes",Actual,RTS core industries,Percentage change from same period previous year,,
ECTM.S19A2AC,2025.04,0.2,,F,Percent,0,Electronic Card Transactions (ANZSIC06) - ECT,"Totals - Electronic card transactions by division, percentage changes",Actual,RTS core industries,Percentage change from same period previous year,,
ECTM.S19A2AC,2025.05,1.2,,F,Percent,0,Electronic Card Transactions (ANZSIC06) - ECT,"Totals - Electronic card transactions by division, percentage changes",Actual,RTS core industries,Percentage change from same period previous year,,
ECTM.S19A2AC,2025.06,0.3,,F,Percent,0,Electronic Card Transactions (ANZSIC06) - ECT,"Totals - Electronic card transactions by division, percentage changes",Actual,RTS core industries,Percentage change from same period previous year,,
ECTM.S19A2AC,2025.07,2.4,,F,Percent,0,Electronic Card Transactions (ANZSIC06) - ECT,"Totals - Electronic card transactions by division, percentage changes",Actual,RTS core industries,Percentage change from same period previous year,,
ECTM.S19A2AC,2025.08,1.7,,F,Percent,0,Electronic Card Transactions (ANZSIC06) - ECT,"Totals - Electronic card transactions by division, percentage changes",Actual,RTS core industries,Percentage change from same period previous year,,
ECTM.S19A2AC,2025.09,1.4,,F,Percent,0,Electronic Card Transactions (ANZSIC06) - ECT,"Totals - Electronic card transactions by division, percentage changes",Actual,RTS core industries,Percentage change from same period previous year,,
ECTM.S19A2AC,2025.10,1.2,,F,Percent,0,Electronic Card Transactions (ANZSIC06) - ECT,"Totals - Electronic card transactions by division, percentage changes",Actual,RTS core industries,Percentage change from same period previous year,,
ECTM.S19A2AC,2025.11,2.1,,F,Percent,0,Electronic Card Transactions (ANZSIC06) - ECT,"Totals - Electronic card transactions by division, percentage changes",Actual,RTS core industries,Percentage change from same period previous year,,
ECTM.S19A2AC,2025.12,-0.5,,F,Percent,0,Electronic Card Transactions (ANZSIC06) - ECT,"Totals - Electronic card transactions by division, percentage changes",Actual,RTS core industries,Percentage change from same period previous year,,
ECTM.S19A2AC,2026.01,1.1,,F,Percent,0,Electronic Card Transactions (ANZSIC06) - ECT,"Totals - Electronic card transactions by division, percentage changes",Actual,RTS core industries,Percentage change from same period previous year,,
ECTM.S19A2AC,2026.02,2.4,,F,Percent,0,Electronic Card Transactions (ANZSIC06) - ECT,"Totals - Electronic card transactions by division, percentage changes",Actual,RTS core industries,Percentage change from same period previous year,,
ECTM.S19A2AC,2026.03,2.1,,F,Percent,0,Electronic Card Transactions (ANZSIC06) - ECT,"Totals - Electronic card transactions by division, percentage changes",Actual,RTS core industries,Percentage change from same period previous year,,
ECTM.S19A2AC,2026.04,1.4,,F,Percent,0,Electronic Card Transactions (ANZSIC06) - ECT,"Totals - Electronic card transactions by division, percentage changes",Actual,RTS core industries,Percentage change from same period previous year,,
ECTM.S19A2AC,2026.05,2.8,,F,Percent,0,Electronic Card Transactions (ANZSIC06) - ECT,"Totals - Electronic card transactions by division, percentage changes",Actual,RTS core industries,Percentage change from same period previous year,,
ECTM.S19A2AC,2026.06,0.4,,F,Percent,0,Electronic Card Transactions (ANZSIC06) - ECT,"Totals - Electronic card transactions by division, percentage changes",Actual,RTS core industries,Percentage change from same period previous year,,
ECTM.S19A9,2000.01,,,C,Dollars,6,Electronic Card Transactions (ANZSIC06) - ECT,Total values - Electronic card transactions A/S/T by division,Actual,Total,,,
ECTM.S19A9,2000.02,,,C,Dollars,6,Electronic Card Transactions (ANZSIC06) - ECT,Total values - Electronic card transactions A/S/T by division,Actual,Total,,,
ECTM.S19A9,2000.03,,,C,Dollars,6,Electronic Card Transactions (ANZSIC06) - ECT,Total values - Electronic card transactions A/S/T by division,Actual,Total,,,
ECTM.S19A9,2000.04,,,C,Dollars,6,Electronic Card Transactions (ANZSIC06) - ECT,Total values - Electronic card transactions A/S/T by division,Actual,Total,,,
ECTM.S19A9,2000.05,,,C,Dollars,6,Electronic Card Transactions (ANZSIC06) - ECT,Total values - Electronic card transactions A/S/T by division,Actual,Total,,,
ECTM.S19A9,2000.06,,,C,Dollars,6,Electronic Card Transactions (ANZSIC06) - ECT,Total values - Electronic card transactions A/S/T by division,Actual,Total,,,
ECTM.S19A9,2000.07,,,C,Dollars,6,Electronic Card Transactions (ANZSIC06) - ECT,Total values - Electronic card transactions A/S/T by division,Actual,Total,,,
ECTM.S19A9,2000.08,,,C,Dollars,6,Electronic Card Transactions (ANZSIC06) - ECT,Total values - Electronic card transactions A/S/T by division,Actual,Total,,,
ECTM.S19A9,2000.09,,,C,Dollars,6,Electronic Card Transactions (ANZSIC06) - ECT,Total values - Electronic card transactions A/S/T by division,Actual,Total,,,
ECTM.S19A9,2000.10,,,C,Dollars,6,Electronic Card Transactions (ANZSIC06) - ECT,Total values - Electronic card transactions A/S/T by division,Actual,Total,,,
ECTM.S19A9,2000.11,,,C,Dollars,6,Electronic Card Transactions (ANZSIC06) - ECT,Total values - Electronic card transactions A/S/T by division,Actual,Total,,,
ECTM.S19A9,2000.12,,,C,Dollars,6,Electronic Card Transactions (ANZSIC06) - ECT,Total values - Electronic card transactions A/S/T by division,Actual,Total,,,
ECTM.S19A9,2001.01,,,C,Dollars,6,Electronic Card Transactions (ANZSIC06) - ECT,Total values - Electronic card transactions A/S/T by division,Actual,Total,,,
ECTM.S19A9,2001.02,,,C,Dollars,6,Electronic Card Transactions (ANZSIC06) - ECT,Total values - Electronic card transactions A/S/T by division,Actual,Total,,,
ECTM.S19A9,2001.03,,,C,Dollars,6,Electronic Card Transactions (ANZSIC06) - ECT,Total values - Electronic card transactions A/S/T by division,Actual,Total,,,
ECTM.S19A9,2001.04,,,C,Dollars,6,Electronic Card Transactions (ANZSIC06) - ECT,Total values - Electronic card transactions A/S/T by division,Actual,Total,,,
ECTM.S19A9,2001.05,,,C,Dollars,6,Electronic Card Transactions (ANZSIC06) - ECT,Total values - Electronic card transactions A/S/T by division,Actual,Total,,,
ECTM.S19A9,2001.06,,,C,Dollars,6,Electronic Card Transactions (ANZSIC06) - ECT,Total values - Electronic card transactions A/S/T by division,Actual,Total,,,
ECTM.S19A9,2001.07,,,C,Dollars,6,Electronic Card Transactions (ANZSIC06) - ECT,Total values - Electronic card transactions A/S/T by division,Actual,Total,,,
ECTM.S19A9,2001.08,,,C,Dollars,6,Electronic Card Transactions (ANZSIC06) - ECT,Total values - Electronic card transactions A/S/T by division,Actual,Total,,,
ECTM.S19A9,2001.09,,,C,Dollars,6,Electronic Card Transactions (ANZSIC06) - ECT,Total values - Electronic card transactions A/S/T by division,Actual,Total,,,
ECTM.S19A9,2001.10,,,C,Dollars,6,Electronic Card Transactions (ANZSIC06) - ECT,Total values - Electronic card transactions A/S/T by division,Actual,Total,,,
ECTM.S19A9,2001.11,,,C,Dollars,6,Electronic Card Transactions (ANZSIC06) - ECT,Total values - Electronic card transactions A/S/T by division,Actual,Total,,,
ECTM.S19A9,2001.12,,,C,Dollars,6,Electronic Card Transactions (ANZSIC06) - ECT,Total values - Electronic card transactions A/S/T by division,Actual,Total,,,
ECTM.S19A9,2002.01,,,C,Dollars,6,Electronic Card Transactions (ANZSIC06) - ECT,Total values - Electronic card transactions A/S/T by division,Actual,Total,,,
ECTM.S19A9,2002.02,,,C,Dollars,6,Electronic Card Transactions (ANZSIC06) - ECT,Total values - Electronic card transactions A/S/T by division,Actual,Total,,,
ECTM.S19A9,2002.03,,,C,Dollars,6,Electronic Card Transactions (ANZSIC06) - ECT,Total values - Electronic card transactions A/S/T by division,Actual,Total,,,
ECTM.S19A9,2002.04,,,C,Dollars,6,Electronic Card Transactions (ANZSIC06) - ECT,Total values - Electronic card transactions A/S/T by division,Actual,Total,,,
ECTM.S19A9,2002.05,,,C,Dollars,6,Electronic Card Transactions (ANZSIC06) - ECT,Total values - Electronic card transactions A/S/T by division,Actual,Total,,,
ECTM.S19A9,2002.06,,,C,Dollars,6,Electronic Card Transactions (ANZSIC06) - ECT,Total values - Electronic card transactions A/S/T by division,Actual,Total,,,
ECTM.S19A9,2002.07,,,C,Dollars,6,Electronic Card Transactions (ANZSIC06) - ECT,Total values - Electronic card transactions A/S/T by division,Actual,Total,,,
ECTM.S19A9,2002.08,,,C,Dollars,6,Electronic Card Transactions (ANZSIC06) - ECT,Total values - Electronic card transactions A/S/T by division,Actual,Total,,,
ECTM.S19A9,2002.09,,,C,Dollars,6,Electronic Card Transactions (ANZSIC06) - ECT,Total values - Electronic card transactions A/S/T by division,Actual,Total,,,
ECTM.S19A9,2002.10,2820,,F,Dollars,6,Electronic Card Transactions (ANZSIC06) - ECT,Total values - Electronic card transactions A/S/T by division,Actual,Total,,,
ECTM.S19A9,2002.11,2880,,F,Dollars,6,Electronic Card Transactions (ANZSIC06) - ECT,Total values - Electronic card transactions A/S/T by division,Actual,Total,,,
ECTM.S19A9,2002.12,3498.4,,F,Dollars,6,Electronic Card Transactions (ANZSIC06) - ECT,Total values - Electronic card transactions A/S/T by division,Actual,Total,,,
ECTM.S19A9,2003.01,2848.9,,F,Dollars,6,Electronic Card Transactions (ANZSIC06) - ECT,Total values - Electronic card transactions A/S/T by division,Actual,Total,,,
ECTM.S19A9,2003.02,2713.4,,F,Dollars,6,Electronic Card Transactions (ANZSIC06) - ECT,Total values - Electronic card transactions A/S/T by division,Actual,Total,,,
ECTM.S19A9,2003.03,2941.7,,F,Dollars,6,Electronic Card Transactions (ANZSIC06) - ECT,Total values - Electronic card transactions A/S/T by division,Actual,Total,,,
ECTM.S19A9,2003.04,2801.5,,F,Dollars,6,Electronic Card Transactions (ANZSIC06) - ECT,Total values - Electronic card transactions A/S/T by division,Actual,Total,,,
ECTM.S19A9,2003.05,2913.5,,F,Dollars,6,Electronic Card Transactions (ANZSIC06) - ECT,Total values - Electronic card transactions A/S/T by division,Actual,Total,,,
ECTM.S19A9,2003.06,2696.8,,F,Dollars,6,Electronic Card Transactions (ANZSIC06) - ECT,Total values - Electronic card transactions A/S/T by division,Actual,Total,,,
ECTM.S19A9,2003.07,2957.9,,F,Dollars,6,Electronic Card Transactions (ANZSIC06) - ECT,Total values - Electronic card transactions A/S/T by division,Actual,Total,,,
ECTM.S19A9,2003.08,2927.8,,F,Dollars,6,Electronic Card Transactions (ANZSIC06) - ECT,Total values - Electronic card transactions A/S/T by division,Actual,Total,,,
ECTM.S19A9,2003.09,2871.6,,F,Dollars,6,Electronic Card Transactions (ANZSIC06) - ECT,Total values - Electronic card transactions A/S/T by division,Actual,Total,,,
ECTM.S19A9,2003.10,3076.3,,F,Dollars,6,Electronic Card Transactions (ANZSIC06) - ECT,Total values - Electronic card transactions A/S/T by division,Actual,Total,,,
ECTM.S19A9,2003.11,3166.8,,F,Dollars,6,Electronic Card Transactions (ANZSIC06) - ECT,Total values - Electronic card transactions A/S/T by division,Actual,Total,,,
ECTM.S19A9,2003.12,3911.9,,F,Dollars,6,Electronic Card Transactions (ANZSIC06) - ECT,Total values - Electronic card transactions A/S/T by division,Actual,Total,,,
ECTM.S19A9,2004.01,3166.5,,F,Dollars,6,Electronic Card Transactions (ANZSIC06) - ECT,Total values - Electronic card transactions A/S/T by division,Actual,Total,,,
ECTM.S19A9,2004.02,3057.1,,F,Dollars,6,Electronic Card Transactions (ANZSIC06) - ECT,Total values - Electronic card transactions A/S/T by division,Actual,Total,,,
ECTM.S19A9,2004.03,3330.9,,F,Dollars,6,Electronic Card Transactions (ANZSIC06) - ECT,Total values - Electronic card transactions A/S/T by division,Actual,Total,,,
ECTM.S19A9,2004.04,3216.2,,F,Dollars,6,Electronic Card Transactions (ANZSIC06) - ECT,Total values - Electronic card transactions A/S/T by division,Actual,Total,,,
ECTM.S19A9,2004.05,3210.8,,F,Dollars,6,Electronic Card Transactions (ANZSIC06) - ECT,Total values - Electronic card transactions A/S/T by division,Actual,Total,,,
ECTM.S19A9,2004.06,3087,,F,Dollars,6,Electronic Card Transactions (ANZSIC06) - ECT,Total values - Electronic card transactions A/S/T by division,Actual,Total,,,
ECTM.S19A9,2004.07,3325.8,,F,Dollars,6,Electronic Card Transactions (ANZSIC06) - ECT,Total values - Electronic card transactions A/S/T by division,Actual,Total,,,
ECTM.S19A9,2004.08,3230.1,,F,Dollars,6,Electronic Card Transactions (ANZSIC06) - ECT,Total values - Electronic card transactions A/S/T by division,Actual,Total,,,
ECTM.S19A9,2004.09,3221.4,,F,Dollars,6,Electronic Card Transactions (ANZSIC06) - ECT,Total values - Electronic card transactions A/S/T by division,Actual,Total,,,
ECTM.S19A9,2004.10,3361.6,,F,Dollars,6,Electronic Card Transactions (ANZSIC06) - ECT,Total values - Electronic card transactions A/S/T by division,Actual,Total,,,
ECTM.S19A9,2004.11,3518.5,,F,Dollars,6,Electronic Card Transactions (ANZSIC06) - ECT,Total values - Electronic card transactions A/S/T by division,Actual,Total,,,
ECTM.S19A9,2004.12,4259.4,,F,Dollars,6,Electronic Card Transactions (ANZSIC06) - ECT,Total values - Electronic card transactions A/S/T by division,Actual,Total,,,
ECTM.S19A9,2005.01,3390.8,,F,Dollars,6,Electronic Card Transactions (ANZSIC06) - ECT,Total values - Electronic card transactions A/S/T by division,Actual,Total,,,
ECTM.S19A9,2005.02,3311.7,,F,Dollars,6,Electronic Card Transactions (ANZSIC06) - ECT,Total values - Electronic card transactions A/S/T by division,Actual,Total,,,
ECTM.S19A9,2005.03,3622.9,,F,Dollars,6,Electronic Card Transactions (ANZSIC06) - ECT,Total values - Electronic card transactions A/S/T by division,Actual,Total,,,
ECTM.S19A9,2005.04,3493,,F,Dollars,6,Electronic Card Transactions (ANZSIC06) - ECT,Total values - Electronic card transactions A/S/T by division,Actual,Total,,,
ECTM.S19A9,2005.05,3437.1,,F,Dollars,6,Electronic Card Transactions (ANZSIC06) - ECT,Total values - Electronic card transactions A/S/T by division,Actual,Total,,,
ECTM.S19A9,2005.06,3373,,F,Dollars,6,Electronic Card Transactions (ANZSIC06) - ECT,Total values - Electronic card transactions A/S/T by division,Actual,Total,,,
ECTM.S19A9,2005.07,3582,,F,Dollars,6,Electronic Card Transactions (ANZSIC06) - ECT,Total values - Electronic card transactions A/S/T by division,Actual,Total,,,
ECTM.S19A9,2005.08,3549.1,,F,Dollars,6,Electronic Card Transactions (ANZSIC06) - ECT,Total values - Electronic card transactions A/S/T by division,Actual,Total,,,
ECTM.S19A9,2005.09,3532.9,,F,Dollars,6,Electronic Card Transactions (ANZSIC06) - ECT,Total values - Electronic card transactions A/S/T by division,Actual,Total,,,
ECTM.S19A9,2005.10,3669.5,,F,Dollars,6,Electronic Card Transactions (ANZSIC06) - ECT,Total values - Electronic card transactions A/S/T by division,Actual,Total,,,
ECTM.S19A9,2005.11,3822.2,,F,Dollars,6,Electronic Card Transactions (ANZSIC06) - ECT,Total values - Electronic card transactions A/S/T by division,Actual,Total,,,
ECTM.S19A9,2005.12,4578.1,,F,Dollars,6,Electronic Card Transactions (ANZSIC06) - ECT,Total values - Electronic card transactions A/S/T by division,Actual,Total,,,
ECTM.S19A9,2006.01,3669.6,,F,Dollars,6,Electronic Card Transactions (ANZSIC06) - ECT,Total values - Electronic card transactions A/S/T by division,Actual,Total,,,
ECTM.S19A9,2006.02,3579.8,,F,Dollars,6,Electronic Card Transactions (ANZSIC06) - ECT,Total values - Electronic card transactions A/S/T by division,Actual,Total,,,
ECTM.S19A9,2006.03,4017.5,,F,Dollars,6,Electronic Card Transactions (ANZSIC06) - ECT,Total values - Electronic card transactions A/S/T by division,Actual,Total,,,
ECTM.S19A9,2006.04,3733.6,,F,Dollars,6,Electronic Card Transactions (ANZSIC06) - ECT,Total values - Electronic card transactions A/S/T by division,Actual,Total,,,
ECTM.S19A9,2006.05,3873.1,,F,Dollars,6,Electronic Card Transactions (ANZSIC06) - ECT,Total values - Electronic card transactions A/S/T by division,Actual,Total,,,
ECTM.S19A9,2006.06,3733.8,,F,Dollars,6,Electronic Card Transactions (ANZSIC06) - ECT,Total values - Electronic card transactions A/S/T by division,Actual,Total,,,
ECTM.S19A9,2006.07,3878.9,,F,Dollars,6,Electronic Card Transactions (ANZSIC06) - ECT,Total values - Electronic card transactions A/S/T by division,Actual,Total,,,
ECTM.S19A9,2006.08,3904,,F,Dollars,6,Electronic Card Transactions (ANZSIC06) - ECT,Total values - Electronic card transactions A/S/T by division,Actual,Total,,,
ECTM.S19A9,2006.09,3830.1,,F,Dollars,6,Electronic Card Transactions (ANZSIC06) - ECT,Total values - Electronic card transactions A/S/T by division,Actual,Total,,,
ECTM.S19A9,2006.10,3990.1,,F,Dollars,6,Electronic Card Transactions (ANZSIC06) - ECT,Total values - Electronic card transactions A/S/T by division,Actual,Total,,,
ECTM.S19A9,2006.11,4205.2,,F,Dollars,6,Electronic Card Transactions (ANZSIC06) - ECT,Total values - Electronic card transactions A/S/T by division,Actual,Total,,,
ECTM.S19A9,2006.12,5044.4,,F,Dollars,6,Electronic Card Transactions (ANZSIC06) - ECT,Total values - Electronic card transactions A/S/T by division,Actual,Total,,,
ECTM.S19A9,2007.01,4059.3,,F,Dollars,6,Electronic Card Transactions (ANZSIC06) - ECT,Total values - Electronic card transactions A/S/T by division,Actual,Total,,,
ECTM.S19A9,2007.02,3956.4,,F,Dollars,6,Electronic Card Transactions (ANZSIC06) - ECT,Total values - Electronic card transactions A/S/T by division,Actual,Total,,,
ECTM.S19A9,2007.03,4407.9,,F,Dollars,6,Electronic Card Transactions (ANZSIC06) - ECT,Total values - Electronic card transactions A/S/T by division,Actual,Total,,,
ECTM.S19A9,2007.04,4057.8,,F,Dollars,6,Electronic Card Transactions (ANZSIC06) - ECT,Total values - Electronic card transactions A/S/T by division,Actual,Total,,,
ECTM.S19A9,2007.05,4204.8,,F,Dollars,6,Electronic Card Transactions (ANZSIC06) - ECT,Total values - Electronic card transactions A/S/T by division,Actual,Total,,,
ECTM.S19A9,2007.06,4050,,F,Dollars,6,Electronic Card Transactions (ANZSIC06) - ECT,Total values - Electronic card transactions A/S/T by division,Actual,Total,,,
ECTM.S19A9,2007.07,4187.6,,F,Dollars,6,Electronic Card Transactions (ANZSIC06) - ECT,Total values - Electronic card transactions A/S/T by division,Actual,Total,,,
ECTM.S19A9,2007.08,4263.9,,F,Dollars,6,Electronic Card Transactions (ANZSIC06) - ECT,Total values - Electronic card transactions A/S/T by division,Actual,Total,,,
ECTM.S19A9,2007.09,4146.9,,F,Dollars,6,Electronic Card Transactions (ANZSIC06) - ECT,Total values - Electronic card transactions A/S/T by division,Actual,Total,,,
ECTM.S19A9,2007.10,4352.4,,F,Dollars,6,Electronic Card Transactions (ANZSIC06) - ECT,Total values - Electronic card transactions A/S/T by division,Actual,Total,,,
ECTM.S19A9,2007.11,4620.6,,F,Dollars,6,Electronic Card Transactions (ANZSIC06) - ECT,Total values - Electronic card transactions A/S/T by division,Actual,Total,,,
ECTM.S19A9,2007.12,5415.4,,F,Dollars,6,Electronic Card Transactions (ANZSIC06) - ECT,Total values - Electronic card transactions A/S/T by division,Actual,Total,,,
ECTM.S19A9,2008.01,4409.5,,F,Dollars,6,Electronic Card Transactions (ANZSIC06) - ECT,Total values - Electronic card transactions A/S/T by division,Actual,Total,,,
ECTM.S19A9,2008.02,4398.8,,F,Dollars,6,Electronic Card Transactions (ANZSIC06) - ECT,Total values - Electronic card transactions A/S/T by division,Actual,Total,,,
ECTM.S19A9,2008.03,4561.5,,F,Dollars,6,Electronic Card Transactions (ANZSIC06) - ECT,Total values - Electronic card transactions A/S/T by division,Actual,Total,,,
ECTM.S19A9,2008.04,4355,,F,Dollars,6,Electronic Card Transactions (ANZSIC06) - ECT,Total values - Electronic card transactions A/S/T by division,Actual,Total,,,
ECTM.S19A9,2008.05,4523.8,,F,Dollars,6,Electronic Card Transactions (ANZSIC06) - ECT,Total values - Electronic card transactions A/S/T by division,Actual,Total,,,
ECTM.S19A9,2008.06,4160.4,,F,Dollars,6,Electronic Card Transactions (ANZSIC06) - ECT,Total values - Electronic card transactions A/S/T by division,Actual,Total,,,
ECTM.S19A9,2008.07,4476,,F,Dollars,6,Electronic Card Transactions (ANZSIC06) - ECT,Total values - Electronic card transactions A/S/T by division,Actual,Total,,,
ECTM.S19A9,2008.08,4449.9,,F,Dollars,6,Electronic Card Transactions (ANZSIC06) - ECT,Total values - Electronic card transactions A/S/T by division,Actual,Total,,,
ECTM.S19A9,2008.09,4372.2,,F,Dollars,6,Electronic Card Transactions (ANZSIC06) - ECT,Total values - Electronic card transactions A/S/T by division,Actual,Total,,,
ECTM.S19A9,2008.10,4641.2,,F,Dollars,6,Electronic Card Transactions (ANZSIC06) - ECT,Total values - Electronic card transactions A/S/T by division,Actual,Total,,,
ECTM.S19A9,2008.11,4619.5,,F,Dollars,6,Electronic Card Transactions (ANZSIC06) - ECT,Total values - Electronic card transactions A/S/T by division,Actual,Total,,,
ECTM.S19A9,2008.12,5483.4,,F,Dollars,6,Electronic Card Transactions (ANZSIC06) - ECT,Total values - Electronic card transactions A/S/T by division,Actual,Total,,,
ECTM.S19A9,2009.01,4479.5,,F,Dollars,6,Electronic Card Transactions (ANZSIC06) - ECT,Total values - Electronic card transactions A/S/T by division,Actual,Total,,,
ECTM.S19A9,2009.02,4281.7,,F,Dollars,6,Electronic Card Transactions (ANZSIC06) - ECT,Total values - Electronic card transactions A/S/T by division,Actual,Total,,,
ECTM.S19A9,2009.03,4632.8,,F,Dollars,6,Electronic Card Transactions (ANZSIC06) - ECT,Total values - Electronic card transactions A/S/T by division,Actual,Total,,,
ECTM.S19A9,2009.04,4430.9,,F,Dollars,6,Electronic Card Transactions (ANZSIC06) - ECT,Total values - Electronic card transactions A/S/T by division,Actual,Total,,,
ECTM.S19A9,2009.05,4537.2,,F,Dollars,6,Electronic Card Transactions (ANZSIC06) - ECT,Total values - Electronic card transactions A/S/T by division,Actual,Total,,,
ECTM.S19A9,2009.06,4260.8,,F,Dollars,6,Electronic Card Transactions (ANZSIC06) - ECT,Total values - Electronic card transactions A/S/T by division,Actual,Total,,,
ECTM.S19A9,2009.07,4590.4,,F,Dollars,6,Electronic Card Transactions (ANZSIC06) - ECT,Total values - Electronic card transactions A/S/T by division,Actual,Total,,,
ECTM.S19A9,2009.08,4503.1,,F,Dollars,6,Electronic Card Transactions (ANZSIC06) - ECT,Total values - Electronic card transactions A/S/T by division,Actual,Total,,,
ECTM.S19A9,2009.09,4453.5,,F,Dollars,6,Electronic Card Transactions (ANZSIC06) - ECT,Total values - Electronic card transactions A/S/T by division,Actual,Total,,,
ECTM.S19A9,2009.10,4697,,F,Dollars,6,Electronic Card Transactions (ANZSIC06) - ECT,Total values - Electronic card transactions A/S/T by division,Actual,Total,,,
ECTM.S19A9,2009.11,4742.2,,F,Dollars,6,Electronic Card Transactions (ANZSIC06) - ECT,Total values - Electronic card transactions A/S/T by division,Actual,Total,,,
ECTM.S19A9,2009.12,5737,,F,Dollars,6,Electronic Card Transactions (ANZSIC06) - ECT,Total values - Electronic card transactions A/S/T by division,Actual,Total,,,
ECTM.S19A9,2010.01,4646.5,,F,Dollars,6,Electronic Card Transactions (ANZSIC06) - ECT,Total values - Electronic card transactions A/S/T by division,Actual,Total,,,
ECTM.S19A9,2010.02,4447.5,,F,Dollars,6,Electronic Card Transactions (ANZSIC06) - ECT,Total values - Electronic card transactions A/S/T by division,Actual,Total,,,
ECTM.S19A9,2010.03,4931.1,,F,Dollars,6,Electronic Card Transactions (ANZSIC06) - ECT,Total values - Electronic card transactions A/S/T by division,Actual,Total,,,
ECTM.S19A9,2010.04,4596.4,,F,Dollars,6,Electronic Card Transactions (ANZSIC06) - ECT,Total values - Electronic card transactions A/S/T by division,Actual,Total,,,
ECTM.S19A9,2010.05,4654.2,,F,Dollars,6,Electronic Card Transactions (ANZSIC06) - ECT,Total values - Electronic card transactions A/S/T by division,Actual,Total,,,
ECTM.S19A9,2010.06,4460.6,,F,Dollars,6,Electronic Card Transactions (ANZSIC06) - ECT,Total values - Electronic card transactions A/S/T by division,Actual,Total,,,
ECTM.S19A9,2010.07,4760.5,,F,Dollars,6,Electronic Card Transactions (ANZSIC06) - ECT,Total values - Electronic card transactions A/S/T by division,Actual,Total,,,
ECTM.S19A9,2010.08,4636.5,,F,Dollars,6,Electronic Card Transactions (ANZSIC06) - ECT,Total values - Electronic card transactions A/S/T by division,Actual,Total,,,
ECTM.S19A9,2010.09,4676.3,,F,Dollars,6,Electronic Card Transactions (ANZSIC06) - ECT,Total values - Electronic card transactions A/S/T by division,Actual,Total,,,
ECTM.S19A9,2010.10,4883.7,,F,Dollars,6,Electronic Card Transactions (ANZSIC06) - ECT,Total values - Electronic card transactions A/S/T by division,Actual,Total,,,
ECTM.S19A9,2010.11,5078.8,,F,Dollars,6,Electronic Card Transactions (ANZSIC06) - ECT,Total values - Electronic card transactions A/S/T by division,Actual,Total,,,
ECTM.S19A9,2010.12,6074.1,,F,Dollars,6,Electronic Card Transactions (ANZSIC06) - ECT,Total values - Electronic card transactions A/S/T by division,Actual,Total,,,
ECTM.S19A9,2011.01,4884.5,,F,Dollars,6,Electronic Card Transactions (ANZSIC06) - ECT,Total values - Electronic card transactions A/S/T by division,Actual,Total,,,
ECTM.S19A9,2011.02,4711.7,,F,Dollars,6,Electronic Card Transactions (ANZSIC06) - ECT,Total values - Electronic card transactions A/S/T by division,Actual,Total,,,
ECTM.S19A9,2011.03,5207.7,,F,Dollars,6,Electronic Card Transactions (ANZSIC06) - ECT,Total values - Electronic card transactions A/S/T by division,Actual,Total,,,
ECTM.S19A9,2011.04,4992.2,,F,Dollars,6,Electronic Card Transactions (ANZSIC06) - ECT,Total values - Electronic card transactions A/S/T by division,Actual,Total,,,
ECTM.S19A9,2011.05,4978.7,,F,Dollars,6,Electronic Card Transactions (ANZSIC06) - ECT,Total values - Electronic card transactions A/S/T by division,Actual,Total,,,
ECTM.S19A9,2011.06,4803.7,,F,Dollars,6,Electronic Card Transactions (ANZSIC06) - ECT,Total values - Electronic card transactions A/S/T by division,Actual,Total,,,
ECTM.S19A9,2011.07,5070.9,,F,Dollars,6,Electronic Card Transactions (ANZSIC06) - ECT,Total values - Electronic card transactions A/S/T by division,Actual,Total,,,
ECTM.S19A9,2011.08,4993.7,,F,Dollars,6,Electronic Card Transactions (ANZSIC06) - ECT,Total values - Electronic card transactions A/S/T by division,Actual,Total,,,
ECTM.S19A9,2011.09,4969.8,,F,Dollars,6,Electronic Card Transactions (ANZSIC06) - ECT,Total values - Electronic card transactions A/S/T by division,Actual,Total,,,
ECTM.S19A9,2011.10,5220.3,,F,Dollars,6,Electronic Card Transactions (ANZSIC06) - ECT,Total values - Electronic card transactions A/S/T by division,Actual,Total,,,
ECTM.S19A9,2011.11,5375.1,,F,Dollars,6,Electronic Card Transactions (ANZSIC06) - ECT,Total values - Electronic card transactions A/S/T by division,Actual,Total,,,
ECTM.S19A9,2011.12,6407.9,,F,Dollars,6,Electronic Card Transactions (ANZSIC06) - ECT,Total values - Electronic card transactions A/S/T by division,Actual,Total,,,
ECTM.S19A9,2012.01,5155.6,,F,Dollars,6,Electronic Card Transactions (ANZSIC06) - ECT,Total values - Electronic card transactions A/S/T by division,Actual,Total,,,
ECTM.S19A9,2012.02,5143.5,,F,Dollars,6,Electronic Card Transactions (ANZSIC06) - ECT,Total values - Electronic card transactions A/S/T by division,Actual,Total,,,
ECTM.S19A9,2012.03,5503.1,,F,Dollars,6,Electronic Card Transactions (ANZSIC06) - ECT,Total values - Electronic card transactions A/S/T by division,Actual,Total,,,
ECTM.S19A9,2012.04,5086.2,,F,Dollars,6,Electronic Card Transactions (ANZSIC06) - ECT,Total values - Electronic card transactions A/S/T by division,Actual,Total,,,
ECTM.S19A9,2012.05,5316.4,,F,Dollars,6,Electronic Card Transactions (ANZSIC06) - ECT,Total values - Electronic card transactions A/S/T by division,Actual,Total,,,
ECTM.S19A9,2012.06,5079.7,,F,Dollars,6,Electronic Card Transactions (ANZSIC06) - ECT,Total values - Electronic card transactions A/S/T by division,Actual,Total,,,
ECTM.S19A9,2012.07,5187.3,,F,Dollars,6,Electronic Card Transactions (ANZSIC06) - ECT,Total values - Electronic card transactions A/S/T by division,Actual,Total,,,
ECTM.S19A9,2012.08,5330.4,,F,Dollars,6,Electronic Card Transactions (ANZSIC06) - ECT,Total values - Electronic card transactions A/S/T by division,Actual,Total,,,
ECTM.S19A9,2012.09,5135,,F,Dollars,6,Electronic Card Transactions (ANZSIC06) - ECT,Total values - Electronic card transactions A/S/T by division,Actual,Total,,,
ECTM.S19A9,2012.10,5445.1,,F,Dollars,6,Electronic Card Transactions (ANZSIC06) - ECT,Total values - Electronic card transactions A/S/T by division,Actual,Total,,,
ECTM.S19A9,2012.11,5692.5,,F,Dollars,6,Electronic Card Transactions (ANZSIC06) - ECT,Total values - Electronic card transactions A/S/T by division,Actual,Total,,,
ECTM.S19A9,2012.12,6607.4,,F,Dollars,6,Electronic Card Transactions (ANZSIC06) - ECT,Total values - Electronic card transactions A/S/T by division,Actual,Total,,,
ECTM.S19A9,2013.01,5479.4,,F,Dollars,6,Electronic Card Transactions (ANZSIC06) - ECT,Total values - Electronic card transactions A/S/T by division,Actual,Total,,,
ECTM.S19A9,2013.02,5250.3,,F,Dollars,6,Electronic Card Transactions (ANZSIC06) - ECT,Total values - Electronic card transactions A/S/T by division,Actual,Total,,,
ECTM.S19A9,2013.03,5686.5,,F,Dollars,6,Electronic Card Transactions (ANZSIC06) - ECT,Total values - Electronic card transactions A/S/T by division,Actual,Total,,,
ECTM.S19A9,2013.04,5424.6,,F,Dollars,6,Electronic Card Transactions (ANZSIC06) - ECT,Total values - Electronic card transactions A/S/T by division,Actual,Total,,,
ECTM.S19A9,2013.05,5621.9,,F,Dollars,6,Electronic Card Transactions (ANZSIC06) - ECT,Total values - Electronic card transactions A/S/T by division,Actual,Total,,,
ECTM.S19A9,2013.06,5311.4,,F,Dollars,6,Electronic Card Transactions (ANZSIC06) - ECT,Total values - Electronic card transactions A/S/T by division,Actual,Total,,,
ECTM.S19A9,2013.07,5607.4,,F,Dollars,6,Electronic Card Transactions (ANZSIC06) - ECT,Total values - Electronic card transactions A/S/T by division,Actual,Total,,,
ECTM.S19A9,2013.08,5659.7,,F,Dollars,6,Electronic Card Transactions (ANZSIC06) - ECT,Total values - Electronic card transactions A/S/T by division,Actual,Total,,,
ECTM.S19A9,2013.09,5379,,F,Dollars,6,Electronic Card Transactions (ANZSIC06) - ECT,Total values - Electronic card transactions A/S/T by division,Actual,Total,,,
ECTM.S19A9,2013.10,5831.1,,F,Dollars,6,Electronic Card Transactions (ANZSIC06) - ECT,Total values - Electronic card transactions A/S/T by division,Actual,Total,,,
ECTM.S19A9,2013.11,6045,,F,Dollars,6,Electronic Card Transactions (ANZSIC06) - ECT,Total values - Electronic card transactions A/S/T by division,Actual,Total,,,
ECTM.S19A9,2013.12,7002.8,,F,Dollars,6,Electronic Card Transactions (ANZSIC06) - ECT,Total values - Electronic card transactions A/S/T by division,Actual,Total,,,
ECTM.S19A9,2014.01,5830.2,,F,Dollars,6,Electronic Card Transactions (ANZSIC06) - ECT,Total values - Electronic card transactions A/S/T by division,Actual,Total,,,
ECTM.S19A9,2014.02,5556,,F,Dollars,6,Electronic Card Transactions (ANZSIC06) - ECT,Total values - Electronic card transactions A/S/T by division,Actual,Total,,,
ECTM.S19A9,2014.03,5978,,F,Dollars,6,Electronic Card Transactions (ANZSIC06) - ECT,Total values - Electronic card transactions A/S/T by division,Actual,Total,,,
ECTM.S19A9,2014.04,5667.8,,F,Dollars,6,Electronic Card Transactions (ANZSIC06) - ECT,Total values - Electronic card transactions A/S/T by division,Actual,Total,,,
ECTM.S19A9,2014.05,5987.8,,F,Dollars,6,Electronic Card Transactions (ANZSIC06) - ECT,Total values - Electronic card transactions A/S/T by division,Actual,Total,,,
ECTM.S19A9,2014.06,5547.8,,F,Dollars,6,Electronic Card Transactions (ANZSIC06) - ECT,Total values - Electronic card transactions A/S/T by division,Actual,Total,,,
ECTM.S19A9,2014.07,5857.7,,F,Dollars,6,Electronic Card Transactions (ANZSIC06) - ECT,Total values - Electronic card transactions A/S/T by division,Actual,Total,,,
ECTM.S19A9,2014.08,5818,,F,Dollars,6,Electronic Card Transactions (ANZSIC06) - ECT,Total values - Electronic card transactions A/S/T by division,Actual,Total,,,
ECTM.S19A9,2014.09,5645.2,,F,Dollars,6,Electronic Card Transactions (ANZSIC06) - ECT,Total values - Electronic card transactions A/S/T by division,Actual,Total,,,
ECTM.S19A9,2014.10,6154.3,,F,Dollars,6,Electronic Card Transactions (ANZSIC06) - ECT,Total values - Electronic card transactions A/S/T by division,Actual,Total,,,
ECTM.S19A9,2014.11,6221.2,,F,Dollars,6,Electronic Card Transactions (ANZSIC06) - ECT,Total values - Electronic card transactions A/S/T by division,Actual,Total,,,
ECTM.S19A9,2014.12,7318.5,,F,Dollars,6,Electronic Card Transactions (ANZSIC06) - ECT,Total values - Electronic card transactions A/S/T by division,Actual,Total,,,
ECTM.S19A9,2015.01,6083.4,,F,Dollars,6,Electronic Card Transactions (ANZSIC06) - ECT,Total values - Electronic card transactions A/S/T by division,Actual,Total,,,
ECTM.S19A9,2015.02,5766.4,,F,Dollars,6,Electronic Card Transactions (ANZSIC06) - ECT,Total values - Electronic card transactions A/S/T by division,Actual,Total,,,
ECTM.S19A9,2015.03,6252.2,,F,Dollars,6,Electronic Card Transactions (ANZSIC06) - ECT,Total values - Electronic card transactions A/S/T by division,Actual,Total,,,
ECTM.S19A9,2015.04,5907.2,,F,Dollars,6,Electronic Card Transactions (ANZSIC06) - ECT,Total values - Electronic card transactions A/S/T by division,Actual,Total,,,
ECTM.S19A9,2015.05,6167.5,,F,Dollars,6,Electronic Card Transactions (ANZSIC06) - ECT,Total values - Electronic card transactions A/S/T by division,Actual,Total,,,
ECTM.S19A9,2015.06,5875.9,,F,Dollars,6,Electronic Card Transactions (ANZSIC06) - ECT,Total values - Electronic card transactions A/S/T by division,Actual,Total,,,
ECTM.S19A9,2015.07,6257.5,,F,Dollars,6,Electronic Card Transactions (ANZSIC06) - ECT,Total values - Electronic card transactions A/S/T by division,Actual,Total,,,
ECTM.S19A9,2015.08,6110.4,,F,Dollars,6,Electronic Card Transactions (ANZSIC06) - ECT,Total values - Electronic card transactions A/S/T by division,Actual,Total,,,
ECTM.S19A9,2015.09,6006.1,,F,Dollars,6,Electronic Card Transactions (ANZSIC06) - ECT,Total values - Electronic card transactions A/S/T by division,Actual,Total,,,
ECTM.S19A9,2015.10,6486.6,,F,Dollars,6,Electronic Card Transactions (ANZSIC06) - ECT,Total values - Electronic card transactions A/S/T by division,Actual,Total,,,
ECTM.S19A9,2015.11,6542.6,,F,Dollars,6,Electronic Card Transactions (ANZSIC06) - ECT,Total values - Electronic card transactions A/S/T by division,Actual,Total,,,
ECTM.S19A9,2015.12,7801.1,,F,Dollars,6,Electronic Card Transactions (ANZSIC06) - ECT,Total values - Electronic card transactions A/S/T by division,Actual,Total,,,
ECTM.S19A9,2016.01,6395.7,,F,Dollars,6,Electronic Card Transactions (ANZSIC06) - ECT,Total values - Electronic card transactions A/S/T by division,Actual,Total,,,
ECTM.S19A9,2016.02,6314.6,,F,Dollars,6,Electronic Card Transactions (ANZSIC06) - ECT,Total values - Electronic card transactions A/S/T by division,Actual,Total,,,
ECTM.S19A9,2016.03,6623.3,,F,Dollars,6,Electronic Card Transactions (ANZSIC06) - ECT,Total values - Electronic card transactions A/S/T by division,Actual,Total,,,
ECTM.S19A9,2016.04,6412.9,,F,Dollars,6,Electronic Card Transactions (ANZSIC06) - ECT,Total values - Electronic card transactions A/S/T by division,Actual,Total,,,
ECTM.S19A9,2016.05,6411.5,,F,Dollars,6,Electronic Card Transactions (ANZSIC06) - ECT,Total values - Electronic card transactions A/S/T by division,Actual,Total,,,
ECTM.S19A9,2016.06,6256.9,,F,Dollars,6,Electronic Card Transactions (ANZSIC06) - ECT,Total values - Electronic card transactions A/S/T by division,Actual,Total,,,
ECTM.S19A9,2016.07,6536.8,,F,Dollars,6,Electronic Card Transactions (ANZSIC06) - ECT,Total values - Electronic card transactions A/S/T by division,Actual,Total,,,
ECTM.S19A9,2016.08,6365.8,,F,Dollars,6,Electronic Card Transactions (ANZSIC06) - ECT,Total values - Electronic card transactions A/S/T by division,Actual,Total,,,
ECTM.S19A9,2016.09,6387,,F,Dollars,6,Electronic Card Transactions (ANZSIC06) - ECT,Total values - Electronic card transactions A/S/T by division,Actual,Total,,,
ECTM.S19A9,2016.10,6759.1,,F,Dollars,6,Electronic Card Transactions (ANZSIC06) - ECT,Total values - Electronic card transactions A/S/T by division,Actual,Total,,,
ECTM.S19A9,2016.11,6924.3,,F,Dollars,6,Electronic Card Transactions (ANZSIC06) - ECT,Total values - Electronic card transactions A/S/T by division,Actual,Total,,,
ECTM.S19A9,2016.12,8215.9,,F,Dollars,6,Electronic Card Transactions (ANZSIC06) - ECT,Total values - Electronic card transactions A/S/T by division,Actual,Total,,,
ECTM.S19A9,2017.01,7214.6,,F,Dollars,6,Electronic Card Transactions (ANZSIC06) - ECT,Total values - Electronic card transactions A/S/T by division,Actual,Total,,,
ECTM.S19A9,2017.02,6889.8,,F,Dollars,6,Electronic Card Transactions (ANZSIC06) - ECT,Total values - Electronic card transactions A/S/T by division,Actual,Total,,,
ECTM.S19A9,2017.03,7563.9,,F,Dollars,6,Electronic Card Transactions (ANZSIC06) - ECT,Total values - Electronic card transactions A/S/T by division,Actual,Total,,,
ECTM.S19A9,2017.04,7030.3,,F,Dollars,6,Electronic Card Transactions (ANZSIC06) - ECT,Total values - Electronic card transactions A/S/T by division,Actual,Total,,,
ECTM.S19A9,2017.05,7303.3,,F,Dollars,6,Electronic Card Transactions (ANZSIC06) - ECT,Total values - Electronic card transactions A/S/T by division,Actual,Total,,,
ECTM.S19A9,2017.06,7011.2,,F,Dollars,6,Electronic Card Transactions (ANZSIC06) - ECT,Total values - Electronic card transactions A/S/T by division,Actual,Total,,,
ECTM.S19A9,2017.07,7169.3,,F,Dollars,6,Electronic Card Transactions (ANZSIC06) - ECT,Total values - Electronic card transactions A/S/T by division,Actual,Total,,,
ECTM.S19A9,2017.08,7229.6,,F,Dollars,6,Electronic Card Transactions (ANZSIC06) - ECT,Total values - Electronic card transactions A/S/T by division,Actual,Total,,,
ECTM.S19A9,2017.09,7097.4,,F,Dollars,6,Electronic Card Transactions (ANZSIC06) - ECT,Total values - Electronic card transactions A/S/T by division,Actual,Total,,,
ECTM.S19A9,2017.10,7508.3,,F,Dollars,6,Electronic Card Transactions (ANZSIC06) - ECT,Total values - Electronic card transactions A/S/T by division,Actual,Total,,,
ECTM.S19A9,2017.11,7918.3,,F,Dollars,6,Electronic Card Transactions (ANZSIC06) - ECT,Total values - Electronic card transactions A/S/T by division,Actual,Total,,,
ECTM.S19A9,2017.12,9058.2,,F,Dollars,6,Electronic Card Transactions (ANZSIC06) - ECT,Total values - Electronic card transactions A/S/T by division,Actual,Total,,,
ECTM.S19A9,2018.01,7617.3,,F,Dollars,6,Electronic Card Transactions (ANZSIC06) - ECT,Total values - Electronic card transactions A/S/T by division,Actual,Total,,,
ECTM.S19A9,2018.02,7233.8,,F,Dollars,6,Electronic Card Transactions (ANZSIC06) - ECT,Total values - Electronic card transactions A/S/T by division,Actual,Total,,,
ECTM.S19A9,2018.03,7985.4,,F,Dollars,6,Electronic Card Transactions (ANZSIC06) - ECT,Total values - Electronic card transactions A/S/T by division,Actual,Total,,,
ECTM.S19A9,2018.04,7303.4,,F,Dollars,6,Electronic Card Transactions (ANZSIC06) - ECT,Total values - Electronic card transactions A/S/T by division,Actual,Total,,,
ECTM.S19A9,2018.05,7651.9,,F,Dollars,6,Electronic Card Transactions (ANZSIC06) - ECT,Total values - Electronic card transactions A/S/T by division,Actual,Total,,,
ECTM.S19A9,2018.06,7368.9,,F,Dollars,6,Electronic Card Transactions (ANZSIC06) - ECT,Total values - Electronic card transactions A/S/T by division,Actual,Total,,,
ECTM.S19A9,2018.07,7536,,F,Dollars,6,Electronic Card Transactions (ANZSIC06) - ECT,Total values - Electronic card transactions A/S/T by division,Actual,Total,,,
ECTM.S19A9,2018.08,7703.1,,F,Dollars,6,Electronic Card Transactions (ANZSIC06) - ECT,Total values - Electronic card transactions A/S/T by division,Actual,Total,,,
ECTM.S19A9,2018.09,7481.5,,F,Dollars,6,Electronic Card Transactions (ANZSIC06) - ECT,Total values - Electronic card transactions A/S/T by division,Actual,Total,,,
ECTM.S19A9,2018.10,8004.7,,F,Dollars,6,Electronic Card Transactions (ANZSIC06) - ECT,Total values - Electronic card transactions A/S/T by division,Actual,Total,,,
ECTM.S19A9,2018.11,8263.9,,F,Dollars,6,Electronic Card Transactions (ANZSIC06) - ECT,Total values - Electronic card transactions A/S/T by division,Actual,Total,,,
ECTM.S19A9,2018.12,9218.7,,F,Dollars,6,Electronic Card Transactions (ANZSIC06) - ECT,Total values - Electronic card transactions A/S/T by division,Actual,Total,,,
ECTM.S19A9,2019.01,7964.9,,F,Dollars,6,Electronic Card Transactions (ANZSIC06) - ECT,Total values - Electronic card transactions A/S/T by division,Actual,Total,,,
ECTM.S19A9,2019.02,7517.6,,F,Dollars,6,Electronic Card Transactions (ANZSIC06) - ECT,Total values - Electronic card transactions A/S/T by division,Actual,Total,,,
ECTM.S19A9,2019.03,8126.4,,F,Dollars,6,Electronic Card Transactions (ANZSIC06) - ECT,Total values - Electronic card transactions A/S/T by division,Actual,Total,,,
ECTM.S19A9,2019.04,7668.5,,F,Dollars,6,Electronic Card Transactions (ANZSIC06) - ECT,Total values - Electronic card transactions A/S/T by division,Actual,Total,,,
ECTM.S19A9,2019.05,7951,,F,Dollars,6,Electronic Card Transactions (ANZSIC06) - ECT,Total values - Electronic card transactions A/S/T by division,Actual,Total,,,
ECTM.S19A9,2019.06,7489.3,,F,Dollars,6,Electronic Card Transactions (ANZSIC06) - ECT,Total values - Electronic card transactions A/S/T by division,Actual,Total,,,
ECTM.S19A9,2019.07,7783.3,,F,Dollars,6,Electronic Card Transactions (ANZSIC06) - ECT,Total values - Electronic card transactions A/S/T by division,Actual,Total,,,
ECTM.S19A9,2019.08,7957.1,,F,Dollars,6,Electronic Card Transactions (ANZSIC06) - ECT,Total values - Electronic card transactions A/S/T by division,Actual,Total,,,
ECTM.S19A9,2019.09,7650.7,,F,Dollars,6,Electronic Card Transactions (ANZSIC06) - ECT,Total values - Electronic card transactions A/S/T by division,Actual,Total,,,
ECTM.S19A9,2019.10,8249.1,,F,Dollars,6,Electronic Card Transactions (ANZSIC06) - ECT,Total values - Electronic card transactions A/S/T by division,Actual,Total,,,
ECTM.S19A9,2019.11,8626.9,,F,Dollars,6,Electronic Card Transactions (ANZSIC06) - ECT,Total values - Electronic card transactions A/S/T by division,Actual,Total,,,
ECTM.S19A9,2019.12,9571.8,,F,Dollars,6,Electronic Card Transactions (ANZSIC06) - ECT,Total values - Electronic card transactions A/S/T by division,Actual,Total,,,
ECTM.S19A9,2020.01,8296.2,,F,Dollars,6,Electronic Card Transactions (ANZSIC06) - ECT,Total values - Electronic card transactions A/S/T by division,Actual,Total,,,
ECTM.S19A9,2020.02,8105.8,,F,Dollars,6,Electronic Card Transactions (ANZSIC06) - ECT,Total values - Electronic card transactions A/S/T by division,Actual,Total,,,
ECTM.S19A9,2020.03,7574.3,,F,Dollars,6,Electronic Card Transactions (ANZSIC06) - ECT,Total values - Electronic card transactions A/S/T by division,Actual,Total,,,
ECTM.S19A9,2020.04,3770.7,,F,Dollars,6,Electronic Card Transactions (ANZSIC06) - ECT,Total values - Electronic card transactions A/S/T by division,Actual,Total,,,
ECTM.S19A9,2020.05,6911.6,,F,Dollars,6,Electronic Card Transactions (ANZSIC06) - ECT,Total values - Electronic card transactions A/S/T by division,Actual,Total,,,
ECTM.S19A9,2020.06,7810.5,,F,Dollars,6,Electronic Card Transactions (ANZSIC06) - ECT,Total values - Electronic card transactions A/S/T by division,Actual,Total,,,
ECTM.S19A9,2020.07,8267.8,,F,Dollars,6,Electronic Card Transactions (ANZSIC06) - ECT,Total values - Electronic card transactions A/S/T by division,Actual,Total,,,
ECTM.S19A9,2020.08,7524,,F,Dollars,6,Electronic Card Transactions (ANZSIC06) - ECT,Total values - Electronic card transactions A/S/T by division,Actual,Total,,,
ECTM.S19A9,2020.09,8089.5,,F,Dollars,6,Electronic Card Transactions (ANZSIC06) - ECT,Total values - Electronic card transactions A/S/T by division,Actual,Total,,,
ECTM.S19A9,2020.10,8548.7,,F,Dollars,6,Electronic Card Transactions (ANZSIC06) - ECT,Total values - Electronic card transactions A/S/T by division,Actual,Total,,,
ECTM.S19A9,2020.11,8638.8,,F,Dollars,6,Electronic Card Transactions (ANZSIC06) - ECT,Total values - Electronic card transactions A/S/T by division,Actual,Total,,,
ECTM.S19A9,2020.12,9790.7,,F,Dollars,6,Electronic Card Transactions (ANZSIC06) - ECT,Total values - Electronic card transactions A/S/T by division,Actual,Total,,,
ECTM.S19A9,2021.01,8128.7,,F,Dollars,6,Electronic Card Transactions (ANZSIC06) - ECT,Total values - Electronic card transactions A/S/T by division,Actual,Total,,,
ECTM.S19A9,2021.02,7466.4,,F,Dollars,6,Electronic Card Transactions (ANZSIC06) - ECT,Total values - Electronic card transactions A/S/T by division,Actual,Total,,,
ECTM.S19A9,2021.03,8256.4,,F,Dollars,6,Electronic Card Transactions (ANZSIC06) - ECT,Total values - Electronic card transactions A/S/T by division,Actual,Total,,,
ECTM.S19A9,2021.04,8216.3,,F,Dollars,6,Electronic Card Transactions (ANZSIC06) - ECT,Total values - Electronic card transactions A/S/T by division,Actual,Total,,,
ECTM.S19A9,2021.05,8545.6,,F,Dollars,6,Electronic Card Transactions (ANZSIC06) - ECT,Total values - Electronic card transactions A/S/T by division,Actual,Total,,,
ECTM.S19A9,2021.06,8343.8,,F,Dollars,6,Electronic Card Transactions (ANZSIC06) - ECT,Total values - Electronic card transactions A/S/T by division,Actual,Total,,,
ECTM.S19A9,2021.07,8784,,F,Dollars,6,Electronic Card Transactions (ANZSIC06) - ECT,Total values - Electronic card transactions A/S/T by division,Actual,Total,,,
ECTM.S19A9,2021.08,6671.2,,F,Dollars,6,Electronic Card Transactions (ANZSIC06) - ECT,Total values - Electronic card transactions A/S/T by division,Actual,Total,,,
ECTM.S19A9,2021.09,6735.9,,F,Dollars,6,Electronic Card Transactions (ANZSIC06) - ECT,Total values - Electronic card transactions A/S/T by division,Actual,Total,,,
ECTM.S19A9,2021.10,7837.8,,F,Dollars,6,Electronic Card Transactions (ANZSIC06) - ECT,Total values - Electronic card transactions A/S/T by division,Actual,Total,,,
ECTM.S19A9,2021.11,8749.8,,F,Dollars,6,Electronic Card Transactions (ANZSIC06) - ECT,Total values - Electronic card transactions A/S/T by division,Actual,Total,,,
ECTM.S19A9,2021.12,10196.9,,F,Dollars,6,Electronic Card Transactions (ANZSIC06) - ECT,Total values - Electronic card transactions A/S/T by division,Actual,Total,,,
ECTM.S19A9,2022.01,8525.3,,F,Dollars,6,Electronic Card Transactions (ANZSIC06) - ECT,Total values - Electronic card transactions A/S/T by division,Actual,Total,,,
ECTM.S19A9,2022.02,7569.2,,F,Dollars,6,Electronic Card Transactions (ANZSIC06) - ECT,Total values - Electronic card transactions A/S/T by division,Actual,Total,,,
ECTM.S19A9,2022.03,8374.8,,F,Dollars,6,Electronic Card Transactions (ANZSIC06) - ECT,Total values - Electronic card transactions A/S/T by division,Actual,Total,,,
ECTM.S19A9,2022.04,8475.9,,F,Dollars,6,Electronic Card Transactions (ANZSIC06) - ECT,Total values - Electronic card transactions A/S/T by division,Actual,Total,,,
ECTM.S19A9,2022.05,8828,,F,Dollars,6,Electronic Card Transactions (ANZSIC06) - ECT,Total values - Electronic card transactions A/S/T by division,Actual,Total,,,
ECTM.S19A9,2022.06,8604.3,,F,Dollars,6,Electronic Card Transactions (ANZSIC06) - ECT,Total values - Electronic card transactions A/S/T by division,Actual,Total,,,
ECTM.S19A9,2022.07,8871.2,,F,Dollars,6,Electronic Card Transactions (ANZSIC06) - ECT,Total values - Electronic card transactions A/S/T by division,Actual,Total,,,
ECTM.S19A9,2022.08,8897.3,,F,Dollars,6,Electronic Card Transactions (ANZSIC06) - ECT,Total values - Electronic card transactions A/S/T by division,Actual,Total,,,
ECTM.S19A9,2022.09,8997,,F,Dollars,6,Electronic Card Transactions (ANZSIC06) - ECT,Total values - Electronic card transactions A/S/T by division,Actual,Total,,,
ECTM.S19A9,2022.10,9503.7,,F,Dollars,6,Electronic Card Transactions (ANZSIC06) - ECT,Total values - Electronic card transactions A/S/T by division,Actual,Total,,,
ECTM.S19A9,2022.11,9804.5,,F,Dollars,6,Electronic Card Transactions (ANZSIC06) - ECT,Total values - Electronic card transactions A/S/T by division,Actual,Total,,,
ECTM.S19A9,2022.12,10983.5,,F,Dollars,6,Electronic Card Transactions (ANZSIC06) - ECT,Total values - Electronic card transactions A/S/T by division,Actual,Total,,,
ECTM.S19A9,2023.01,9285.8,,F,Dollars,6,Electronic Card Transactions (ANZSIC06) - ECT,Total values - Electronic card transactions A/S/T by division,Actual,Total,,,
ECTM.S19A9,2023.02,8833.3,,F,Dollars,6,Electronic Card Transactions (ANZSIC06) - ECT,Total values - Electronic card transactions A/S/T by division,Actual,Total,,,
ECTM.S19A9,2023.03,9962.4,,F,Dollars,6,Electronic Card Transactions (ANZSIC06) - ECT,Total values - Electronic card transactions A/S/T by division,Actual,Total,,,
ECTM.S19A9,2023.04,9247.6,,F,Dollars,6,Electronic Card Transactions (ANZSIC06) - ECT,Total values - Electronic card transactions A/S/T by division,Actual,Total,,,
ECTM.S19A9,2023.05,9413.8,,F,Dollars,6,Electronic Card Transactions (ANZSIC06) - ECT,Total values - Electronic card transactions A/S/T by division,Actual,Total,,,
ECTM.S19A9,2023.06,9389.3,,F,Dollars,6,Electronic Card Transactions (ANZSIC06) - ECT,Total values - Electronic card transactions A/S/T by division,Actual,Total,,,
ECTM.S19A9,2023.07,9376.4,,F,Dollars,6,Electronic Card Transactions (ANZSIC06) - ECT,Total values - Electronic card transactions A/S/T by division,Actual,Total,,,
ECTM.S19A9,2023.08,9562.2,,F,Dollars,6,Electronic Card Transactions (ANZSIC06) - ECT,Total values - Electronic card transactions A/S/T by division,Actual,Total,,,
ECTM.S19A9,2023.09,9345.2,,F,Dollars,6,Electronic Card Transactions (ANZSIC06) - ECT,Total values - Electronic card transactions A/S/T by division,Actual,Total,,,
ECTM.S19A9,2023.10,9657.4,,F,Dollars,6,Electronic Card Transactions (ANZSIC06) - ECT,Total values - Electronic card transactions A/S/T by division,Actual,Total,,,
ECTM.S19A9,2023.11,10315.5,,F,Dollars,6,Electronic Card Transactions (ANZSIC06) - ECT,Total values - Electronic card transactions A/S/T by division,Actual,Total,,,
ECTM.S19A9,2023.12,11282.6,,F,Dollars,6,Electronic Card Transactions (ANZSIC06) - ECT,Total values - Electronic card transactions A/S/T by division,Actual,Total,,,
ECTM.S19A9,2024.01,9782.1,,F,Dollars,6,Electronic Card Transactions (ANZSIC06) - ECT,Total values - Electronic card transactions A/S/T by division,Actual,Total,,,
ECTM.S19A9,2024.02,9438.7,,F,Dollars,6,Electronic Card Transactions (ANZSIC06) - ECT,Total values - Electronic card transactions A/S/T by division,Actual,Total,,,
ECTM.S19A9,2024.03,9864.8,,F,Dollars,6,Electronic Card Transactions (ANZSIC06) - ECT,Total values - Electronic card transactions A/S/T by division,Actual,Total,,,
ECTM.S19A9,2024.04,9354.6,,F,Dollars,6,Electronic Card Transactions (ANZSIC06) - ECT,Total values - Electronic card transactions A/S/T by division,Actual,Total,,,
ECTM.S19A9,2024.05,9566,,F,Dollars,6,Electronic Card Transactions (ANZSIC06) - ECT,Total values - Electronic card transactions A/S/T by division,Actual,Total,,,
ECTM.S19A9,2024.06,9034,,F,Dollars,6,Electronic Card Transactions (ANZSIC06) - ECT,Total values - Electronic card transactions A/S/T by division,Actual,Total,,,
ECTM.S19A9,2024.07,9372.7,,F,Dollars,6,Electronic Card Transactions (ANZSIC06) - ECT,Total values - Electronic card transactions A/S/T by division,Actual,Total,,,
ECTM.S19A9,2024.08,9495.4,,F,Dollars,6,Electronic Card Transactions (ANZSIC06) - ECT,Total values - Electronic card transactions A/S/T by division,Actual,Total,,,
ECTM.S19A9,2024.09,9132.4,,F,Dollars,6,Electronic Card Transactions (ANZSIC06) - ECT,Total values - Electronic card transactions A/S/T by division,Actual,Total,,,
ECTM.S19A9,2024.10,9829.6,,F,Dollars,6,Electronic Card Transactions (ANZSIC06) - ECT,Total values - Electronic card transactions A/S/T by division,Actual,Total,,,
ECTM.S19A9,2024.11,10210.2,,F,Dollars,6,Electronic Card Transactions (ANZSIC06) - ECT,Total values - Electronic card transactions A/S/T by division,Actual,Total,,,
ECTM.S19A9,2024.12,11388.8,,F,Dollars,6,Electronic Card Transactions (ANZSIC06) - ECT,Total values - Electronic card transactions A/S/T by division,Actual,Total,,,
ECTM.S19A9,2025.01,9955.3,,F,Dollars,6,Electronic Card Transactions (ANZSIC06) - ECT,Total values - Electronic card transactions A/S/T by division,Actual,Total,,,
ECTM.S19A9,2025.02,9196.6,,F,Dollars,6,Electronic Card Transactions (ANZSIC06) - ECT,Total values - Electronic card transactions A/S/T by division,Actual,Total,,,
ECTM.S19A9,2025.03,9580.4,,F,Dollars,6,Electronic Card Transactions (ANZSIC06) - ECT,Total values - Electronic card transactions A/S/T by division,Actual,Total,,,
ECTM.S19A9,2025.04,9083.8,,F,Dollars,6,Electronic Card Transactions (ANZSIC06) - ECT,Total values - Electronic card transactions A/S/T by division,Actual,Total,,,
ECTM.S19A9,2025.05,9382.6,,F,Dollars,6,Electronic Card Transactions (ANZSIC06) - ECT,Total values - Electronic card transactions A/S/T by division,Actual,Total,,,
ECTM.S19A9,2025.06,8880,,F,Dollars,6,Electronic Card Transactions (ANZSIC06) - ECT,Total values - Electronic card transactions A/S/T by division,Actual,Total,,,
ECTM.S19A9,2025.07,9315.6,,F,Dollars,6,Electronic Card Transactions (ANZSIC06) - ECT,Total values - Electronic card transactions A/S/T by division,Actual,Total,,,
ECTM.S19A9,2025.08,9330,,F,Dollars,6,Electronic Card Transactions (ANZSIC06) - ECT,Total values - Electronic card transactions A/S/T by division,Actual,Total,,,
ECTM.S19A9,2025.09,9077.5,,F,Dollars,6,Electronic Card Transactions (ANZSIC06) - ECT,Total values - Electronic card transactions A/S/T by division,Actual,Total,,,
ECTM.S19A9,2025.10,9725,,F,Dollars,6,Electronic Card Transactions (ANZSIC06) - ECT,Total values - Electronic card transactions A/S/T by division,Actual,Total,,,
ECTM.S19A9,2025.11,10227.9,,F,Dollars,6,Electronic Card Transactions (ANZSIC06) - ECT,Total values - Electronic card transactions A/S/T by division,Actual,Total,,,
ECTM.S19A9,2025.12,11321.6,,F,Dollars,6,Electronic Card Transactions (ANZSIC06) - ECT,Total values - Electronic card transactions A/S/T by division,Actual,Total,,,
ECTM.S19A9,2026.01,9776.8,,F,Dollars,6,Electronic Card Transactions (ANZSIC06) - ECT,Total values - Electronic card transactions A/S/T by division,Actual,Total,,,
ECTM.S19A9,2026.02,9183.7,,F,Dollars,6,Electronic Card Transactions (ANZSIC06) - ECT,Total values - Electronic card transactions A/S/T by division,Actual,Total,,,
ECTM.S19A9,2026.03,9976.2,,F,Dollars,6,Electronic Card Transactions (ANZSIC06) - ECT,Total values - Electronic card transactions A/S/T by division,Actual,Total,,,
ECTM.S19A9,2026.04,9242.3,,F,Dollars,6,Electronic Card Transactions (ANZSIC06) - ECT,Total values - Electronic card transactions A/S/T by division,Actual,Total,,,
ECTM.S19A9,2026.05,9625.8,,F,Dollars,6,Electronic Card Transactions (ANZSIC06) - ECT,Total values - Electronic card transactions A/S/T by division,Actual,Total,,,
ECTM.S19A9,2026.06,9095.2,,F,Dollars,6,Electronic Card Transactions (ANZSIC06) - ECT,Total values - Electronic card transactions A/S/T by division,Actual,Total,,,
ECTM.S19A9AC,2003.10,9.1,,F,Percent,0,Electronic Card Transactions (ANZSIC06) - ECT,"Totals - Electronic card transactions by division, percentage changes",Actual,Total,Percentage change from same period previous year,,
ECTM.S19A9AC,2003.11,10,,F,Percent,0,Electronic Card Transactions (ANZSIC06) - ECT,"Totals - Electronic card transactions by division, percentage changes",Actual,Total,Percentage change from same period previous year,,
ECTM.S19A9AC,2003.12,11.8,,F,Percent,0,Electronic Card Transactions (ANZSIC06) - ECT,"Totals - Electronic card transactions by division, percentage changes",Actual,Total,Percentage change from same period previous year,,
ECTM.S19A9AC,2004.01,11.1,,F,Percent,0,Electronic Card Transactions (ANZSIC06) - ECT,"Totals - Electronic card transactions by division, percentage changes",Actual,Total,Percentage change from same period previous year,,
ECTM.S19A9AC,2004.02,12.7,,F,Percent,0,Electronic Card Transactions (ANZSIC06) - ECT,"Totals - Electronic card transactions by division, percentage changes",Actual,Total,Percentage change from same period previous year,,
ECTM.S19A9AC,2004.03,13.2,,F,Percent,0,Electronic Card Transactions (ANZSIC06) - ECT,"Totals - Electronic card transactions by division, percentage changes",Actual,Total,Percentage change from same period previous year,,
ECTM.S19A9AC,2004.04,14.8,,F,Percent,0,Electronic Card Transactions (ANZSIC06) - ECT,"Totals - Electronic card transactions by division, percentage changes",Actual,Total,Percentage change from same period previous year,,
ECTM.S19A9AC,2004.05,10.2,,F,Percent,0,Electronic Card Transactions (ANZSIC06) - ECT,"Totals - Electronic card transactions by division, percentage changes",Actual,Total,Percentage change from same period previous year,,
ECTM.S19A9AC,2004.06,14.5,,F,Percent,0,Electronic Card Transactions (ANZSIC06) - ECT,"Totals - Electronic card transactions by division, percentage changes",Actual,Total,Percentage change from same period previous year,,
ECTM.S19A9AC,2004.07,12.4,,F,Percent,0,Electronic Card Transactions (ANZSIC06) - ECT,"Totals - Electronic card transactions by division, percentage changes",Actual,Total,Percentage change from same period previous year,,
ECTM.S19A9AC,2004.08,10.3,,F,Percent,0,Electronic Card Transactions (ANZSIC06) - ECT,"Totals - Electronic card transactions by division, percentage changes",Actual,Total,Percentage change from same period previous year,,
ECTM.S19A9AC,2004.09,12.2,,F,Percent,0,Electronic Card Transactions (ANZSIC06) - ECT,"Totals - Electronic card transactions by division, percentage changes",Actual,Total,Percentage change from same period previous year,,
ECTM.S19A9AC,2004.10,9.3,,F,Percent,0,Electronic Card Transactions (ANZSIC06) - ECT,"Totals - Electronic card transactions by division, percentage changes",Actual,Total,Percentage change from same period previous year,,
ECTM.S19A9AC,2004.11,11.1,,F,Percent,0,Electronic Card Transactions (ANZSIC06) - ECT,"Totals - Electronic card transactions by division, percentage changes",Actual,Total,Percentage change from same period previous year,,
ECTM.S19A9AC,2004.12,8.9,,F,Percent,0,Electronic Card Transactions (ANZSIC06) - ECT,"Totals - Electronic card transactions by division, percentage changes",Actual,Total,Percentage change from same period previous year,,
ECTM.S19A9AC,2005.01,7.1,,F,Percent,0,Electronic Card Transactions (ANZSIC06) - ECT,"Totals - Electronic card transactions by division, percentage changes",Actual,Total,Percentage change from same period previous year,,
ECTM.S19A9AC,2005.02,8.3,,F,Percent,0,Electronic Card Transactions (ANZSIC06) - ECT,"Totals - Electronic card transactions by division, percentage changes",Actual,Total,Percentage change from same period previous year,,
ECTM.S19A9AC,2005.03,8.8,,F,Percent,0,Electronic Card Transactions (ANZSIC06) - ECT,"Totals - Electronic card transactions by division, percentage changes",Actual,Total,Percentage change from same period previous year,,
ECTM.S19A9AC,2005.04,8.6,,F,Percent,0,Electronic Card Transactions (ANZSIC06) - ECT,"Totals - Electronic card transactions by division, percentage changes",Actual,Total,Percentage change from same period previous year,,
ECTM.S19A9AC,2005.05,7.1,,F,Percent,0,Electronic Card Transactions (ANZSIC06) - ECT,"Totals - Electronic card transactions by division, percentage changes",Actual,Total,Percentage change from same period previous year,,
ECTM.S19A9AC,2005.06,9.3,,F,Percent,0,Electronic Card Transactions (ANZSIC06) - ECT,"Totals - Electronic card transactions by division, percentage changes",Actual,Total,Percentage change from same period previous year,,
ECTM.S19A9AC,2005.07,7.7,,F,Percent,0,Electronic Card Transactions (ANZSIC06) - ECT,"Totals - Electronic card transactions by division, percentage changes",Actual,Total,Percentage change from same period previous year,,
ECTM.S19A9AC,2005.08,9.9,,F,Percent,0,Electronic Card Transactions (ANZSIC06) - ECT,"Totals - Electronic card transactions by division, percentage changes",Actual,Total,Percentage change from same period previous year,,
ECTM.S19A9AC,2005.09,9.7,,F,Percent,0,Electronic Card Transactions (ANZSIC06) - ECT,"Totals - Electronic card transactions by division, percentage changes",Actual,Total,Percentage change from same period previous year,,
ECTM.S19A9AC,2005.10,9.2,,F,Percent,0,Electronic Card Transactions (ANZSIC06) - ECT,"Totals - Electronic card transactions by division, percentage changes",Actual,Total,Percentage change from same period previous year,,
ECTM.S19A9AC,2005.11,8.6,,F,Percent,0,Electronic Card Transactions (ANZSIC06) - ECT,"Totals - Electronic card transactions by division, percentage changes",Actual,Total,Percentage change from same period previous year,,
ECTM.S19A9AC,2005.12,7.5,,F,Percent,0,Electronic Card Transactions (ANZSIC06) - ECT,"Totals - Electronic card transactions by division, percentage changes",Actual,Total,Percentage change from same period previous year,,
ECTM.S19A9AC,2006.01,8.2,,F,Percent,0,Electronic Card Transactions (ANZSIC06) - ECT,"Totals - Electronic card transactions by division, percentage changes",Actual,Total,Percentage change from same period previous year,,
ECTM.S19A9AC,2006.02,8.1,,F,Percent,0,Electronic Card Transactions (ANZSIC06) - ECT,"Totals - Electronic card transactions by division, percentage changes",Actual,Total,Percentage change from same period previous year,,
ECTM.S19A9AC,2006.03,10.9,,F,Percent,0,Electronic Card Transactions (ANZSIC06) - ECT,"Totals - Electronic card transactions by division, percentage changes",Actual,Total,Percentage change from same period previous year,,
ECTM.S19A9AC,2006.04,6.9,,F,Percent,0,Electronic Card Transactions (ANZSIC06) - ECT,"Totals - Electronic card transactions by division, percentage changes",Actual,Total,Percentage change from same period previous year,,
ECTM.S19A9AC,2006.05,12.7,,F,Percent,0,Electronic Card Transactions (ANZSIC06) - ECT,"Totals - Electronic card transactions by division, percentage changes",Actual,Total,Percentage change from same period previous year,,
ECTM.S19A9AC,2006.06,10.7,,F,Percent,0,Electronic Card Transactions (ANZSIC06) - ECT,"Totals - Electronic card transactions by division, percentage changes",Actual,Total,Percentage change from same period previous year,,
ECTM.S19A9AC,2006.07,8.3,,F,Percent,0,Electronic Card Transactions (ANZSIC06) - ECT,"Totals - Electronic card transactions by division, percentage changes",Actual,Total,Percentage change from same period previous year,,
ECTM.S19A9AC,2006.08,10,,F,Percent,0,Electronic Card Transactions (ANZSIC06) - ECT,"Totals - Electronic card transactions by division, percentage changes",Actual,Total,Percentage change from same period previous year,,
ECTM.S19A9AC,2006.09,8.4,,F,Percent,0,Electronic Card Transactions (ANZSIC06) - ECT,"Totals - Electronic card transactions by division, percentage changes",Actual,Total,Percentage change from same period previous year,,
ECTM.S19A9AC,2006.10,8.7,,F,Percent,0,Electronic Card Transactions (ANZSIC06) - ECT,"Totals - Electronic card transactions by division, percentage changes",Actual,Total,Percentage change from same period previous year,,
ECTM.S19A9AC,2006.11,10,,F,Percent,0,Electronic Card Transactions (ANZSIC06) - ECT,"Totals - Electronic card transactions by division, percentage changes",Actual,Total,Percentage change from same period previous year,,
ECTM.S19A9AC,2006.12,10.2,,F,Percent,0,Electronic Card Transactions (ANZSIC06) - ECT,"Totals - Electronic card transactions by division, percentage changes",Actual,Total,Percentage change from same period previous year,,
ECTM.S19A9AC,2007.01,10.6,,F,Percent,0,Electronic Card Transactions (ANZSIC06) - ECT,"Totals - Electronic card transactions by division, percentage changes",Actual,Total,Percentage change from same period previous year,,
ECTM.S19A9AC,2007.02,10.5,,F,Percent,0,Electronic Card Transactions (ANZSIC06) - ECT,"Totals - Electronic card transactions by division, percentage changes",Actual,Total,Percentage change from same period previous year,,
ECTM.S19A9AC,2007.03,9.7,,F,Percent,0,Electronic Card Transactions (ANZSIC06) - ECT,"Totals - Electronic card transactions by division, percentage changes",Actual,Total,Percentage change from same period previous year,,
ECTM.S19A9AC,2007.04,8.7,,F,Percent,0,Electronic Card Transactions (ANZSIC06) - ECT,"Totals - Electronic card transactions by division, percentage changes",Actual,Total,Percentage change from same period previous year,,
ECTM.S19A9AC,2007.05,8.6,,F,Percent,0,Electronic Card Transactions (ANZSIC06) - ECT,"Totals - Electronic card transactions by division, percentage changes",Actual,Total,Percentage change from same period previous year,,
ECTM.S19A9AC,2007.06,8.5,,F,Percent,0,Electronic Card Transactions (ANZSIC06) - ECT,"Totals - Electronic card transactions by division, percentage changes",Actual,Total,Percentage change from same period previous year,,
ECTM.S19A9AC,2007.07,8,,F,Percent,0,Electronic Card Transactions (ANZSIC06) - ECT,"Totals - Electronic card transactions by division, percentage changes",Actual,Total,Percentage change from same period previous year,,
ECTM.S19A9AC,2007.08,9.2,,F,Percent,0,Electronic Card Transactions (ANZSIC06) - ECT,"Totals - Electronic card transactions by division, percentage changes",Actual,Total,Percentage change from same period previous year,,
ECTM.S19A9AC,2007.09,8.3,,F,Percent,0,Electronic Card Transactions (ANZSIC06) - ECT,"Totals - Electronic card transactions by division, percentage changes",Actual,Total,Percentage change from same period previous year,,
ECTM.S19A9AC,2007.10,9.1,,F,Percent,0,Electronic Card Transactions (ANZSIC06) - ECT,"Totals - Electronic card transactions by division, percentage changes",Actual,Total,Percentage change from same period previous year,,
ECTM.S19A9AC,2007.11,9.9,,F,Percent,0,Electronic Card Transactions (ANZSIC06) - ECT,"Totals - Electronic card transactions by division, percentage changes",Actual,Total,Percentage change from same period previous year,,
ECTM.S19A9AC,2007.12,7.4,,F,Percent,0,Electronic Card Transactions (ANZSIC06) - ECT,"Totals - Electronic card transactions by division, percentage changes",Actual,Total,Percentage change from same period previous year,,
ECTM.S19A9AC,2008.01,8.6,,F,Percent,0,Electronic Card Transactions (ANZSIC06) - ECT,"Totals - Electronic card transactions by division, percentage changes",Actual,Total,Percentage change from same period previous year,,
ECTM.S19A9AC,2008.02,11.2,,F,Percent,0,Electronic Card Transactions (ANZSIC06) - ECT,"Totals - Electronic card transactions by division, percentage changes",Actual,Total,Percentage change from same period previous year,,
ECTM.S19A9AC,2008.03,3.5,,F,Percent,0,Electronic Card Transactions (ANZSIC06) - ECT,"Totals - Electronic card transactions by division, percentage changes",Actual,Total,Percentage change from same period previous year,,
ECTM.S19A9AC,2008.04,7.3,,F,Percent,0,Electronic Card Transactions (ANZSIC06) - ECT,"Totals - Electronic card transactions by division, percentage changes",Actual,Total,Percentage change from same period previous year,,
ECTM.S19A9AC,2008.05,7.6,,F,Percent,0,Electronic Card Transactions (ANZSIC06) - ECT,"Totals - Electronic card transactions by division, percentage changes",Actual,Total,Percentage change from same period previous year,,
ECTM.S19A9AC,2008.06,2.7,,F,Percent,0,Electronic Card Transactions (ANZSIC06) - ECT,"Totals - Electronic card transactions by division, percentage changes",Actual,Total,Percentage change from same period previous year,,
ECTM.S19A9AC,2008.07,6.9,,F,Percent,0,Electronic Card Transactions (ANZSIC06) - ECT,"Totals - Electronic card transactions by division, percentage changes",Actual,Total,Percentage change from same period previous year,,
ECTM.S19A9AC,2008.08,4.4,,F,Percent,0,Electronic Card Transactions (ANZSIC06) - ECT,"Totals - Electronic card transactions by division, percentage changes",Actual,Total,Percentage change from same period previous year,,
ECTM.S19A9AC,2008.09,5.4,,F,Percent,0,Electronic Card Transactions (ANZSIC06) - ECT,"Totals - Electronic card transactions by division, percentage changes",Actual,Total,Percentage change from same period previous year,,
ECTM.S19A9AC,2008.10,6.6,,F,Percent,0,Electronic Card Transactions (ANZSIC06) - ECT,"Totals - Electronic card transactions by division, percentage changes",Actual,Total,Percentage change from same period previous year,,
ECTM.S19A9AC,2008.11,0,,F,Percent,0,Electronic Card Transactions (ANZSIC06) - ECT,"Totals - Electronic card transactions by division, percentage changes",Actual,Total,Percentage change from same period previous year,,
ECTM.S19A9AC,2008.12,1.3,,F,Percent,0,Electronic Card Transactions (ANZSIC06) - ECT,"Totals - Electronic card transactions by division, percentage changes",Actual,Total,Percentage change from same period previous year,,
ECTM.S19A9AC,2009.01,1.6,,F,Percent,0,Electronic Card Transactions (ANZSIC06) - ECT,"Totals - Electronic card transactions by division, percentage changes",Actual,Total,Percentage change from same period previous year,,
ECTM.S19A9AC,2009.02,-2.7,,F,Percent,0,Electronic Card Transactions (ANZSIC06) - ECT,"Totals - Electronic card transactions by division, percentage changes",Actual,Total,Percentage change from same period previous year,,
ECTM.S19A9AC,2009.03,1.6,,F,Percent,0,Electronic Card Transactions (ANZSIC06) - ECT,"Totals - Electronic card transactions by division, percentage changes",Actual,Total,Percentage change from same period previous year,,
ECTM.S19A9AC,2009.04,1.7,,F,Percent,0,Electronic Card Transactions (ANZSIC06) - ECT,"Totals - Electronic card transactions by division, percentage changes",Actual,Total,Percentage change from same period previous year,,
ECTM.S19A9AC,2009.05,0.3,,F,Percent,0,Electronic Card Transactions (ANZSIC06) - ECT,"Totals - Electronic card transactions by division, percentage changes",Actual,Total,Percentage change from same period previous year,,
ECTM.S19A9AC,2009.06,2.4,,F,Percent,0,Electronic Card Transactions (ANZSIC06) - ECT,"Totals - Electronic card transactions by division, percentage changes",Actual,Total,Percentage change from same period previous year,,
ECTM.S19A9AC,2009.07,2.6,,F,Percent,0,Electronic Card Transactions (ANZSIC06) - ECT,"Totals - Electronic card transactions by division, percentage changes",Actual,Total,Percentage change from same period previous year,,
ECTM.S19A9AC,2009.08,1.2,,F,Percent,0,Electronic Card Transactions (ANZSIC06) - ECT,"Totals - Electronic card transactions by division, percentage changes",Actual,Total,Percentage change from same period previous year,,
ECTM.S19A9AC,2009.09,1.9,,F,Percent,0,Electronic Card Transactions (ANZSIC06) - ECT,"Totals - Electronic card transactions by division, percentage changes",Actual,Total,Percentage change from same period previous year,,
ECTM.S19A9AC,2009.10,1.2,,F,Percent,0,Electronic Card Transactions (ANZSIC06) - ECT,"Totals - Electronic card transactions by division, percentage changes",Actual,Total,Percentage change from same period previous year,,
ECTM.S19A9AC,2009.11,2.7,,F,Percent,0,Electronic Card Transactions (ANZSIC06) - ECT,"Totals - Electronic card transactions by division, percentage changes",Actual,Total,Percentage change from same period previous year,,
ECTM.S19A9AC,2009.12,4.6,,F,Percent,0,Electronic Card Transactions (ANZSIC06) - ECT,"Totals - Electronic card transactions by division, percentage changes",Actual,Total,Percentage change from same period previous year,,
ECTM.S19A9AC,2010.01,3.7,,F,Percent,0,Electronic Card Transactions (ANZSIC06) - ECT,"Totals - Electronic card transactions by division, percentage changes",Actual,Total,Percentage change from same period previous year,,
ECTM.S19A9AC,2010.02,3.9,,F,Percent,0,Electronic Card Transactions (ANZSIC06) - ECT,"Totals - Electronic card transactions by division, percentage changes",Actual,Total,Percentage change from same period previous year,,
ECTM.S19A9AC,2010.03,6.4,,F,Percent,0,Electronic Card Transactions (ANZSIC06) - ECT,"Totals - Electronic card transactions by division, percentage changes",Actual,Total,Percentage change from same period previous year,,
ECTM.S19A9AC,2010.04,3.7,,F,Percent,0,Electronic Card Transactions (ANZSIC06) - ECT,"Totals - Electronic card transactions by division, percentage changes",Actual,Total,Percentage change from same period previous year,,
ECTM.S19A9AC,2010.05,2.6,,F,Percent,0,Electronic Card Transactions (ANZSIC06) - ECT,"Totals - Electronic card transactions by division, percentage changes",Actual,Total,Percentage change from same period previous year,,
ECTM.S19A9AC,2010.06,4.7,,F,Percent,0,Electronic Card Transactions (ANZSIC06) - ECT,"Totals - Electronic card transactions by division, percentage changes",Actual,Total,Percentage change from same period previous year,,
ECTM.S19A9AC,2010.07,3.7,,F,Percent,0,Electronic Card Transactions (ANZSIC06) - ECT,"Totals - Electronic card transactions by division, percentage changes",Actual,Total,Percentage change from same period previous year,,
ECTM.S19A9AC,2010.08,3,,F,Percent,0,Electronic Card Transactions (ANZSIC06) - ECT,"Totals - Electronic card transactions by division, percentage changes",Actual,Total,Percentage change from same period previous year,,
ECTM.S19A9AC,2010.09,5,,F,Percent,0,Electronic Card Transactions (ANZSIC06) - ECT,"Totals - Electronic card transactions by division, percentage changes",Actual,Total,Percentage change from same period previous year,,
ECTM.S19A9AC,2010.10,4,,F,Percent,0,Electronic Card Transactions (ANZSIC06) - ECT,"Totals - Electronic card transactions by division, percentage changes",Actual,Total,Percentage change from same period previous year,,
ECTM.S19A9AC,2010.11,7.1,,F,Percent,0,Electronic Card Transactions (ANZSIC06) - ECT,"Totals - Electronic card transactions by division, percentage changes",Actual,Total,Percentage change from same period previous year,,
ECTM.S19A9AC,2010.12,5.9,,F,Percent,0,Electronic Card Transactions (ANZSIC06) - ECT,"Totals - Electronic card transactions by division, percentage changes",Actual,Total,Percentage change from same period previous year,,
ECTM.S19A9AC,2011.01,5.1,,F,Percent,0,Electronic Card Transactions (ANZSIC06) - ECT,"Totals - Electronic card transactions by division, percentage changes",Actual,Total,Percentage change from same period previous year,,
ECTM.S19A9AC,2011.02,5.9,,F,Percent,0,Electronic Card Transactions (ANZSIC06) - ECT,"Totals - Electronic card transactions by division, percentage changes",Actual,Total,Percentage change from same period previous year,,
ECTM.S19A9AC,2011.03,5.6,,F,Percent,0,Electronic Card Transactions (ANZSIC06) - ECT,"Totals - Electronic card transactions by division, percentage changes",Actual,Total,Percentage change from same period previous year,,
ECTM.S19A9AC,2011.04,8.6,,F,Percent,0,Electronic Card Transactions (ANZSIC06) - ECT,"Totals - Electronic card transactions by division, percentage changes",Actual,Total,Percentage change from same period previous year,,
ECTM.S19A9AC,2011.05,7,,F,Percent,0,Electronic Card Transactions (ANZSIC06) - ECT,"Totals - Electronic card transactions by division, percentage changes",Actual,Total,Percentage change from same period previous year,,
ECTM.S19A9AC,2011.06,7.7,,F,Percent,0,Electronic Card Transactions (ANZSIC06) - ECT,"Totals - Electronic card transactions by division, percentage changes",Actual,Total,Percentage change from same period previous year,,
ECTM.S19A9AC,2011.07,6.5,,F,Percent,0,Electronic Card Transactions (ANZSIC06) - ECT,"Totals - Electronic card transactions by division, percentage changes",Actual,Total,Percentage change from same period previous year,,
ECTM.S19A9AC,2011.08,7.7,,F,Percent,0,Electronic Card Transactions (ANZSIC06) - ECT,"Totals - Electronic card transactions by division, percentage changes",Actual,Total,Percentage change from same period previous year,,
ECTM.S19A9AC,2011.09,6.3,,F,Percent,0,Electronic Card Transactions (ANZSIC06) - ECT,"Totals - Electronic card transactions by division, percentage changes",Actual,Total,Percentage change from same period previous year,,
ECTM.S19A9AC,2011.10,6.9,,F,Percent,0,Electronic Card Transactions (ANZSIC06) - ECT,"Totals - Electronic card transactions by division, percentage changes",Actual,Total,Percentage change from same period previous year,,
ECTM.S19A9AC,2011.11,5.8,,F,Percent,0,Electronic Card Transactions (ANZSIC06) - ECT,"Totals - Electronic card transactions by division, percentage changes",Actual,Total,Percentage change from same period previous year,,
ECTM.S19A9AC,2011.12,5.5,,F,Percent,0,Electronic Card Transactions (ANZSIC06) - ECT,"Totals - Electronic card transactions by division, percentage changes",Actual,Total,Percentage change from same period previous year,,
ECTM.S19A9AC,2012.01,5.6,,F,Percent,0,Electronic Card Transactions (ANZSIC06) - ECT,"Totals - Electronic card transactions by division, percentage changes",Actual,Total,Percentage change from same period previous year,,
ECTM.S19A9AC,2012.02,9.2,,F,Percent,0,Electronic Card Transactions (ANZSIC06) - ECT,"Totals - Electronic card transactions by division, percentage changes",Actual,Total,Percentage change from same period previous year,,
ECTM.S19A9AC,2012.03,5.7,,F,Percent,0,Electronic Card Transactions (ANZSIC06) - ECT,"Totals - Electronic card transactions by division, percentage changes",Actual,Total,Percentage change from same period previous year,,
ECTM.S19A9AC,2012.04,1.9,,F,Percent,0,Electronic Card Transactions (ANZSIC06) - ECT,"Totals - Electronic card transactions by division, percentage changes",Actual,Total,Percentage change from same period previous year,,
ECTM.S19A9AC,2012.05,6.8,,F,Percent,0,Electronic Card Transactions (ANZSIC06) - ECT,"Totals - Electronic card transactions by division, percentage changes",Actual,Total,Percentage change from same period previous year,,
ECTM.S19A9AC,2012.06,5.7,,F,Percent,0,Electronic Card Transactions (ANZSIC06) - ECT,"Totals - Electronic card transactions by division, percentage changes",Actual,Total,Percentage change from same period previous year,,
ECTM.S19A9AC,2012.07,2.3,,F,Percent,0,Electronic Card Transactions (ANZSIC06) - ECT,"Totals - Electronic card transactions by division, percentage changes",Actual,Total,Percentage change from same period previous year,,
ECTM.S19A9AC,2012.08,6.7,,F,Percent,0,Electronic Card Transactions (ANZSIC06) - ECT,"Totals - Electronic card transactions by division, percentage changes",Actual,Total,Percentage change from same period previous year,,
ECTM.S19A9AC,2012.09,3.3,,F,Percent,0,Electronic Card Transactions (ANZSIC06) - ECT,"Totals - Electronic card transactions by division, percentage changes",Actual,Total,Percentage change from same period previous year,,
ECTM.S19A9AC,2012.10,4.3,,F,Percent,0,Electronic Card Transactions (ANZSIC06) - ECT,"Totals - Electronic card transactions by division, percentage changes",Actual,Total,Percentage change from same period previous year,,
ECTM.S19A9AC,2012.11,5.9,,F,Percent,0,Electronic Card Transactions (ANZSIC06) - ECT,"Totals - Electronic card transactions by division, percentage changes",Actual,Total,Percentage change from same period previous year,,
ECTM.S19A9AC,2012.12,3.1,,F,Percent,0,Electronic Card Transactions (ANZSIC06) - ECT,"Totals - Electronic card transactions by division, percentage changes",Actual,Total,Percentage change from same period previous year,,
ECTM.S19A9AC,2013.01,6.3,,F,Percent,0,Electronic Card Transactions (ANZSIC06) - ECT,"Totals - Electronic card transactions by division, percentage changes",Actual,Total,Percentage change from same period previous year,,
ECTM.S19A9AC,2013.02,2.1,,F,Percent,0,Electronic Card Transactions (ANZSIC06) - ECT,"Totals - Electronic card transactions by division, percentage changes",Actual,Total,Percentage change from same period previous year,,
ECTM.S19A9AC,2013.03,3.3,,F,Percent,0,Electronic Card Transactions (ANZSIC06) - ECT,"Totals - Electronic card transactions by division, percentage changes",Actual,Total,Percentage change from same period previous year,,
ECTM.S19A9AC,2013.04,6.7,,F,Percent,0,Electronic Card Transactions (ANZSIC06) - ECT,"Totals - Electronic card transactions by division, percentage changes",Actual,Total,Percentage change from same period previous year,,
ECTM.S19A9AC,2013.05,5.7,,F,Percent,0,Electronic Card Transactions (ANZSIC06) - ECT,"Totals - Electronic card transactions by division, percentage changes",Actual,Total,Percentage change from same period previous year,,
ECTM.S19A9AC,2013.06,4.6,,F,Percent,0,Electronic Card Transactions (ANZSIC06) - ECT,"Totals - Electronic card transactions by division, percentage changes",Actual,Total,Percentage change from same period previous year,,
ECTM.S19A9AC,2013.07,8.1,,F,Percent,0,Electronic Card Transactions (ANZSIC06) - ECT,"Totals - Electronic card transactions by division, percentage changes",Actual,Total,Percentage change from same period previous year,,
ECTM.S19A9AC,2013.08,6.2,,F,Percent,0,Electronic Card Transactions (ANZSIC06) - ECT,"Totals - Electronic card transactions by division, percentage changes",Actual,Total,Percentage change from same period previous year,,
ECTM.S19A9AC,2013.09,4.8,,F,Percent,0,Electronic Card Transactions (ANZSIC06) - ECT,"Totals - Electronic card transactions by division, percentage changes",Actual,Total,Percentage change from same period previous year,,
ECTM.S19A9AC,2013.10,7.1,,F,Percent,0,Electronic Card Transactions (ANZSIC06) - ECT,"Totals - Electronic card transactions by division, percentage changes",Actual,Total,Percentage change from same period previous year,,
ECTM.S19A9AC,2013.11,6.2,,F,Percent,0,Electronic Card Transactions (ANZSIC06) - ECT,"Totals - Electronic card transactions by division, percentage changes",Actual,Total,Percentage change from same period previous year,,
ECTM.S19A9AC,2013.12,6,,F,Percent,0,Electronic Card Transactions (ANZSIC06) - ECT,"Totals - Electronic card transactions by division, percentage changes",Actual,Total,Percentage change from same period previous year,,
ECTM.S19A9AC,2014.01,6.4,,F,Percent,0,Electronic Card Transactions (ANZSIC06) - ECT,"Totals - Electronic card transactions by division, percentage changes",Actual,Total,Percentage change from same period previous year,,
ECTM.S19A9AC,2014.02,5.8,,F,Percent,0,Electronic Card Transactions (ANZSIC06) - ECT,"Totals - Electronic card transactions by division, percentage changes",Actual,Total,Percentage change from same period previous year,,
ECTM.S19A9AC,2014.03,5.1,,F,Percent,0,Electronic Card Transactions (ANZSIC06) - ECT,"Totals - Electronic card transactions by division, percentage changes",Actual,Total,Percentage change from same period previous year,,
ECTM.S19A9AC,2014.04,4.5,,F,Percent,0,Electronic Card Transactions (ANZSIC06) - ECT,"Totals - Electronic card transactions by division, percentage changes",Actual,Total,Percentage change from same period previous year,,
ECTM.S19A9AC,2014.05,6.5,,F,Percent,0,Electronic Card Transactions (ANZSIC06) - ECT,"Totals - Electronic card transactions by division, percentage changes",Actual,Total,Percentage change from same period previous year,,
ECTM.S19A9AC,2014.06,4.5,,F,Percent,0,Electronic Card Transactions (ANZSIC06) - ECT,"Totals - Electronic card transactions by division, percentage changes",Actual,Total,Percentage change from same period previous year,,
ECTM.S19A9AC,2014.07,4.5,,F,Percent,0,Electronic Card Transactions (ANZSIC06) - ECT,"Totals - Electronic card transactions by division, percentage changes",Actual,Total,Percentage change from same period previous year,,
ECTM.S19A9AC,2014.08,2.8,,F,Percent,0,Electronic Card Transactions (ANZSIC06) - ECT,"Totals - Electronic card transactions by division, percentage changes",Actual,Total,Percentage change from same period previous year,,
ECTM.S19A9AC,2014.09,4.9,,F,Percent,0,Electronic Card Transactions (ANZSIC06) - ECT,"Totals - Electronic card transactions by division, percentage changes",Actual,Total,Percentage change from same period previous year,,
ECTM.S19A9AC,2014.10,5.5,,F,Percent,0,Electronic Card Transactions (ANZSIC06) - ECT,"Totals - Electronic card transactions by division, percentage changes",Actual,Total,Percentage change from same period previous year,,
ECTM.S19A9AC,2014.11,2.9,,F,Percent,0,Electronic Card Transactions (ANZSIC06) - ECT,"Totals - Electronic card transactions by division, percentage changes",Actual,Total,Percentage change from same period previous year,,
ECTM.S19A9AC,2014.12,4.5,,F,Percent,0,Electronic Card Transactions (ANZSIC06) - ECT,"Totals - Electronic card transactions by division, percentage changes",Actual,Total,Percentage change from same period previous year,,
ECTM.S19A9AC,2015.01,4.3,,F,Percent,0,Electronic Card Transactions (ANZSIC06) - ECT,"Totals - Electronic card transactions by division, percentage changes",Actual,Total,Percentage change from same period previous year,,
ECTM.S19A9AC,2015.02,3.8,,F,Percent,0,Electronic Card Transactions (ANZSIC06) - ECT,"Totals - Electronic card transactions by division, percentage changes",Actual,Total,Percentage change from same period previous year,,
ECTM.S19A9AC,2015.03,4.6,,F,Percent,0,Electronic Card Transactions (ANZSIC06) - ECT,"Totals - Electronic card transactions by division, percentage changes",Actual,Total,Percentage change from same period previous year,,
ECTM.S19A9AC,2015.04,4.2,,F,Percent,0,Electronic Card Transactions (ANZSIC06) - ECT,"Totals - Electronic card transactions by division, percentage changes",Actual,Total,Percentage change from same period previous year,,
ECTM.S19A9AC,2015.05,3,,F,Percent,0,Electronic Card Transactions (ANZSIC06) - ECT,"Totals - Electronic card transactions by division, percentage changes",Actual,Total,Percentage change from same period previous year,,
ECTM.S19A9AC,2015.06,5.9,,F,Percent,0,Electronic Card Transactions (ANZSIC06) - ECT,"Totals - Electronic card transactions by division, percentage changes",Actual,Total,Percentage change from same period previous year,,
ECTM.S19A9AC,2015.07,6.8,,F,Percent,0,Electronic Card Transactions (ANZSIC06) - ECT,"Totals - Electronic card transactions by division, percentage changes",Actual,Total,Percentage change from same period previous year,,
ECTM.S19A9AC,2015.08,5,,F,Percent,0,Electronic Card Transactions (ANZSIC06) - ECT,"Totals - Electronic card transactions by division, percentage changes",Actual,Total,Percentage change from same period previous year,,
ECTM.S19A9AC,2015.09,6.4,,F,Percent,0,Electronic Card Transactions (ANZSIC06) - ECT,"Totals - Electronic card transactions by division, percentage changes",Actual,Total,Percentage change from same period previous year,,
ECTM.S19A9AC,2015.10,5.4,,F,Percent,0,Electronic Card Transactions (ANZSIC06) - ECT,"Totals - Electronic card transactions by division, percentage changes",Actual,Total,Percentage change from same period previous year,,
ECTM.S19A9AC,2015.11,5.2,,F,Percent,0,Electronic Card Transactions (ANZSIC06) - ECT,"Totals - Electronic card transactions by division, percentage changes",Actual,Total,Percentage change from same period previous year,,
ECTM.S19A9AC,2015.12,6.6,,F,Percent,0,Electronic Card Transactions (ANZSIC06) - ECT,"Totals - Electronic card transactions by division, percentage changes",Actual,Total,Percentage change from same period previous year,,
ECTM.S19A9AC,2016.01,5.1,,F,Percent,0,Electronic Card Transactions (ANZSIC06) - ECT,"Totals - Electronic card transactions by division, percentage changes",Actual,Total,Percentage change from same period previous year,,
ECTM.S19A9AC,2016.02,9.5,,F,Percent,0,Electronic Card Transactions (ANZSIC06) - ECT,"Totals - Electronic card transactions by division, percentage changes",Actual,Total,Percentage change from same period previous year,,
ECTM.S19A9AC,2016.03,5.9,,F,Percent,0,Electronic Card Transactions (ANZSIC06) - ECT,"Totals - Electronic card transactions by division, percentage changes",Actual,Total,Percentage change from same period previous year,,
ECTM.S19A9AC,2016.04,8.6,,F,Percent,0,Electronic Card Transactions (ANZSIC06) - ECT,"Totals - Electronic card transactions by division, percentage changes",Actual,Total,Percentage change from same period previous year,,
ECTM.S19A9AC,2016.05,4,,F,Percent,0,Electronic Card Transactions (ANZSIC06) - ECT,"Totals - Electronic card transactions by division, percentage changes",Actual,Total,Percentage change from same period previous year,,
ECTM.S19A9AC,2016.06,6.5,,F,Percent,0,Electronic Card Transactions (ANZSIC06) - ECT,"Totals - Electronic card transactions by division, percentage changes",Actual,Total,Percentage change from same period previous year,,
ECTM.S19A9AC,2016.07,4.5,,F,Percent,0,Electronic Card Transactions (ANZSIC06) - ECT,"Totals - Electronic card transactions by division, percentage changes",Actual,Total,Percentage change from same period previous year,,
ECTM.S19A9AC,2016.08,4.2,,F,Percent,0,Electronic Card Transactions (ANZSIC06) - ECT,"Totals - Electronic card transactions by division, percentage changes",Actual,Total,Percentage change from same period previous year,,
ECTM.S19A9AC,2016.09,6.3,,F,Percent,0,Electronic Card Transactions (ANZSIC06) - ECT,"Totals - Electronic card transactions by division, percentage changes",Actual,Total,Percentage change from same period previous year,,
ECTM.S19A9AC,2016.10,4.2,,F,Percent,0,Electronic Card Transactions (ANZSIC06) - ECT,"Totals - Electronic card transactions by division, percentage changes",Actual,Total,Percentage change from same period previous year,,
ECTM.S19A9AC,2016.11,5.8,,F,Percent,0,Electronic Card Transactions (ANZSIC06) - ECT,"Totals - Electronic card transactions by division, percentage changes",Actual,Total,Percentage change from same period previous year,,
ECTM.S19A9AC,2016.12,5.3,,F,Percent,0,Electronic Card Transactions (ANZSIC06) - ECT,"Totals - Electronic card transactions by division, percentage changes",Actual,Total,Percentage change from same period previous year,,
ECTM.S19A9AC,2017.01,12.8,,F,Percent,0,Electronic Card Transactions (ANZSIC06) - ECT,"Totals - Electronic card transactions by division, percentage changes",Actual,Total,Percentage change from same period previous year,,
ECTM.S19A9AC,2017.02,9.1,,F,Percent,0,Electronic Card Transactions (ANZSIC06) - ECT,"Totals - Electronic card transactions by division, percentage changes",Actual,Total,Percentage change from same period previous year,,
ECTM.S19A9AC,2017.03,14.2,,F,Percent,0,Electronic Card Transactions (ANZSIC06) - ECT,"Totals - Electronic card transactions by division, percentage changes",Actual,Total,Percentage change from same period previous year,,
ECTM.S19A9AC,2017.04,9.6,,F,Percent,0,Electronic Card Transactions (ANZSIC06) - ECT,"Totals - Electronic card transactions by division, percentage changes",Actual,Total,Percentage change from same period previous year,,
ECTM.S19A9AC,2017.05,13.9,,F,Percent,0,Electronic Card Transactions (ANZSIC06) - ECT,"Totals - Electronic card transactions by division, percentage changes",Actual,Total,Percentage change from same period previous year,,
ECTM.S19A9AC,2017.06,12.1,,F,Percent,0,Electronic Card Transactions (ANZSIC06) - ECT,"Totals - Electronic card transactions by division, percentage changes",Actual,Total,Percentage change from same period previous year,,
ECTM.S19A9AC,2017.07,9.7,,F,Percent,0,Electronic Card Transactions (ANZSIC06) - ECT,"Totals - Electronic card transactions by division, percentage changes",Actual,Total,Percentage change from same period previous year,,
ECTM.S19A9AC,2017.08,13.6,,F,Percent,0,Electronic Card Transactions (ANZSIC06) - ECT,"Totals - Electronic card transactions by division, percentage changes",Actual,Total,Percentage change from same period previous year,,
ECTM.S19A9AC,2017.09,11.1,,F,Percent,0,Electronic Card Transactions (ANZSIC06) - ECT,"Totals - Electronic card transactions by division, percentage changes",Actual,Total,Percentage change from same period previous year,,
ECTM.S19A9AC,2017.10,11.1,,F,Percent,0,Electronic Card Transactions (ANZSIC06) - ECT,"Totals - Electronic card transactions by division, percentage changes",Actual,Total,Percentage change from same period previous year,,
ECTM.S19A9AC,2017.11,14.4,,F,Percent,0,Electronic Card Transactions (ANZSIC06) - ECT,"Totals - Electronic card transactions by division, percentage changes",Actual,Total,Percentage change from same period previous year,,
ECTM.S19A9AC,2017.12,10.3,,F,Percent,0,Electronic Card Transactions (ANZSIC06) - ECT,"Totals - Electronic card transactions by division, percentage changes",Actual,Total,Percentage change from same period previous year,,
ECTM.S19A9AC,2018.01,5.6,,F,Percent,0,Electronic Card Transactions (ANZSIC06) - ECT,"Totals - Electronic card transactions by division, percentage changes",Actual,Total,Percentage change from same period previous year,,
ECTM.S19A9AC,2018.02,5,,F,Percent,0,Electronic Card Transactions (ANZSIC06) - ECT,"Totals - Electronic card transactions by division, percentage changes",Actual,Total,Percentage change from same period previous year,,
ECTM.S19A9AC,2018.03,5.6,,F,Percent,0,Electronic Card Transactions (ANZSIC06) - ECT,"Totals - Electronic card transactions by division, percentage changes",Actual,Total,Percentage change from same period previous year,,
ECTM.S19A9AC,2018.04,3.9,,F,Percent,0,Electronic Card Transactions (ANZSIC06) - ECT,"Totals - Electronic card transactions by division, percentage changes",Actual,Total,Percentage change from same period previous year,,
ECTM.S19A9AC,2018.05,4.8,,F,Percent,0,Electronic Card Transactions (ANZSIC06) - ECT,"Totals - Electronic card transactions by division, percentage changes",Actual,Total,Percentage change from same period previous year,,
ECTM.S19A9AC,2018.06,5.1,,F,Percent,0,Electronic Card Transactions (ANZSIC06) - ECT,"Totals - Electronic card transactions by division, percentage changes",Actual,Total,Percentage change from same period previous year,,
ECTM.S19A9AC,2018.07,5.1,,F,Percent,0,Electronic Card Transactions (ANZSIC06) - ECT,"Totals - Electronic card transactions by division, percentage changes",Actual,Total,Percentage change from same period previous year,,
ECTM.S19A9AC,2018.08,6.5,,F,Percent,0,Electronic Card Transactions (ANZSIC06) - ECT,"Totals - Electronic card transactions by division, percentage changes",Actual,Total,Percentage change from same period previous year,,
ECTM.S19A9AC,2018.09,5.4,,F,Percent,0,Electronic Card Transactions (ANZSIC06) - ECT,"Totals - Electronic card transactions by division, percentage changes",Actual,Total,Percentage change from same period previous year,,
ECTM.S19A9AC,2018.10,6.6,,F,Percent,0,Electronic Card Transactions (ANZSIC06) - ECT,"Totals - Electronic card transactions by division, percentage changes",Actual,Total,Percentage change from same period previous year,,
ECTM.S19A9AC,2018.11,4.4,,F,Percent,0,Electronic Card Transactions (ANZSIC06) - ECT,"Totals - Electronic card transactions by division, percentage changes",Actual,Total,Percentage change from same period previous year,,
ECTM.S19A9AC,2018.12,1.8,,F,Percent,0,Electronic Card Transactions (ANZSIC06) - ECT,"Totals - Electronic card transactions by division, percentage changes",Actual,Total,Percentage change from same period previous year,,
ECTM.S19A9AC,2019.01,4.6,,F,Percent,0,Electronic Card Transactions (ANZSIC06) - ECT,"Totals - Electronic card transactions by division, percentage changes",Actual,Total,Percentage change from same period previous year,,
ECTM.S19A9AC,2019.02,3.9,,F,Percent,0,Electronic Card Transactions (ANZSIC06) - ECT,"Totals - Electronic card transactions by division, percentage changes",Actual,Total,Percentage change from same period previous year,,
ECTM.S19A9AC,2019.03,1.8,,F,Percent,0,Electronic Card Transactions (ANZSIC06) - ECT,"Totals - Electronic card transactions by division, percentage changes",Actual,Total,Percentage change from same period previous year,,
ECTM.S19A9AC,2019.04,5,,F,Percent,0,Electronic Card Transactions (ANZSIC06) - ECT,"Totals - Electronic card transactions by division, percentage changes",Actual,Total,Percentage change from same period previous year,,
ECTM.S19A9AC,2019.05,3.9,,F,Percent,0,Electronic Card Transactions (ANZSIC06) - ECT,"Totals - Electronic card transactions by division, percentage changes",Actual,Total,Percentage change from same period previous year,,
ECTM.S19A9AC,2019.06,1.6,,F,Percent,0,Electronic Card Transactions (ANZSIC06) - ECT,"Totals - Electronic card transactions by division, percentage changes",Actual,Total,Percentage change from same period previous year,,
ECTM.S19A9AC,2019.07,3.3,,F,Percent,0,Electronic Card Transactions (ANZSIC06) - ECT,"Totals - Electronic card transactions by division, percentage changes",Actual,Total,Percentage change from same period previous year,,
ECTM.S19A9AC,2019.08,3.3,,F,Percent,0,Electronic Card Transactions (ANZSIC06) - ECT,"Totals - Electronic card transactions by division, percentage changes",Actual,Total,Percentage change from same period previous year,,
ECTM.S19A9AC,2019.09,2.3,,F,Percent,0,Electronic Card Transactions (ANZSIC06) - ECT,"Totals - Electronic card transactions by division, percentage changes",Actual,Total,Percentage change from same period previous year,,
ECTM.S19A9AC,2019.10,3.1,,F,Percent,0,Electronic Card Transactions (ANZSIC06) - ECT,"Totals - Electronic card transactions by division, percentage changes",Actual,Total,Percentage change from same period previous year,,
ECTM.S19A9AC,2019.11,4.4,,F,Percent,0,Electronic Card Transactions (ANZSIC06) - ECT,"Totals - Electronic card transactions by division, percentage changes",Actual,Total,Percentage change from same period previous year,,
ECTM.S19A9AC,2019.12,3.8,,F,Percent,0,Electronic Card Transactions (ANZSIC06) - ECT,"Totals - Electronic card transactions by division, percentage changes",Actual,Total,Percentage change from same period previous year,,
ECTM.S19A9AC,2020.01,4.2,,F,Percent,0,Electronic Card Transactions (ANZSIC06) - ECT,"Totals - Electronic card transactions by division, percentage changes",Actual,Total,Percentage change from same period previous year,,
ECTM.S19A9AC,2020.02,7.8,,F,Percent,0,Electronic Card Transactions (ANZSIC06) - ECT,"Totals - Electronic card transactions by division, percentage changes",Actual,Total,Percentage change from same period previous year,,
ECTM.S19A9AC,2020.03,-6.8,,F,Percent,0,Electronic Card Transactions (ANZSIC06) - ECT,"Totals - Electronic card transactions by division, percentage changes",Actual,Total,Percentage change from same period previous year,,
ECTM.S19A9AC,2020.04,-50.8,,F,Percent,0,Electronic Card Transactions (ANZSIC06) - ECT,"Totals - Electronic card transactions by division, percentage changes",Actual,Total,Percentage change from same period previous year,,
ECTM.S19A9AC,2020.05,-13.1,,F,Percent,0,Electronic Card Transactions (ANZSIC06) - ECT,"Totals - Electronic card transactions by division, percentage changes",Actual,Total,Percentage change from same period previous year,,
ECTM.S19A9AC,2020.06,4.3,,F,Percent,0,Electronic Card Transactions (ANZSIC06) - ECT,"Totals - Electronic card transactions by division, percentage changes",Actual,Total,Percentage change from same period previous year,,
ECTM.S19A9AC,2020.07,6.2,,F,Percent,0,Electronic Card Transactions (ANZSIC06) - ECT,"Totals - Electronic card transactions by division, percentage changes",Actual,Total,Percentage change from same period previous year,,
ECTM.S19A9AC,2020.08,-5.4,,F,Percent,0,Electronic Card Transactions (ANZSIC06) - ECT,"Totals - Electronic card transactions by division, percentage changes",Actual,Total,Percentage change from same period previous year,,
ECTM.S19A9AC,2020.09,5.7,,F,Percent,0,Electronic Card Transactions (ANZSIC06) - ECT,"Totals - Electronic card transactions by division, percentage changes",Actual,Total,Percentage change from same period previous year,,
ECTM.S19A9AC,2020.10,3.6,,F,Percent,0,Electronic Card Transactions (ANZSIC06) - ECT,"Totals - Electronic card transactions by division, percentage changes",Actual,Total,Percentage change from same period previous year,,
ECTM.S19A9AC,2020.11,0.1,,F,Percent,0,Electronic Card Transactions (ANZSIC06) - ECT,"Totals - Electronic card transactions by division, percentage changes",Actual,Total,Percentage change from same period previous year,,
ECTM.S19A9AC,2020.12,2.3,,F,Percent,0,Electronic Card Transactions (ANZSIC06) - ECT,"Totals - Electronic card transactions by division, percentage changes",Actual,Total,Percentage change from same period previous year,,
ECTM.S19A9AC,2021.01,-2,,F,Percent,0,Electronic Card Transactions (ANZSIC06) - ECT,"Totals - Electronic card transactions by division, percentage changes",Actual,Total,Percentage change from same period previous year,,
ECTM.S19A9AC,2021.02,-7.9,,F,Percent,0,Electronic Card Transactions (ANZSIC06) - ECT,"Totals - Electronic card transactions by division, percentage changes",Actual,Total,Percentage change from same period previous year,,
ECTM.S19A9AC,2021.03,9,,F,Percent,0,Electronic Card Transactions (ANZSIC06) - ECT,"Totals - Electronic card transactions by division, percentage changes",Actual,Total,Percentage change from same period previous year,,
ECTM.S19A9AC,2021.04,117.9,,F,Percent,0,Electronic Card Transactions (ANZSIC06) - ECT,"Totals - Electronic card transactions by division, percentage changes",Actual,Total,Percentage change from same period previous year,,
ECTM.S19A9AC,2021.05,23.6,,F,Percent,0,Electronic Card Transactions (ANZSIC06) - ECT,"Totals - Electronic card transactions by division, percentage changes",Actual,Total,Percentage change from same period previous year,,
ECTM.S19A9AC,2021.06,6.8,,F,Percent,0,Electronic Card Transactions (ANZSIC06) - ECT,"Totals - Electronic card transactions by division, percentage changes",Actual,Total,Percentage change from same period previous year,,
ECTM.S19A9AC,2021.07,6.2,,F,Percent,0,Electronic Card Transactions (ANZSIC06) - ECT,"Totals - Electronic card transactions by division, percentage changes",Actual,Total,Percentage change from same period previous year,,
ECTM.S19A9AC,2021.08,-11.3,,F,Percent,0,Electronic Card Transactions (ANZSIC06) - ECT,"Totals - Electronic card transactions by division, percentage changes",Actual,Total,Percentage change from same period previous year,,
ECTM.S19A9AC,2021.09,-16.7,,F,Percent,0,Electronic Card Transactions (ANZSIC06) - ECT,"Totals - Electronic card transactions by division, percentage changes",Actual,Total,Percentage change from same period previous year,,
ECTM.S19A9AC,2021.10,-8.3,,F,Percent,0,Electronic Card Transactions (ANZSIC06) - ECT,"Totals - Electronic card transactions by division, percentage changes",Actual,Total,Percentage change from same period previous year,,
ECTM.S19A9AC,2021.11,1.3,,F,Percent,0,Electronic Card Transactions (ANZSIC06) - ECT,"Totals - Electronic card transactions by division, percentage changes",Actual,Total,Percentage change from same period previous year,,
ECTM.S19A9AC,2021.12,4.1,,F,Percent,0,Electronic Card Transactions (ANZSIC06) - ECT,"Totals - Electronic card transactions by division, percentage changes",Actual,Total,Percentage change from same period previous year,,
ECTM.S19A9AC,2022.01,4.9,,F,Percent,0,Electronic Card Transactions (ANZSIC06) - ECT,"Totals - Electronic card transactions by division, percentage changes",Actual,Total,Percentage change from same period previous year,,
ECTM.S19A9AC,2022.02,1.4,,F,Percent,0,Electronic Card Transactions (ANZSIC06) - ECT,"Totals - Electronic card transactions by division, percentage changes",Actual,Total,Percentage change from same period previous year,,
ECTM.S19A9AC,2022.03,1.4,,F,Percent,0,Electronic Card Transactions (ANZSIC06) - ECT,"Totals - Electronic card transactions by division, percentage changes",Actual,Total,Percentage change from same period previous year,,
ECTM.S19A9AC,2022.04,3.2,,F,Percent,0,Electronic Card Transactions (ANZSIC06) - ECT,"Totals - Electronic card transactions by division, percentage changes",Actual,Total,Percentage change from same period previous year,,
ECTM.S19A9AC,2022.05,3.3,,F,Percent,0,Electronic Card Transactions (ANZSIC06) - ECT,"Totals - Electronic card transactions by division, percentage changes",Actual,Total,Percentage change from same period previous year,,
ECTM.S19A9AC,2022.06,3.1,,F,Percent,0,Electronic Card Transactions (ANZSIC06) - ECT,"Totals - Electronic card transactions by division, percentage changes",Actual,Total,Percentage change from same period previous year,,
ECTM.S19A9AC,2022.07,1,,F,Percent,0,Electronic Card Transactions (ANZSIC06) - ECT,"Totals - Electronic card transactions by division, percentage changes",Actual,Total,Percentage change from same period previous year,,
ECTM.S19A9AC,2022.08,33.4,,F,Percent,0,Electronic Card Transactions (ANZSIC06) - ECT,"Totals - Electronic card transactions by division, percentage changes",Actual,Total,Percentage change from same period previous year,,
ECTM.S19A9AC,2022.09,33.6,,F,Percent,0,Electronic Card Transactions (ANZSIC06) - ECT,"Totals - Electronic card transactions by division, percentage changes",Actual,Total,Percentage change from same period previous year,,
ECTM.S19A9AC,2022.10,21.3,,F,Percent,0,Electronic Card Transactions (ANZSIC06) - ECT,"Totals - Electronic card transactions by division, percentage changes",Actual,Total,Percentage change from same period previous year,,
ECTM.S19A9AC,2022.11,12.1,,F,Percent,0,Electronic Card Transactions (ANZSIC06) - ECT,"Totals - Electronic card transactions by division, percentage changes",Actual,Total,Percentage change from same period previous year,,
ECTM.S19A9AC,2022.12,7.7,,F,Percent,0,Electronic Card Transactions (ANZSIC06) - ECT,"Totals - Electronic card transactions by division, percentage changes",Actual,Total,Percentage change from same period previous year,,
ECTM.S19A9AC,2023.01,8.9,,F,Percent,0,Electronic Card Transactions (ANZSIC06) - ECT,"Totals - Electronic card transactions by division, percentage changes",Actual,Total,Percentage change from same period previous year,,
ECTM.S19A9AC,2023.02,16.7,,F,Percent,0,Electronic Card Transactions (ANZSIC06) - ECT,"Totals - Electronic card transactions by division, percentage changes",Actual,Total,Percentage change from same period previous year,,
ECTM.S19A9AC,2023.03,19,,F,Percent,0,Electronic Card Transactions (ANZSIC06) - ECT,"Totals - Electronic card transactions by division, percentage changes",Actual,Total,Percentage change from same period previous year,,
ECTM.S19A9AC,2023.04,9.1,,F,Percent,0,Electronic Card Transactions (ANZSIC06) - ECT,"Totals - Electronic card transactions by division, percentage changes",Actual,Total,Percentage change from same period previous year,,
ECTM.S19A9AC,2023.05,6.6,,F,Percent,0,Electronic Card Transactions (ANZSIC06) - ECT,"Totals - Electronic card transactions by division, percentage changes",Actual,Total,Percentage change from same period previous year,,
ECTM.S19A9AC,2023.06,9.1,,F,Percent,0,Electronic Card Transactions (ANZSIC06) - ECT,"Totals - Electronic card transactions by division, percentage changes",Actual,Total,Percentage change from same period previous year,,
ECTM.S19A9AC,2023.07,5.7,,F,Percent,0,Electronic Card Transactions (ANZSIC06) - ECT,"Totals - Electronic card transactions by division, percentage changes",Actual,Total,Percentage change from same period previous year,,
ECTM.S19A9AC,2023.08,7.5,,F,Percent,0,Electronic Card Transactions (ANZSIC06) - ECT,"Totals - Electronic card transactions by division, percentage changes",Actual,Total,Percentage change from same period previous year,,
ECTM.S19A9AC,2023.09,3.9,,F,Percent,0,Electronic Card Transactions (ANZSIC06) - ECT,"Totals - Electronic card transactions by division, percentage changes",Actual,Total,Percentage change from same period previous year,,
ECTM.S19A9AC,2023.10,1.6,,F,Percent,0,Electronic Card Transactions (ANZSIC06) - ECT,"Totals - Electronic card transactions by division, percentage changes",Actual,Total,Percentage change from same period previous year,,
ECTM.S19A9AC,2023.11,5.2,,F,Percent,0,Electronic Card Transactions (ANZSIC06) - ECT,"Totals - Electronic card transactions by division, percentage changes",Actual,Total,Percentage change from same period previous year,,
ECTM.S19A9AC,2023.12,2.7,,F,Percent,0,Electronic Card Transactions (ANZSIC06) - ECT,"Totals - Electronic card transactions by division, percentage changes",Actual,Total,Percentage change from same period previous year,,
ECTM.S19A9AC,2024.01,5.3,,F,Percent,0,Electronic Card Transactions (ANZSIC06) - ECT,"Totals - Electronic card transactions by division, percentage changes",Actual,Total,Percentage change from same period previous year,,
ECTM.S19A9AC,2024.02,6.9,,F,Percent,0,Electronic Card Transactions (ANZSIC06) - ECT,"Totals - Electronic card transactions by division, percentage changes",Actual,Total,Percentage change from same period previous year,,
ECTM.S19A9AC,2024.03,-1,,F,Percent,0,Electronic Card Transactions (ANZSIC06) - ECT,"Totals - Electronic card transactions by division, percentage changes",Actual,Total,Percentage change from same period previous year,,
ECTM.S19A9AC,2024.04,1.2,,F,Percent,0,Electronic Card Transactions (ANZSIC06) - ECT,"Totals - Electronic card transactions by division, percentage changes",Actual,Total,Percentage change from same period previous year,,
ECTM.S19A9AC,2024.05,1.6,,F,Percent,0,Electronic Card Transactions (ANZSIC06) - ECT,"Totals - Electronic card transactions by division, percentage changes",Actual,Total,Percentage change from same period previous year,,
ECTM.S19A9AC,2024.06,-3.8,,F,Percent,0,Electronic Card Transactions (ANZSIC06) - ECT,"Totals - Electronic card transactions by division, percentage changes",Actual,Total,Percentage change from same period previous year,,
ECTM.S19A9AC,2024.07,0,,F,Percent,0,Electronic Card Transactions (ANZSIC06) - ECT,"Totals - Electronic card transactions by division, percentage changes",Actual,Total,Percentage change from same period previous year,,
ECTM.S19A9AC,2024.08,-0.7,,F,Percent,0,Electronic Card Transactions (ANZSIC06) - ECT,"Totals - Electronic card transactions by division, percentage changes",Actual,Total,Percentage change from same period previous year,,
ECTM.S19A9AC,2024.09,-2.3,,F,Percent,0,Electronic Card Transactions (ANZSIC06) - ECT,"Totals - Electronic card transactions by division, percentage changes",Actual,Total,Percentage change from same period previous year,,
ECTM.S19A9AC,2024.10,1.8,,F,Percent,0,Electronic Card Transactions (ANZSIC06) - ECT,"Totals - Electronic card transactions by division, percentage changes",Actual,Total,Percentage change from same period previous year,,
ECTM.S19A9AC,2024.11,-1,,F,Percent,0,Electronic Card Transactions (ANZSIC06) - ECT,"Totals - Electronic card transactions by division, percentage changes",Actual,Total,Percentage change from same period previous year,,
ECTM.S19A9AC,2024.12,0.9,,F,Percent,0,Electronic Card Transactions (ANZSIC06) - ECT,"Totals - Electronic card transactions by division, percentage changes",Actual,Total,Percentage change from same period previous year,,
ECTM.S19A9AC,2025.01,1.8,,F,Percent,0,Electronic Card Transactions (ANZSIC06) - ECT,"Totals - Electronic card transactions by division, percentage changes",Actual,Total,Percentage change from same period previous year,,
ECTM.S19A9AC,2025.02,-2.6,,F,Percent,0,Electronic Card Transactions (ANZSIC06) - ECT,"Totals - Electronic card transactions by division, percentage changes",Actual,Total,Percentage change from same period previous year,,
ECTM.S19A9AC,2025.03,-2.9,,F,Percent,0,Electronic Card Transactions (ANZSIC06) - ECT,"Totals - Electronic card transactions by division, percentage changes",Actual,Total,Percentage change from same period previous year,,
ECTM.S19A9AC,2025.04,-2.9,,F,Percent,0,Electronic Card Transactions (ANZSIC06) - ECT,"Totals - Electronic card transactions by division, percentage changes",Actual,Total,Percentage change from same period previous year,,
ECTM.S19A9AC,2025.05,-1.9,,F,Percent,0,Electronic Card Transactions (ANZSIC06) - ECT,"Totals - Electronic card transactions by division, percentage changes",Actual,Total,Percentage change from same period previous year,,
ECTM.S19A9AC,2025.06,-1.7,,F,Percent,0,Electronic Card Transactions (ANZSIC06) - ECT,"Totals - Electronic card transactions by division, percentage changes",Actual,Total,Percentage change from same period previous year,,
ECTM.S19A9AC,2025.07,-0.6,,F,Percent,0,Electronic Card Transactions (ANZSIC06) - ECT,"Totals - Electronic card transactions by division, percentage changes",Actual,Total,Percentage change from same period previous year,,
ECTM.S19A9AC,2025.08,-1.7,,F,Percent,0,Electronic Card Transactions (ANZSIC06) - ECT,"Totals - Electronic card transactions by division, percentage changes",Actual,Total,Percentage change from same period previous year,,
ECTM.S19A9AC,2025.09,-0.6,,F,Percent,0,Electronic Card Transactions (ANZSIC06) - ECT,"Totals - Electronic card transactions by division, percentage changes",Actual,Total,Percentage change from same period previous year,,
ECTM.S19A9AC,2025.10,-1.1,,F,Percent,0,Electronic Card Transactions (ANZSIC06) - ECT,"Totals - Electronic card transactions by division, percentage changes",Actual,Total,Percentage change from same period previous year,,
ECTM.S19A9AC,2025.11,0.2,,F,Percent,0,Electronic Card Transactions (ANZSIC06) - ECT,"Totals - Electronic card transactions by division, percentage changes",Actual,Total,Percentage change from same period previous year,,
ECTM.S19A9AC,2025.12,-0.6,,F,Percent,0,Electronic Card Transactions (ANZSIC06) - ECT,"Totals - Electronic card transactions by division, percentage changes",Actual,Total,Percentage change from same period previous year,,
ECTM.S19A9AC,2026.01,-1.8,,F,Percent,0,Electronic Card Transactions (ANZSIC06) - ECT,"Totals - Electronic card transactions by division, percentage changes",Actual,Total,Percentage change from same period previous year,,
ECTM.S19A9AC,2026.02,-0.1,,F,Percent,0,Electronic Card Transactions (ANZSIC06) - ECT,"Totals - Electronic card transactions by division, percentage changes",Actual,Total,Percentage change from same period previous year,,
ECTM.S19A9AC,2026.03,4.1,,F,Percent,0,Electronic Card Transactions (ANZSIC06) - ECT,"Totals - Electronic card transactions by division, percentage changes",Actual,Total,Percentage change from same period previous year,,
ECTM.S19A9AC,2026.04,1.7,,F,Percent,0,Electronic Card Transactions (ANZSIC06) - ECT,"Totals - Electronic card transactions by division, percentage changes",Actual,Total,Percentage change from same period previous year,,
ECTM.S19A9AC,2026.05,2.6,,F,Percent,0,Electronic Card Transactions (ANZSIC06) - ECT,"Totals - Electronic card transactions by division, percentage changes",Actual,Total,Percentage change from same period previous year,,
ECTM.S19A9AC,2026.06,2.4,,F,Percent,0,Electronic Card Transactions (ANZSIC06) - ECT,"Totals - Electronic card transactions by division, percentage changes",Actual,Total,Percentage change from same period previous year,,
ECTM.S19AW,2000.01,,,C,Dollars,6,Electronic Card Transactions (ANZSIC06) - ECT,Total values - Electronic card transactions A/S/T by division,Actual,Credit,,,
ECTM.S19AW,2000.02,,,C,Dollars,6,Electronic Card Transactions (ANZSIC06) - ECT,Total values - Electronic card transactions A/S/T by division,Actual,Credit,,,
ECTM.S19AW,2000.03,,,C,Dollars,6,Electronic Card Transactions (ANZSIC06) - ECT,Total values - Electronic card transactions A/S/T by division,Actual,Credit,,,
ECTM.S19AW,2000.04,,,C,Dollars,6,Electronic Card Transactions (ANZSIC06) - ECT,Total values - Electronic card transactions A/S/T by division,Actual,Credit,,,
ECTM.S19AW,2000.05,,,C,Dollars,6,Electronic Card Transactions (ANZSIC06) - ECT,Total values - Electronic card transactions A/S/T by division,Actual,Credit,,,
ECTM.S19AW,2000.06,,,C,Dollars,6,Electronic Card Transactions (ANZSIC06) - ECT,Total values - Electronic card transactions A/S/T by division,Actual,Credit,,,
ECTM.S19AW,2000.07,,,C,Dollars,6,Electronic Card Transactions (ANZSIC06) - ECT,Total values - Electronic card transactions A/S/T by division,Actual,Credit,,,
ECTM.S19AW,2000.08,,,C,Dollars,6,Electronic Card Transactions (ANZSIC06) - ECT,Total values - Electronic card transactions A/S/T by division,Actual,Credit,,,
ECTM.S19AW,2000.09,,,C,Dollars,6,Electronic Card Transactions (ANZSIC06) - ECT,Total values - Electronic card transactions A/S/T by division,Actual,Credit,,,
ECTM.S19AW,2000.10,,,C,Dollars,6,Electronic Card Transactions (ANZSIC06) - ECT,Total values - Electronic card transactions A/S/T by division,Actual,Credit,,,
ECTM.S19AW,2000.11,,,C,Dollars,6,Electronic Card Transactions (ANZSIC06) - ECT,Total values - Electronic card transactions A/S/T by division,Actual,Credit,,,
ECTM.S19AW,2000.12,,,C,Dollars,6,Electronic Card Transactions (ANZSIC06) - ECT,Total values - Electronic card transactions A/S/T by division,Actual,Credit,,,
ECTM.S19AW,2001.01,,,C,Dollars,6,Electronic Card Transactions (ANZSIC06) - ECT,Total values - Electronic card transactions A/S/T by division,Actual,Credit,,,
ECTM.S19AW,2001.02,,,C,Dollars,6,Electronic Card Transactions (ANZSIC06) - ECT,Total values - Electronic card transactions A/S/T by division,Actual,Credit,,,
ECTM.S19AW,2001.03,,,C,Dollars,6,Electronic Card Transactions (ANZSIC06) - ECT,Total values - Electronic card transactions A/S/T by division,Actual,Credit,,,
ECTM.S19AW,2001.04,,,C,Dollars,6,Electronic Card Transactions (ANZSIC06) - ECT,Total values - Electronic card transactions A/S/T by division,Actual,Credit,,,
ECTM.S19AW,2001.05,,,C,Dollars,6,Electronic Card Transactions (ANZSIC06) - ECT,Total values - Electronic card transactions A/S/T by division,Actual,Credit,,,
ECTM.S19AW,2001.06,,,C,Dollars,6,Electronic Card Transactions (ANZSIC06) - ECT,Total values - Electronic card transactions A/S/T by division,Actual,Credit,,,
ECTM.S19AW,2001.07,,,C,Dollars,6,Electronic Card Transactions (ANZSIC06) - ECT,Total values - Electronic card transactions A/S/T by division,Actual,Credit,,,
ECTM.S19AW,2001.08,,,C,Dollars,6,Electronic Card Transactions (ANZSIC06) - ECT,Total values - Electronic card transactions A/S/T by division,Actual,Credit,,,
ECTM.S19AW,2001.09,,,C,Dollars,6,Electronic Card Transactions (ANZSIC06) - ECT,Total values - Electronic card transactions A/S/T by division,Actual,Credit,,,
ECTM.S19AW,2001.10,,,C,Dollars,6,Electronic Card Transactions (ANZSIC06) - ECT,Total values - Electronic card transactions A/S/T by division,Actual,Credit,,,
ECTM.S19AW,2001.11,,,C,Dollars,6,Electronic Card Transactions (ANZSIC06) - ECT,Total values - Electronic card transactions A/S/T by division,Actual,Credit,,,
ECTM.S19AW,2001.12,,,C,Dollars,6,Electronic Card Transactions (ANZSIC06) - ECT,Total values - Electronic card transactions A/S/T by division,Actual,Credit,,,
ECTM.S19AW,2002.01,,,C,Dollars,6,Electronic Card Transactions (ANZSIC06) - ECT,Total values - Electronic card transactions A/S/T by division,Actual,Credit,,,
ECTM.S19AW,2002.02,,,C,Dollars,6,Electronic Card Transactions (ANZSIC06) - ECT,Total values - Electronic card transactions A/S/T by division,Actual,Credit,,,
ECTM.S19AW,2002.03,,,C,Dollars,6,Electronic Card Transactions (ANZSIC06) - ECT,Total values - Electronic card transactions A/S/T by division,Actual,Credit,,,
ECTM.S19AW,2002.04,,,C,Dollars,6,Electronic Card Transactions (ANZSIC06) - ECT,Total values - Electronic card transactions A/S/T by division,Actual,Credit,,,
ECTM.S19AW,2002.05,,,C,Dollars,6,Electronic Card Transactions (ANZSIC06) - ECT,Total values - Electronic card transactions A/S/T by division,Actual,Credit,,,
ECTM.S19AW,2002.06,,,C,Dollars,6,Electronic Card Transactions (ANZSIC06) - ECT,Total values - Electronic card transactions A/S/T by division,Actual,Credit,,,
ECTM.S19AW,2002.07,,,C,Dollars,6,Electronic Card Transactions (ANZSIC06) - ECT,Total values - Electronic card transactions A/S/T by division,Actual,Credit,,,
ECTM.S19AW,2002.08,,,C,Dollars,6,Electronic Card Transactions (ANZSIC06) - ECT,Total values - Electronic card transactions A/S/T by division,Actual,Credit,,,
ECTM.S19AW,2002.09,,,C,Dollars,6,Electronic Card Transactions (ANZSIC06) - ECT,Total values - Electronic card transactions A/S/T by division,Actual,Credit,,,
ECTM.S19AW,2002.10,1204.4,,F,Dollars,6,Electronic Card Transactions (ANZSIC06) - ECT,Total values - Electronic card transactions A/S/T by division,Actual,Credit,,,
ECTM.S19AW,2002.11,1291.3,,F,Dollars,6,Electronic Card Transactions (ANZSIC06) - ECT,Total values - Electronic card transactions A/S/T by division,Actual,Credit,,,
ECTM.S19AW,2002.12,1587.8,,F,Dollars,6,Electronic Card Transactions (ANZSIC06) - ECT,Total values - Electronic card transactions A/S/T by division,Actual,Credit,,,
ECTM.S19AW,2003.01,1275.4,,F,Dollars,6,Electronic Card Transactions (ANZSIC06) - ECT,Total values - Electronic card transactions A/S/T by division,Actual,Credit,,,
ECTM.S19AW,2003.02,1246.5,,F,Dollars,6,Electronic Card Transactions (ANZSIC06) - ECT,Total values - Electronic card transactions A/S/T by division,Actual,Credit,,,
ECTM.S19AW,2003.03,1326,,F,Dollars,6,Electronic Card Transactions (ANZSIC06) - ECT,Total values - Electronic card transactions A/S/T by division,Actual,Credit,,,
ECTM.S19AW,2003.04,1215.2,,F,Dollars,6,Electronic Card Transactions (ANZSIC06) - ECT,Total values - Electronic card transactions A/S/T by division,Actual,Credit,,,
ECTM.S19AW,2003.05,1236.9,,F,Dollars,6,Electronic Card Transactions (ANZSIC06) - ECT,Total values - Electronic card transactions A/S/T by division,Actual,Credit,,,
ECTM.S19AW,2003.06,1144.4,,F,Dollars,6,Electronic Card Transactions (ANZSIC06) - ECT,Total values - Electronic card transactions A/S/T by division,Actual,Credit,,,
ECTM.S19AW,2003.07,1270.9,,F,Dollars,6,Electronic Card Transactions (ANZSIC06) - ECT,Total values - Electronic card transactions A/S/T by division,Actual,Credit,,,
ECTM.S19AW,2003.08,1243,,F,Dollars,6,Electronic Card Transactions (ANZSIC06) - ECT,Total values - Electronic card transactions A/S/T by division,Actual,Credit,,,
ECTM.S19AW,2003.09,1238.7,,F,Dollars,6,Electronic Card Transactions (ANZSIC06) - ECT,Total values - Electronic card transactions A/S/T by division,Actual,Credit,,,
ECTM.S19AW,2003.10,1334.8,,F,Dollars,6,Electronic Card Transactions (ANZSIC06) - ECT,Total values - Electronic card transactions A/S/T by division,Actual,Credit,,,
ECTM.S19AW,2003.11,1429.8,,F,Dollars,6,Electronic Card Transactions (ANZSIC06) - ECT,Total values - Electronic card transactions A/S/T by division,Actual,Credit,,,
ECTM.S19AW,2003.12,1797,,F,Dollars,6,Electronic Card Transactions (ANZSIC06) - ECT,Total values - Electronic card transactions A/S/T by division,Actual,Credit,,,
ECTM.S19AW,2004.01,1434.4,,F,Dollars,6,Electronic Card Transactions (ANZSIC06) - ECT,Total values - Electronic card transactions A/S/T by division,Actual,Credit,,,
ECTM.S19AW,2004.02,1414.9,,F,Dollars,6,Electronic Card Transactions (ANZSIC06) - ECT,Total values - Electronic card transactions A/S/T by division,Actual,Credit,,,
ECTM.S19AW,2004.03,1547.6,,F,Dollars,6,Electronic Card Transactions (ANZSIC06) - ECT,Total values - Electronic card transactions A/S/T by division,Actual,Credit,,,
ECTM.S19AW,2004.04,1437.6,,F,Dollars,6,Electronic Card Transactions (ANZSIC06) - ECT,Total values - Electronic card transactions A/S/T by division,Actual,Credit,,,
ECTM.S19AW,2004.05,1417.6,,F,Dollars,6,Electronic Card Transactions (ANZSIC06) - ECT,Total values - Electronic card transactions A/S/T by division,Actual,Credit,,,
ECTM.S19AW,2004.06,1357,,F,Dollars,6,Electronic Card Transactions (ANZSIC06) - ECT,Total values - Electronic card transactions A/S/T by division,Actual,Credit,,,
ECTM.S19AW,2004.07,1470.4,,F,Dollars,6,Electronic Card Transactions (ANZSIC06) - ECT,Total values - Electronic card transactions A/S/T by division,Actual,Credit,,,
ECTM.S19AW,2004.08,1438.5,,F,Dollars,6,Electronic Card Transactions (ANZSIC06) - ECT,Total values - Electronic card transactions A/S/T by division,Actual,Credit,,,
ECTM.S19AW,2004.09,1429.9,,F,Dollars,6,Electronic Card Transactions (ANZSIC06) - ECT,Total values - Electronic card transactions A/S/T by division,Actual,Credit,,,
ECTM.S19AW,2004.10,1513.8,,F,Dollars,6,Electronic Card Transactions (ANZSIC06) - ECT,Total values - Electronic card transactions A/S/T by division,Actual,Credit,,,
ECTM.S19AW,2004.11,1640.9,,F,Dollars,6,Electronic Card Transactions (ANZSIC06) - ECT,Total values - Electronic card transactions A/S/T by division,Actual,Credit,,,
ECTM.S19AW,2004.12,1967.8,,F,Dollars,6,Electronic Card Transactions (ANZSIC06) - ECT,Total values - Electronic card transactions A/S/T by division,Actual,Credit,,,
ECTM.S19AW,2005.01,1551.9,,F,Dollars,6,Electronic Card Transactions (ANZSIC06) - ECT,Total values - Electronic card transactions A/S/T by division,Actual,Credit,,,
ECTM.S19AW,2005.02,1565.5,,F,Dollars,6,Electronic Card Transactions (ANZSIC06) - ECT,Total values - Electronic card transactions A/S/T by division,Actual,Credit,,,
ECTM.S19AW,2005.03,1690.4,,F,Dollars,6,Electronic Card Transactions (ANZSIC06) - ECT,Total values - Electronic card transactions A/S/T by division,Actual,Credit,,,
ECTM.S19AW,2005.04,1575.6,,F,Dollars,6,Electronic Card Transactions (ANZSIC06) - ECT,Total values - Electronic card transactions A/S/T by division,Actual,Credit,,,
ECTM.S19AW,2005.05,1529.3,,F,Dollars,6,Electronic Card Transactions (ANZSIC06) - ECT,Total values - Electronic card transactions A/S/T by division,Actual,Credit,,,
ECTM.S19AW,2005.06,1490.4,,F,Dollars,6,Electronic Card Transactions (ANZSIC06) - ECT,Total values - Electronic card transactions A/S/T by division,Actual,Credit,,,
ECTM.S19AW,2005.07,1604.4,,F,Dollars,6,Electronic Card Transactions (ANZSIC06) - ECT,Total values - Electronic card transactions A/S/T by division,Actual,Credit,,,
ECTM.S19AW,2005.08,1589.3,,F,Dollars,6,Electronic Card Transactions (ANZSIC06) - ECT,Total values - Electronic card transactions A/S/T by division,Actual,Credit,,,
ECTM.S19AW,2005.09,1578.6,,F,Dollars,6,Electronic Card Transactions (ANZSIC06) - ECT,Total values - Electronic card transactions A/S/T by division,Actual,Credit,,,
ECTM.S19AW,2005.10,1656.4,,F,Dollars,6,Electronic Card Transactions (ANZSIC06) - ECT,Total values - Electronic card transactions A/S/T by division,Actual,Credit,,,
ECTM.S19AW,2005.11,1773,,F,Dollars,6,Electronic Card Transactions (ANZSIC06) - ECT,Total values - Electronic card transactions A/S/T by division,Actual,Credit,,,
ECTM.S19AW,2005.12,2114.1,,F,Dollars,6,Electronic Card Transactions (ANZSIC06) - ECT,Total values - Electronic card transactions A/S/T by division,Actual,Credit,,,
ECTM.S19AW,2006.01,1694.8,,F,Dollars,6,Electronic Card Transactions (ANZSIC06) - ECT,Total values - Electronic card transactions A/S/T by division,Actual,Credit,,,
ECTM.S19AW,2006.02,1703.7,,F,Dollars,6,Electronic Card Transactions (ANZSIC06) - ECT,Total values - Electronic card transactions A/S/T by division,Actual,Credit,,,
ECTM.S19AW,2006.03,1901.1,,F,Dollars,6,Electronic Card Transactions (ANZSIC06) - ECT,Total values - Electronic card transactions A/S/T by division,Actual,Credit,,,
ECTM.S19AW,2006.04,1692.9,,F,Dollars,6,Electronic Card Transactions (ANZSIC06) - ECT,Total values - Electronic card transactions A/S/T by division,Actual,Credit,,,
ECTM.S19AW,2006.05,1757.3,,F,Dollars,6,Electronic Card Transactions (ANZSIC06) - ECT,Total values - Electronic card transactions A/S/T by division,Actual,Credit,,,
ECTM.S19AW,2006.06,1664.8,,F,Dollars,6,Electronic Card Transactions (ANZSIC06) - ECT,Total values - Electronic card transactions A/S/T by division,Actual,Credit,,,
ECTM.S19AW,2006.07,1750.5,,F,Dollars,6,Electronic Card Transactions (ANZSIC06) - ECT,Total values - Electronic card transactions A/S/T by division,Actual,Credit,,,
ECTM.S19AW,2006.08,1760.8,,F,Dollars,6,Electronic Card Transactions (ANZSIC06) - ECT,Total values - Electronic card transactions A/S/T by division,Actual,Credit,,,
ECTM.S19AW,2006.09,1717.2,,F,Dollars,6,Electronic Card Transactions (ANZSIC06) - ECT,Total values - Electronic card transactions A/S/T by division,Actual,Credit,,,
ECTM.S19AW,2006.10,1819.8,,F,Dollars,6,Electronic Card Transactions (ANZSIC06) - ECT,Total values - Electronic card transactions A/S/T by division,Actual,Credit,,,
ECTM.S19AW,2006.11,1962.1,,F,Dollars,6,Electronic Card Transactions (ANZSIC06) - ECT,Total values - Electronic card transactions A/S/T by division,Actual,Credit,,,
ECTM.S19AW,2006.12,2337.1,,F,Dollars,6,Electronic Card Transactions (ANZSIC06) - ECT,Total values - Electronic card transactions A/S/T by division,Actual,Credit,,,
ECTM.S19AW,2007.01,1876.6,,F,Dollars,6,Electronic Card Transactions (ANZSIC06) - ECT,Total values - Electronic card transactions A/S/T by division,Actual,Credit,,,
ECTM.S19AW,2007.02,1867.5,,F,Dollars,6,Electronic Card Transactions (ANZSIC06) - ECT,Total values - Electronic card transactions A/S/T by division,Actual,Credit,,,
ECTM.S19AW,2007.03,2065.6,,F,Dollars,6,Electronic Card Transactions (ANZSIC06) - ECT,Total values - Electronic card transactions A/S/T by division,Actual,Credit,,,
ECTM.S19AW,2007.04,1823.6,,F,Dollars,6,Electronic Card Transactions (ANZSIC06) - ECT,Total values - Electronic card transactions A/S/T by division,Actual,Credit,,,
ECTM.S19AW,2007.05,1871.4,,F,Dollars,6,Electronic Card Transactions (ANZSIC06) - ECT,Total values - Electronic card transactions A/S/T by division,Actual,Credit,,,
ECTM.S19AW,2007.06,1787.8,,F,Dollars,6,Electronic Card Transactions (ANZSIC06) - ECT,Total values - Electronic card transactions A/S/T by division,Actual,Credit,,,
ECTM.S19AW,2007.07,1881,,F,Dollars,6,Electronic Card Transactions (ANZSIC06) - ECT,Total values - Electronic card transactions A/S/T by division,Actual,Credit,,,
ECTM.S19AW,2007.08,1894.7,,F,Dollars,6,Electronic Card Transactions (ANZSIC06) - ECT,Total values - Electronic card transactions A/S/T by division,Actual,Credit,,,
ECTM.S19AW,2007.09,1853.5,,F,Dollars,6,Electronic Card Transactions (ANZSIC06) - ECT,Total values - Electronic card transactions A/S/T by division,Actual,Credit,,,
ECTM.S19AW,2007.10,1972.6,,F,Dollars,6,Electronic Card Transactions (ANZSIC06) - ECT,Total values - Electronic card transactions A/S/T by division,Actual,Credit,,,
ECTM.S19AW,2007.11,2156.3,,F,Dollars,6,Electronic Card Transactions (ANZSIC06) - ECT,Total values - Electronic card transactions A/S/T by division,Actual,Credit,,,
ECTM.S19AW,2007.12,2507.8,,F,Dollars,6,Electronic Card Transactions (ANZSIC06) - ECT,Total values - Electronic card transactions A/S/T by division,Actual,Credit,,,
ECTM.S19AW,2008.01,2034.6,,F,Dollars,6,Electronic Card Transactions (ANZSIC06) - ECT,Total values - Electronic card transactions A/S/T by division,Actual,Credit,,,
ECTM.S19AW,2008.02,2074.5,,F,Dollars,6,Electronic Card Transactions (ANZSIC06) - ECT,Total values - Electronic card transactions A/S/T by division,Actual,Credit,,,
ECTM.S19AW,2008.03,2124.5,,F,Dollars,6,Electronic Card Transactions (ANZSIC06) - ECT,Total values - Electronic card transactions A/S/T by division,Actual,Credit,,,
ECTM.S19AW,2008.04,1979.6,,F,Dollars,6,Electronic Card Transactions (ANZSIC06) - ECT,Total values - Electronic card transactions A/S/T by division,Actual,Credit,,,
ECTM.S19AW,2008.05,2016.7,,F,Dollars,6,Electronic Card Transactions (ANZSIC06) - ECT,Total values - Electronic card transactions A/S/T by division,Actual,Credit,,,
ECTM.S19AW,2008.06,1864.1,,F,Dollars,6,Electronic Card Transactions (ANZSIC06) - ECT,Total values - Electronic card transactions A/S/T by division,Actual,Credit,,,
ECTM.S19AW,2008.07,2016.8,,F,Dollars,6,Electronic Card Transactions (ANZSIC06) - ECT,Total values - Electronic card transactions A/S/T by division,Actual,Credit,,,
ECTM.S19AW,2008.08,1969.5,,F,Dollars,6,Electronic Card Transactions (ANZSIC06) - ECT,Total values - Electronic card transactions A/S/T by division,Actual,Credit,,,
ECTM.S19AW,2008.09,1958.4,,F,Dollars,6,Electronic Card Transactions (ANZSIC06) - ECT,Total values - Electronic card transactions A/S/T by division,Actual,Credit,,,
ECTM.S19AW,2008.10,2053.3,,F,Dollars,6,Electronic Card Transactions (ANZSIC06) - ECT,Total values - Electronic card transactions A/S/T by division,Actual,Credit,,,
ECTM.S19AW,2008.11,2072.4,,F,Dollars,6,Electronic Card Transactions (ANZSIC06) - ECT,Total values - Electronic card transactions A/S/T by division,Actual,Credit,,,
ECTM.S19AW,2008.12,2461.2,,F,Dollars,6,Electronic Card Transactions (ANZSIC06) - ECT,Total values - Electronic card transactions A/S/T by division,Actual,Credit,,,
ECTM.S19AW,2009.01,1965.8,,F,Dollars,6,Electronic Card Transactions (ANZSIC06) - ECT,Total values - Electronic card transactions A/S/T by division,Actual,Credit,,,
ECTM.S19AW,2009.02,1940.4,,F,Dollars,6,Electronic Card Transactions (ANZSIC06) - ECT,Total values - Electronic card transactions A/S/T by division,Actual,Credit,,,
ECTM.S19AW,2009.03,2082.9,,F,Dollars,6,Electronic Card Transactions (ANZSIC06) - ECT,Total values - Electronic card transactions A/S/T by division,Actual,Credit,,,
ECTM.S19AW,2009.04,1902.6,,F,Dollars,6,Electronic Card Transactions (ANZSIC06) - ECT,Total values - Electronic card transactions A/S/T by division,Actual,Credit,,,
ECTM.S19AW,2009.05,1906.3,,F,Dollars,6,Electronic Card Transactions (ANZSIC06) - ECT,Total values - Electronic card transactions A/S/T by division,Actual,Credit,,,
ECTM.S19AW,2009.06,1806.2,,F,Dollars,6,Electronic Card Transactions (ANZSIC06) - ECT,Total values - Electronic card transactions A/S/T by division,Actual,Credit,,,
ECTM.S19AW,2009.07,1957.7,,F,Dollars,6,Electronic Card Transactions (ANZSIC06) - ECT,Total values - Electronic card transactions A/S/T by division,Actual,Credit,,,
ECTM.S19AW,2009.08,1897.7,,F,Dollars,6,Electronic Card Transactions (ANZSIC06) - ECT,Total values - Electronic card transactions A/S/T by division,Actual,Credit,,,
ECTM.S19AW,2009.09,1896.5,,F,Dollars,6,Electronic Card Transactions (ANZSIC06) - ECT,Total values - Electronic card transactions A/S/T by division,Actual,Credit,,,
ECTM.S19AW,2009.10,1999.7,,F,Dollars,6,Electronic Card Transactions (ANZSIC06) - ECT,Total values - Electronic card transactions A/S/T by division,Actual,Credit,,,
ECTM.S19AW,2009.11,2089.6,,F,Dollars,6,Electronic Card Transactions (ANZSIC06) - ECT,Total values - Electronic card transactions A/S/T by division,Actual,Credit,,,
ECTM.S19AW,2009.12,2525.8,,F,Dollars,6,Electronic Card Transactions (ANZSIC06) - ECT,Total values - Electronic card transactions A/S/T by division,Actual,Credit,,,
ECTM.S19AW,2010.01,2004.7,,F,Dollars,6,Electronic Card Transactions (ANZSIC06) - ECT,Total values - Electronic card transactions A/S/T by division,Actual,Credit,,,
ECTM.S19AW,2010.02,1970.3,,F,Dollars,6,Electronic Card Transactions (ANZSIC06) - ECT,Total values - Electronic card transactions A/S/T by division,Actual,Credit,,,
ECTM.S19AW,2010.03,2178.6,,F,Dollars,6,Electronic Card Transactions (ANZSIC06) - ECT,Total values - Electronic card transactions A/S/T by division,Actual,Credit,,,
ECTM.S19AW,2010.04,1942.4,,F,Dollars,6,Electronic Card Transactions (ANZSIC06) - ECT,Total values - Electronic card transactions A/S/T by division,Actual,Credit,,,
ECTM.S19AW,2010.05,1950.2,,F,Dollars,6,Electronic Card Transactions (ANZSIC06) - ECT,Total values - Electronic card transactions A/S/T by division,Actual,Credit,,,
ECTM.S19AW,2010.06,1868.3,,F,Dollars,6,Electronic Card Transactions (ANZSIC06) - ECT,Total values - Electronic card transactions A/S/T by division,Actual,Credit,,,
ECTM.S19AW,2010.07,1978.6,,F,Dollars,6,Electronic Card Transactions (ANZSIC06) - ECT,Total values - Electronic card transactions A/S/T by division,Actual,Credit,,,
ECTM.S19AW,2010.08,1931.9,,F,Dollars,6,Electronic Card Transactions (ANZSIC06) - ECT,Total values - Electronic card transactions A/S/T by division,Actual,Credit,,,
ECTM.S19AW,2010.09,1968.1,,F,Dollars,6,Electronic Card Transactions (ANZSIC06) - ECT,Total values - Electronic card transactions A/S/T by division,Actual,Credit,,,
ECTM.S19AW,2010.10,2017.9,,F,Dollars,6,Electronic Card Transactions (ANZSIC06) - ECT,Total values - Electronic card transactions A/S/T by division,Actual,Credit,,,
ECTM.S19AW,2010.11,2202.3,,F,Dollars,6,Electronic Card Transactions (ANZSIC06) - ECT,Total values - Electronic card transactions A/S/T by division,Actual,Credit,,,
ECTM.S19AW,2010.12,2620.1,,F,Dollars,6,Electronic Card Transactions (ANZSIC06) - ECT,Total values - Electronic card transactions A/S/T by division,Actual,Credit,,,
ECTM.S19AW,2011.01,2080.9,,F,Dollars,6,Electronic Card Transactions (ANZSIC06) - ECT,Total values - Electronic card transactions A/S/T by division,Actual,Credit,,,
ECTM.S19AW,2011.02,2061.4,,F,Dollars,6,Electronic Card Transactions (ANZSIC06) - ECT,Total values - Electronic card transactions A/S/T by division,Actual,Credit,,,
ECTM.S19AW,2011.03,2229.5,,F,Dollars,6,Electronic Card Transactions (ANZSIC06) - ECT,Total values - Electronic card transactions A/S/T by division,Actual,Credit,,,
ECTM.S19AW,2011.04,2069.2,,F,Dollars,6,Electronic Card Transactions (ANZSIC06) - ECT,Total values - Electronic card transactions A/S/T by division,Actual,Credit,,,
ECTM.S19AW,2011.05,2062.6,,F,Dollars,6,Electronic Card Transactions (ANZSIC06) - ECT,Total values - Electronic card transactions A/S/T by division,Actual,Credit,,,
ECTM.S19AW,2011.06,1966.6,,F,Dollars,6,Electronic Card Transactions (ANZSIC06) - ECT,Total values - Electronic card transactions A/S/T by division,Actual,Credit,,,
ECTM.S19AW,2011.07,2091,,F,Dollars,6,Electronic Card Transactions (ANZSIC06) - ECT,Total values - Electronic card transactions A/S/T by division,Actual,Credit,,,
ECTM.S19AW,2011.08,2054.8,,F,Dollars,6,Electronic Card Transactions (ANZSIC06) - ECT,Total values - Electronic card transactions A/S/T by division,Actual,Credit,,,
ECTM.S19AW,2011.09,2070.3,,F,Dollars,6,Electronic Card Transactions (ANZSIC06) - ECT,Total values - Electronic card transactions A/S/T by division,Actual,Credit,,,
ECTM.S19AW,2011.10,2200.1,,F,Dollars,6,Electronic Card Transactions (ANZSIC06) - ECT,Total values - Electronic card transactions A/S/T by division,Actual,Credit,,,
ECTM.S19AW,2011.11,2331.5,,F,Dollars,6,Electronic Card Transactions (ANZSIC06) - ECT,Total values - Electronic card transactions A/S/T by division,Actual,Credit,,,
ECTM.S19AW,2011.12,2771.2,,F,Dollars,6,Electronic Card Transactions (ANZSIC06) - ECT,Total values - Electronic card transactions A/S/T by division,Actual,Credit,,,
ECTM.S19AW,2012.01,2209.4,,F,Dollars,6,Electronic Card Transactions (ANZSIC06) - ECT,Total values - Electronic card transactions A/S/T by division,Actual,Credit,,,
ECTM.S19AW,2012.02,2230,,F,Dollars,6,Electronic Card Transactions (ANZSIC06) - ECT,Total values - Electronic card transactions A/S/T by division,Actual,Credit,,,
ECTM.S19AW,2012.03,2354.6,,F,Dollars,6,Electronic Card Transactions (ANZSIC06) - ECT,Total values - Electronic card transactions A/S/T by division,Actual,Credit,,,
ECTM.S19AW,2012.04,2112.1,,F,Dollars,6,Electronic Card Transactions (ANZSIC06) - ECT,Total values - Electronic card transactions A/S/T by division,Actual,Credit,,,
ECTM.S19AW,2012.05,2188.9,,F,Dollars,6,Electronic Card Transactions (ANZSIC06) - ECT,Total values - Electronic card transactions A/S/T by division,Actual,Credit,,,
ECTM.S19AW,2012.06,2076.8,,F,Dollars,6,Electronic Card Transactions (ANZSIC06) - ECT,Total values - Electronic card transactions A/S/T by division,Actual,Credit,,,
ECTM.S19AW,2012.07,2136.6,,F,Dollars,6,Electronic Card Transactions (ANZSIC06) - ECT,Total values - Electronic card transactions A/S/T by division,Actual,Credit,,,
ECTM.S19AW,2012.08,2186.6,,F,Dollars,6,Electronic Card Transactions (ANZSIC06) - ECT,Total values - Electronic card transactions A/S/T by division,Actual,Credit,,,
ECTM.S19AW,2012.09,2136.8,,F,Dollars,6,Electronic Card Transactions (ANZSIC06) - ECT,Total values - Electronic card transactions A/S/T by division,Actual,Credit,,,
ECTM.S19AW,2012.10,2292.7,,F,Dollars,6,Electronic Card Transactions (ANZSIC06) - ECT,Total values - Electronic card transactions A/S/T by division,Actual,Credit,,,
ECTM.S19AW,2012.11,2451.3,,F,Dollars,6,Electronic Card Transactions (ANZSIC06) - ECT,Total values - Electronic card transactions A/S/T by division,Actual,Credit,,,
ECTM.S19AW,2012.12,2855.8,,F,Dollars,6,Electronic Card Transactions (ANZSIC06) - ECT,Total values - Electronic card transactions A/S/T by division,Actual,Credit,,,
ECTM.S19AW,2013.01,2333.8,,F,Dollars,6,Electronic Card Transactions (ANZSIC06) - ECT,Total values - Electronic card transactions A/S/T by division,Actual,Credit,,,
ECTM.S19AW,2013.02,2290.5,,F,Dollars,6,Electronic Card Transactions (ANZSIC06) - ECT,Total values - Electronic card transactions A/S/T by division,Actual,Credit,,,
ECTM.S19AW,2013.03,2442,,F,Dollars,6,Electronic Card Transactions (ANZSIC06) - ECT,Total values - Electronic card transactions A/S/T by division,Actual,Credit,,,
ECTM.S19AW,2013.04,2306.3,,F,Dollars,6,Electronic Card Transactions (ANZSIC06) - ECT,Total values - Electronic card transactions A/S/T by division,Actual,Credit,,,
ECTM.S19AW,2013.05,2352.4,,F,Dollars,6,Electronic Card Transactions (ANZSIC06) - ECT,Total values - Electronic card transactions A/S/T by division,Actual,Credit,,,
ECTM.S19AW,2013.06,2221,,F,Dollars,6,Electronic Card Transactions (ANZSIC06) - ECT,Total values - Electronic card transactions A/S/T by division,Actual,Credit,,,
ECTM.S19AW,2013.07,2375.1,,F,Dollars,6,Electronic Card Transactions (ANZSIC06) - ECT,Total values - Electronic card transactions A/S/T by division,Actual,Credit,,,
ECTM.S19AW,2013.08,2369.5,,F,Dollars,6,Electronic Card Transactions (ANZSIC06) - ECT,Total values - Electronic card transactions A/S/T by division,Actual,Credit,,,
ECTM.S19AW,2013.09,2288.2,,F,Dollars,6,Electronic Card Transactions (ANZSIC06) - ECT,Total values - Electronic card transactions A/S/T by division,Actual,Credit,,,
ECTM.S19AW,2013.10,2502.5,,F,Dollars,6,Electronic Card Transactions (ANZSIC06) - ECT,Total values - Electronic card transactions A/S/T by division,Actual,Credit,,,
ECTM.S19AW,2013.11,2654.4,,F,Dollars,6,Electronic Card Transactions (ANZSIC06) - ECT,Total values - Electronic card transactions A/S/T by division,Actual,Credit,,,
ECTM.S19AW,2013.12,3100.6,,F,Dollars,6,Electronic Card Transactions (ANZSIC06) - ECT,Total values - Electronic card transactions A/S/T by division,Actual,Credit,,,
ECTM.S19AW,2014.01,2563.1,,F,Dollars,6,Electronic Card Transactions (ANZSIC06) - ECT,Total values - Electronic card transactions A/S/T by division,Actual,Credit,,,
ECTM.S19AW,2014.02,2478.4,,F,Dollars,6,Electronic Card Transactions (ANZSIC06) - ECT,Total values - Electronic card transactions A/S/T by division,Actual,Credit,,,
ECTM.S19AW,2014.03,2628.6,,F,Dollars,6,Electronic Card Transactions (ANZSIC06) - ECT,Total values - Electronic card transactions A/S/T by division,Actual,Credit,,,
ECTM.S19AW,2014.04,2430.7,,F,Dollars,6,Electronic Card Transactions (ANZSIC06) - ECT,Total values - Electronic card transactions A/S/T by division,Actual,Credit,,,
ECTM.S19AW,2014.05,2524.8,,F,Dollars,6,Electronic Card Transactions (ANZSIC06) - ECT,Total values - Electronic card transactions A/S/T by division,Actual,Credit,,,
ECTM.S19AW,2014.06,2363.6,,F,Dollars,6,Electronic Card Transactions (ANZSIC06) - ECT,Total values - Electronic card transactions A/S/T by division,Actual,Credit,,,
ECTM.S19AW,2014.07,2499,,F,Dollars,6,Electronic Card Transactions (ANZSIC06) - ECT,Total values - Electronic card transactions A/S/T by division,Actual,Credit,,,
ECTM.S19AW,2014.08,2462.8,,F,Dollars,6,Electronic Card Transactions (ANZSIC06) - ECT,Total values - Electronic card transactions A/S/T by division,Actual,Credit,,,
ECTM.S19AW,2014.09,2445.3,,F,Dollars,6,Electronic Card Transactions (ANZSIC06) - ECT,Total values - Electronic card transactions A/S/T by division,Actual,Credit,,,
ECTM.S19AW,2014.10,2682.3,,F,Dollars,6,Electronic Card Transactions (ANZSIC06) - ECT,Total values - Electronic card transactions A/S/T by division,Actual,Credit,,,
ECTM.S19AW,2014.11,2779.1,,F,Dollars,6,Electronic Card Transactions (ANZSIC06) - ECT,Total values - Electronic card transactions A/S/T by division,Actual,Credit,,,
ECTM.S19AW,2014.12,3288.7,,F,Dollars,6,Electronic Card Transactions (ANZSIC06) - ECT,Total values - Electronic card transactions A/S/T by division,Actual,Credit,,,
ECTM.S19AW,2015.01,2692,,F,Dollars,6,Electronic Card Transactions (ANZSIC06) - ECT,Total values - Electronic card transactions A/S/T by division,Actual,Credit,,,
ECTM.S19AW,2015.02,2616.8,,F,Dollars,6,Electronic Card Transactions (ANZSIC06) - ECT,Total values - Electronic card transactions A/S/T by division,Actual,Credit,,,
ECTM.S19AW,2015.03,2822.6,,F,Dollars,6,Electronic Card Transactions (ANZSIC06) - ECT,Total values - Electronic card transactions A/S/T by division,Actual,Credit,,,
ECTM.S19AW,2015.04,2572.2,,F,Dollars,6,Electronic Card Transactions (ANZSIC06) - ECT,Total values - Electronic card transactions A/S/T by division,Actual,Credit,,,
ECTM.S19AW,2015.05,2683.1,,F,Dollars,6,Electronic Card Transactions (ANZSIC06) - ECT,Total values - Electronic card transactions A/S/T by division,Actual,Credit,,,
ECTM.S19AW,2015.06,2595.7,,F,Dollars,6,Electronic Card Transactions (ANZSIC06) - ECT,Total values - Electronic card transactions A/S/T by division,Actual,Credit,,,
ECTM.S19AW,2015.07,2774.3,,F,Dollars,6,Electronic Card Transactions (ANZSIC06) - ECT,Total values - Electronic card transactions A/S/T by division,Actual,Credit,,,
ECTM.S19AW,2015.08,2700.9,,F,Dollars,6,Electronic Card Transactions (ANZSIC06) - ECT,Total values - Electronic card transactions A/S/T by division,Actual,Credit,,,
ECTM.S19AW,2015.09,2693,,F,Dollars,6,Electronic Card Transactions (ANZSIC06) - ECT,Total values - Electronic card transactions A/S/T by division,Actual,Credit,,,
ECTM.S19AW,2015.10,2926.3,,F,Dollars,6,Electronic Card Transactions (ANZSIC06) - ECT,Total values - Electronic card transactions A/S/T by division,Actual,Credit,,,
ECTM.S19AW,2015.11,3050.5,,F,Dollars,6,Electronic Card Transactions (ANZSIC06) - ECT,Total values - Electronic card transactions A/S/T by division,Actual,Credit,,,
ECTM.S19AW,2015.12,3629.9,,F,Dollars,6,Electronic Card Transactions (ANZSIC06) - ECT,Total values - Electronic card transactions A/S/T by division,Actual,Credit,,,
ECTM.S19AW,2016.01,2975.5,,F,Dollars,6,Electronic Card Transactions (ANZSIC06) - ECT,Total values - Electronic card transactions A/S/T by division,Actual,Credit,,,
ECTM.S19AW,2016.02,2982.9,,F,Dollars,6,Electronic Card Transactions (ANZSIC06) - ECT,Total values - Electronic card transactions A/S/T by division,Actual,Credit,,,
ECTM.S19AW,2016.03,3097.3,,F,Dollars,6,Electronic Card Transactions (ANZSIC06) - ECT,Total values - Electronic card transactions A/S/T by division,Actual,Credit,,,
ECTM.S19AW,2016.04,2933.4,,F,Dollars,6,Electronic Card Transactions (ANZSIC06) - ECT,Total values - Electronic card transactions A/S/T by division,Actual,Credit,,,
ECTM.S19AW,2016.05,2937.2,,F,Dollars,6,Electronic Card Transactions (ANZSIC06) - ECT,Total values - Electronic card transactions A/S/T by division,Actual,Credit,,,
ECTM.S19AW,2016.06,2855,,F,Dollars,6,Electronic Card Transactions (ANZSIC06) - ECT,Total values - Electronic card transactions A/S/T by division,Actual,Credit,,,
ECTM.S19AW,2016.07,2998.1,,F,Dollars,6,Electronic Card Transactions (ANZSIC06) - ECT,Total values - Electronic card transactions A/S/T by division,Actual,Credit,,,
ECTM.S19AW,2016.08,2948.8,,F,Dollars,6,Electronic Card Transactions (ANZSIC06) - ECT,Total values - Electronic card transactions A/S/T by division,Actual,Credit,,,
ECTM.S19AW,2016.09,3004.3,,F,Dollars,6,Electronic Card Transactions (ANZSIC06) - ECT,Total values - Electronic card transactions A/S/T by division,Actual,Credit,,,
ECTM.S19AW,2016.10,3210.7,,F,Dollars,6,Electronic Card Transactions (ANZSIC06) - ECT,Total values - Electronic card transactions A/S/T by division,Actual,Credit,,,
ECTM.S19AW,2016.11,3366.1,,F,Dollars,6,Electronic Card Transactions (ANZSIC06) - ECT,Total values - Electronic card transactions A/S/T by division,Actual,Credit,,,
ECTM.S19AW,2016.12,4017,,F,Dollars,6,Electronic Card Transactions (ANZSIC06) - ECT,Total values - Electronic card transactions A/S/T by division,Actual,Credit,,,
ECTM.S19AW,2017.01,3817.7,,F,Dollars,6,Electronic Card Transactions (ANZSIC06) - ECT,Total values - Electronic card transactions A/S/T by division,Actual,Credit,,,
ECTM.S19AW,2017.02,3669.2,,F,Dollars,6,Electronic Card Transactions (ANZSIC06) - ECT,Total values - Electronic card transactions A/S/T by division,Actual,Credit,,,
ECTM.S19AW,2017.03,4024,,F,Dollars,6,Electronic Card Transactions (ANZSIC06) - ECT,Total values - Electronic card transactions A/S/T by division,Actual,Credit,,,
ECTM.S19AW,2017.04,3650.7,,F,Dollars,6,Electronic Card Transactions (ANZSIC06) - ECT,Total values - Electronic card transactions A/S/T by division,Actual,Credit,,,
ECTM.S19AW,2017.05,3792.9,,F,Dollars,6,Electronic Card Transactions (ANZSIC06) - ECT,Total values - Electronic card transactions A/S/T by division,Actual,Credit,,,
ECTM.S19AW,2017.06,3645.6,,F,Dollars,6,Electronic Card Transactions (ANZSIC06) - ECT,Total values - Electronic card transactions A/S/T by division,Actual,Credit,,,
ECTM.S19AW,2017.07,3753,,F,Dollars,6,Electronic Card Transactions (ANZSIC06) - ECT,Total values - Electronic card transactions A/S/T by division,Actual,Credit,,,
ECTM.S19AW,2017.08,3795.8,,F,Dollars,6,Electronic Card Transactions (ANZSIC06) - ECT,Total values - Electronic card transactions A/S/T by division,Actual,Credit,,,
ECTM.S19AW,2017.09,3745.1,,F,Dollars,6,Electronic Card Transactions (ANZSIC06) - ECT,Total values - Electronic card transactions A/S/T by division,Actual,Credit,,,
ECTM.S19AW,2017.10,4013.5,,F,Dollars,6,Electronic Card Transactions (ANZSIC06) - ECT,Total values - Electronic card transactions A/S/T by division,Actual,Credit,,,
ECTM.S19AW,2017.11,4295.6,,F,Dollars,6,Electronic Card Transactions (ANZSIC06) - ECT,Total values - Electronic card transactions A/S/T by division,Actual,Credit,,,
ECTM.S19AW,2017.12,4913.1,,F,Dollars,6,Electronic Card Transactions (ANZSIC06) - ECT,Total values - Electronic card transactions A/S/T by division,Actual,Credit,,,
ECTM.S19AW,2018.01,4241.1,,F,Dollars,6,Electronic Card Transactions (ANZSIC06) - ECT,Total values - Electronic card transactions A/S/T by division,Actual,Credit,,,
ECTM.S19AW,2018.02,4058,,F,Dollars,6,Electronic Card Transactions (ANZSIC06) - ECT,Total values - Electronic card transactions A/S/T by division,Actual,Credit,,,
ECTM.S19AW,2018.03,4433.1,,F,Dollars,6,Electronic Card Transactions (ANZSIC06) - ECT,Total values - Electronic card transactions A/S/T by division,Actual,Credit,,,
ECTM.S19AW,2018.04,4016.6,,F,Dollars,6,Electronic Card Transactions (ANZSIC06) - ECT,Total values - Electronic card transactions A/S/T by division,Actual,Credit,,,
ECTM.S19AW,2018.05,4160.6,,F,Dollars,6,Electronic Card Transactions (ANZSIC06) - ECT,Total values - Electronic card transactions A/S/T by division,Actual,Credit,,,
ECTM.S19AW,2018.06,4005.4,,F,Dollars,6,Electronic Card Transactions (ANZSIC06) - ECT,Total values - Electronic card transactions A/S/T by division,Actual,Credit,,,
ECTM.S19AW,2018.07,4126.8,,F,Dollars,6,Electronic Card Transactions (ANZSIC06) - ECT,Total values - Electronic card transactions A/S/T by division,Actual,Credit,,,
ECTM.S19AW,2018.08,4211.9,,F,Dollars,6,Electronic Card Transactions (ANZSIC06) - ECT,Total values - Electronic card transactions A/S/T by division,Actual,Credit,,,
ECTM.S19AW,2018.09,4148.2,,F,Dollars,6,Electronic Card Transactions (ANZSIC06) - ECT,Total values - Electronic card transactions A/S/T by division,Actual,Credit,,,
ECTM.S19AW,2018.10,4477.3,,F,Dollars,6,Electronic Card Transactions (ANZSIC06) - ECT,Total values - Electronic card transactions A/S/T by division,Actual,Credit,,,
ECTM.S19AW,2018.11,4683.4,,F,Dollars,6,Electronic Card Transactions (ANZSIC06) - ECT,Total values - Electronic card transactions A/S/T by division,Actual,Credit,,,
ECTM.S19AW,2018.12,5173.6,,F,Dollars,6,Electronic Card Transactions (ANZSIC06) - ECT,Total values - Electronic card transactions A/S/T by division,Actual,Credit,,,
ECTM.S19AW,2019.01,4557.7,,F,Dollars,6,Electronic Card Transactions (ANZSIC06) - ECT,Total values - Electronic card transactions A/S/T by division,Actual,Credit,,,
ECTM.S19AW,2019.02,4300.4,,F,Dollars,6,Electronic Card Transactions (ANZSIC06) - ECT,Total values - Electronic card transactions A/S/T by division,Actual,Credit,,,
ECTM.S19AW,2019.03,4596.4,,F,Dollars,6,Electronic Card Transactions (ANZSIC06) - ECT,Total values - Electronic card transactions A/S/T by division,Actual,Credit,,,
ECTM.S19AW,2019.04,4283.7,,F,Dollars,6,Electronic Card Transactions (ANZSIC06) - ECT,Total values - Electronic card transactions A/S/T by division,Actual,Credit,,,
ECTM.S19AW,2019.05,4379.5,,F,Dollars,6,Electronic Card Transactions (ANZSIC06) - ECT,Total values - Electronic card transactions A/S/T by division,Actual,Credit,,,
ECTM.S19AW,2019.06,4147.6,,F,Dollars,6,Electronic Card Transactions (ANZSIC06) - ECT,Total values - Electronic card transactions A/S/T by division,Actual,Credit,,,
ECTM.S19AW,2019.07,4301.9,,F,Dollars,6,Electronic Card Transactions (ANZSIC06) - ECT,Total values - Electronic card transactions A/S/T by division,Actual,Credit,,,
ECTM.S19AW,2019.08,4386.6,,F,Dollars,6,Electronic Card Transactions (ANZSIC06) - ECT,Total values - Electronic card transactions A/S/T by division,Actual,Credit,,,
ECTM.S19AW,2019.09,4275.7,,F,Dollars,6,Electronic Card Transactions (ANZSIC06) - ECT,Total values - Electronic card transactions A/S/T by division,Actual,Credit,,,
ECTM.S19AW,2019.10,4616.8,,F,Dollars,6,Electronic Card Transactions (ANZSIC06) - ECT,Total values - Electronic card transactions A/S/T by division,Actual,Credit,,,
ECTM.S19AW,2019.11,4925.5,,F,Dollars,6,Electronic Card Transactions (ANZSIC06) - ECT,Total values - Electronic card transactions A/S/T by division,Actual,Credit,,,
ECTM.S19AW,2019.12,5441.8,,F,Dollars,6,Electronic Card Transactions (ANZSIC06) - ECT,Total values - Electronic card transactions A/S/T by division,Actual,Credit,,,
ECTM.S19AW,2020.01,4776.3,,F,Dollars,6,Electronic Card Transactions (ANZSIC06) - ECT,Total values - Electronic card transactions A/S/T by division,Actual,Credit,,,
ECTM.S19AW,2020.02,4649.4,,F,Dollars,6,Electronic Card Transactions (ANZSIC06) - ECT,Total values - Electronic card transactions A/S/T by division,Actual,Credit,,,
ECTM.S19AW,2020.03,4393.8,,F,Dollars,6,Electronic Card Transactions (ANZSIC06) - ECT,Total values - Electronic card transactions A/S/T by division,Actual,Credit,,,
ECTM.S19AW,2020.04,2605.2,,F,Dollars,6,Electronic Card Transactions (ANZSIC06) - ECT,Total values - Electronic card transactions A/S/T by division,Actual,Credit,,,
ECTM.S19AW,2020.05,4429.5,,F,Dollars,6,Electronic Card Transactions (ANZSIC06) - ECT,Total values - Electronic card transactions A/S/T by division,Actual,Credit,,,
ECTM.S19AW,2020.06,4780.1,,F,Dollars,6,Electronic Card Transactions (ANZSIC06) - ECT,Total values - Electronic card transactions A/S/T by division,Actual,Credit,,,
ECTM.S19AW,2020.07,4962.3,,F,Dollars,6,Electronic Card Transactions (ANZSIC06) - ECT,Total values - Electronic card transactions A/S/T by division,Actual,Credit,,,
ECTM.S19AW,2020.08,4617.1,,F,Dollars,6,Electronic Card Transactions (ANZSIC06) - ECT,Total values - Electronic card transactions A/S/T by division,Actual,Credit,,,
ECTM.S19AW,2020.09,4981.5,,F,Dollars,6,Electronic Card Transactions (ANZSIC06) - ECT,Total values - Electronic card transactions A/S/T by division,Actual,Credit,,,
ECTM.S19AW,2020.10,5248.6,,F,Dollars,6,Electronic Card Transactions (ANZSIC06) - ECT,Total values - Electronic card transactions A/S/T by division,Actual,Credit,,,
ECTM.S19AW,2020.11,5357.1,,F,Dollars,6,Electronic Card Transactions (ANZSIC06) - ECT,Total values - Electronic card transactions A/S/T by division,Actual,Credit,,,
ECTM.S19AW,2020.12,6012.3,,F,Dollars,6,Electronic Card Transactions (ANZSIC06) - ECT,Total values - Electronic card transactions A/S/T by division,Actual,Credit,,,
ECTM.S19AW,2021.01,4991.6,,F,Dollars,6,Electronic Card Transactions (ANZSIC06) - ECT,Total values - Electronic card transactions A/S/T by division,Actual,Credit,,,
ECTM.S19AW,2021.02,4597,,F,Dollars,6,Electronic Card Transactions (ANZSIC06) - ECT,Total values - Electronic card transactions A/S/T by division,Actual,Credit,,,
ECTM.S19AW,2021.03,5130.8,,F,Dollars,6,Electronic Card Transactions (ANZSIC06) - ECT,Total values - Electronic card transactions A/S/T by division,Actual,Credit,,,
ECTM.S19AW,2021.04,5077.6,,F,Dollars,6,Electronic Card Transactions (ANZSIC06) - ECT,Total values - Electronic card transactions A/S/T by division,Actual,Credit,,,
ECTM.S19AW,2021.05,5305.2,,F,Dollars,6,Electronic Card Transactions (ANZSIC06) - ECT,Total values - Electronic card transactions A/S/T by division,Actual,Credit,,,
ECTM.S19AW,2021.06,5215.2,,F,Dollars,6,Electronic Card Transactions (ANZSIC06) - ECT,Total values - Electronic card transactions A/S/T by division,Actual,Credit,,,
ECTM.S19AW,2021.07,5537.3,,F,Dollars,6,Electronic Card Transactions (ANZSIC06) - ECT,Total values - Electronic card transactions A/S/T by division,Actual,Credit,,,
ECTM.S19AW,2021.08,4394.6,,F,Dollars,6,Electronic Card Transactions (ANZSIC06) - ECT,Total values - Electronic card transactions A/S/T by division,Actual,Credit,,,
ECTM.S19AW,2021.09,4519.4,,F,Dollars,6,Electronic Card Transactions (ANZSIC06) - ECT,Total values - Electronic card transactions A/S/T by division,Actual,Credit,,,
ECTM.S19AW,2021.10,5226.2,,F,Dollars,6,Electronic Card Transactions (ANZSIC06) - ECT,Total values - Electronic card transactions A/S/T by division,Actual,Credit,,,
ECTM.S19AW,2021.11,5845.3,,F,Dollars,6,Electronic Card Transactions (ANZSIC06) - ECT,Total values - Electronic card transactions A/S/T by division,Actual,Credit,,,
ECTM.S19AW,2021.12,6734.1,,F,Dollars,6,Electronic Card Transactions (ANZSIC06) - ECT,Total values - Electronic card transactions A/S/T by division,Actual,Credit,,,
ECTM.S19AW,2022.01,5630.6,,F,Dollars,6,Electronic Card Transactions (ANZSIC06) - ECT,Total values - Electronic card transactions A/S/T by division,Actual,Credit,,,
ECTM.S19AW,2022.02,4976.3,,F,Dollars,6,Electronic Card Transactions (ANZSIC06) - ECT,Total values - Electronic card transactions A/S/T by division,Actual,Credit,,,
ECTM.S19AW,2022.03,5564.3,,F,Dollars,6,Electronic Card Transactions (ANZSIC06) - ECT,Total values - Electronic card transactions A/S/T by division,Actual,Credit,,,
ECTM.S19AW,2022.04,5599.7,,F,Dollars,6,Electronic Card Transactions (ANZSIC06) - ECT,Total values - Electronic card transactions A/S/T by division,Actual,Credit,,,
ECTM.S19AW,2022.05,5862.5,,F,Dollars,6,Electronic Card Transactions (ANZSIC06) - ECT,Total values - Electronic card transactions A/S/T by division,Actual,Credit,,,
ECTM.S19AW,2022.06,5725.3,,F,Dollars,6,Electronic Card Transactions (ANZSIC06) - ECT,Total values - Electronic card transactions A/S/T by division,Actual,Credit,,,
ECTM.S19AW,2022.07,5915,,F,Dollars,6,Electronic Card Transactions (ANZSIC06) - ECT,Total values - Electronic card transactions A/S/T by division,Actual,Credit,,,
ECTM.S19AW,2022.08,5907.5,,F,Dollars,6,Electronic Card Transactions (ANZSIC06) - ECT,Total values - Electronic card transactions A/S/T by division,Actual,Credit,,,
ECTM.S19AW,2022.09,6000.2,,F,Dollars,6,Electronic Card Transactions (ANZSIC06) - ECT,Total values - Electronic card transactions A/S/T by division,Actual,Credit,,,
ECTM.S19AW,2022.10,6356.5,,F,Dollars,6,Electronic Card Transactions (ANZSIC06) - ECT,Total values - Electronic card transactions A/S/T by division,Actual,Credit,,,
ECTM.S19AW,2022.11,6588.6,,F,Dollars,6,Electronic Card Transactions (ANZSIC06) - ECT,Total values - Electronic card transactions A/S/T by division,Actual,Credit,,,
ECTM.S19AW,2022.12,7360,,F,Dollars,6,Electronic Card Transactions (ANZSIC06) - ECT,Total values - Electronic card transactions A/S/T by division,Actual,Credit,,,
ECTM.S19AW,2023.01,6301.2,,F,Dollars,6,Electronic Card Transactions (ANZSIC06) - ECT,Total values - Electronic card transactions A/S/T by division,Actual,Credit,,,
ECTM.S19AW,2023.02,5987.3,,F,Dollars,6,Electronic Card Transactions (ANZSIC06) - ECT,Total values - Electronic card transactions A/S/T by division,Actual,Credit,,,
ECTM.S19AW,2023.03,6731.5,,F,Dollars,6,Electronic Card Transactions (ANZSIC06) - ECT,Total values - Electronic card transactions A/S/T by division,Actual,Credit,,,
ECTM.S19AW,2023.04,6221.4,,F,Dollars,6,Electronic Card Transactions (ANZSIC06) - ECT,Total values - Electronic card transactions A/S/T by division,Actual,Credit,,,
ECTM.S19AW,2023.05,6280.3,,F,Dollars,6,Electronic Card Transactions (ANZSIC06) - ECT,Total values - Electronic card transactions A/S/T by division,Actual,Credit,,,
ECTM.S19AW,2023.06,6257,,F,Dollars,6,Electronic Card Transactions (ANZSIC06) - ECT,Total values - Electronic card transactions A/S/T by division,Actual,Credit,,,
ECTM.S19AW,2023.07,6259.2,,F,Dollars,6,Electronic Card Transactions (ANZSIC06) - ECT,Total values - Electronic card transactions A/S/T by division,Actual,Credit,,,
ECTM.S19AW,2023.08,6341.9,,F,Dollars,6,Electronic Card Transactions (ANZSIC06) - ECT,Total values - Electronic card transactions A/S/T by division,Actual,Credit,,,
ECTM.S19AW,2023.09,6219.8,,F,Dollars,6,Electronic Card Transactions (ANZSIC06) - ECT,Total values - Electronic card transactions A/S/T by division,Actual,Credit,,,
ECTM.S19AW,2023.10,6450.6,,F,Dollars,6,Electronic Card Transactions (ANZSIC06) - ECT,Total values - Electronic card transactions A/S/T by division,Actual,Credit,,,
ECTM.S19AW,2023.11,6927.8,,F,Dollars,6,Electronic Card Transactions (ANZSIC06) - ECT,Total values - Electronic card transactions A/S/T by division,Actual,Credit,,,
ECTM.S19AW,2023.12,7557.6,,F,Dollars,6,Electronic Card Transactions (ANZSIC06) - ECT,Total values - Electronic card transactions A/S/T by division,Actual,Credit,,,
ECTM.S19AW,2024.01,6648,,F,Dollars,6,Electronic Card Transactions (ANZSIC06) - ECT,Total values - Electronic card transactions A/S/T by division,Actual,Credit,,,
ECTM.S19AW,2024.02,6368,,F,Dollars,6,Electronic Card Transactions (ANZSIC06) - ECT,Total values - Electronic card transactions A/S/T by division,Actual,Credit,,,
ECTM.S19AW,2024.03,6636.5,,F,Dollars,6,Electronic Card Transactions (ANZSIC06) - ECT,Total values - Electronic card transactions A/S/T by division,Actual,Credit,,,
ECTM.S19AW,2024.04,6245.8,,F,Dollars,6,Electronic Card Transactions (ANZSIC06) - ECT,Total values - Electronic card transactions A/S/T by division,Actual,Credit,,,
ECTM.S19AW,2024.05,6333.5,,F,Dollars,6,Electronic Card Transactions (ANZSIC06) - ECT,Total values - Electronic card transactions A/S/T by division,Actual,Credit,,,
ECTM.S19AW,2024.06,6167.6,,F,Dollars,6,Electronic Card Transactions (ANZSIC06) - ECT,Total values - Electronic card transactions A/S/T by division,Actual,Credit,,,
ECTM.S19AW,2024.07,6399.9,,F,Dollars,6,Electronic Card Transactions (ANZSIC06) - ECT,Total values - Electronic card transactions A/S/T by division,Actual,Credit,,,
ECTM.S19AW,2024.08,6478.9,,F,Dollars,6,Electronic Card Transactions (ANZSIC06) - ECT,Total values - Electronic card transactions A/S/T by division,Actual,Credit,,,
ECTM.S19AW,2024.09,6276.5,,F,Dollars,6,Electronic Card Transactions (ANZSIC06) - ECT,Total values - Electronic card transactions A/S/T by division,Actual,Credit,,,
ECTM.S19AW,2024.10,6753.5,,F,Dollars,6,Electronic Card Transactions (ANZSIC06) - ECT,Total values - Electronic card transactions A/S/T by division,Actual,Credit,,,
ECTM.S19AW,2024.11,7080.5,,F,Dollars,6,Electronic Card Transactions (ANZSIC06) - ECT,Total values - Electronic card transactions A/S/T by division,Actual,Credit,,,
ECTM.S19AW,2024.12,7943.8,,F,Dollars,6,Electronic Card Transactions (ANZSIC06) - ECT,Total values - Electronic card transactions A/S/T by division,Actual,Credit,,,
ECTM.S19AW,2025.01,7009.6,,F,Dollars,6,Electronic Card Transactions (ANZSIC06) - ECT,Total values - Electronic card transactions A/S/T by division,Actual,Credit,,,
ECTM.S19AW,2025.02,6454,,F,Dollars,6,Electronic Card Transactions (ANZSIC06) - ECT,Total values - Electronic card transactions A/S/T by division,Actual,Credit,,,
ECTM.S19AW,2025.03,6586.6,,F,Dollars,6,Electronic Card Transactions (ANZSIC06) - ECT,Total values - Electronic card transactions A/S/T by division,Actual,Credit,,,
ECTM.S19AW,2025.04,6197,,F,Dollars,6,Electronic Card Transactions (ANZSIC06) - ECT,Total values - Electronic card transactions A/S/T by division,Actual,Credit,,,
ECTM.S19AW,2025.05,6338.7,,F,Dollars,6,Electronic Card Transactions (ANZSIC06) - ECT,Total values - Electronic card transactions A/S/T by division,Actual,Credit,,,
ECTM.S19AW,2025.06,6067.1,,F,Dollars,6,Electronic Card Transactions (ANZSIC06) - ECT,Total values - Electronic card transactions A/S/T by division,Actual,Credit,,,
ECTM.S19AW,2025.07,6350.6,,F,Dollars,6,Electronic Card Transactions (ANZSIC06) - ECT,Total values - Electronic card transactions A/S/T by division,Actual,Credit,,,
ECTM.S19AW,2025.08,6364.4,,F,Dollars,6,Electronic Card Transactions (ANZSIC06) - ECT,Total values - Electronic card transactions A/S/T by division,Actual,Credit,,,
ECTM.S19AW,2025.09,6221.4,,F,Dollars,6,Electronic Card Transactions (ANZSIC06) - ECT,Total values - Electronic card transactions A/S/T by division,Actual,Credit,,,
ECTM.S19AW,2025.10,6711.6,,F,Dollars,6,Electronic Card Transactions (ANZSIC06) - ECT,Total values - Electronic card transactions A/S/T by division,Actual,Credit,,,
ECTM.S19AW,2025.11,7146.1,,F,Dollars,6,Electronic Card Transactions (ANZSIC06) - ECT,Total values - Electronic card transactions A/S/T by division,Actual,Credit,,,
ECTM.S19AW,2025.12,7960.9,,F,Dollars,6,Electronic Card Transactions (ANZSIC06) - ECT,Total values - Electronic card transactions A/S/T by division,Actual,Credit,,,
ECTM.S19AW,2026.01,6934,,F,Dollars,6,Electronic Card Transactions (ANZSIC06) - ECT,Total values - Electronic card transactions A/S/T by division,Actual,Credit,,,
ECTM.S19AW,2026.02,6523.4,,F,Dollars,6,Electronic Card Transactions (ANZSIC06) - ECT,Total values - Electronic card transactions A/S/T by division,Actual,Credit,,,
ECTM.S19AW,2026.03,7085.2,,F,Dollars,6,Electronic Card Transactions (ANZSIC06) - ECT,Total values - Electronic card transactions A/S/T by division,Actual,Credit,,,
ECTM.S19AW,2026.04,6527.3,,F,Dollars,6,Electronic Card Transactions (ANZSIC06) - ECT,Total values - Electronic card transactions A/S/T by division,Actual,Credit,,,
ECTM.S19AW,2026.05,6745.9,,F,Dollars,6,Electronic Card Transactions (ANZSIC06) - ECT,Total values - Electronic card transactions A/S/T by division,Actual,Credit,,,
ECTM.S19AW,2026.06,6413.1,,F,Dollars,6,Electronic Card Transactions (ANZSIC06) - ECT,Total values - Electronic card transactions A/S/T by division,Actual,Credit,,,
ECTM.S19AX,2000.01,,,C,Dollars,6,Electronic Card Transactions (ANZSIC06) - ECT,Total values - Electronic card transactions A/S/T by division,Actual,Debit,,,
ECTM.S19AX,2000.02,,,C,Dollars,6,Electronic Card Transactions (ANZSIC06) - ECT,Total values - Electronic card transactions A/S/T by division,Actual,Debit,,,
ECTM.S19AX,2000.03,,,C,Dollars,6,Electronic Card Transactions (ANZSIC06) - ECT,Total values - Electronic card transactions A/S/T by division,Actual,Debit,,,
ECTM.S19AX,2000.04,,,C,Dollars,6,Electronic Card Transactions (ANZSIC06) - ECT,Total values - Electronic card transactions A/S/T by division,Actual,Debit,,,
ECTM.S19AX,2000.05,,,C,Dollars,6,Electronic Card Transactions (ANZSIC06) - ECT,Total values - Electronic card transactions A/S/T by division,Actual,Debit,,,
ECTM.S19AX,2000.06,,,C,Dollars,6,Electronic Card Transactions (ANZSIC06) - ECT,Total values - Electronic card transactions A/S/T by division,Actual,Debit,,,
ECTM.S19AX,2000.07,,,C,Dollars,6,Electronic Card Transactions (ANZSIC06) - ECT,Total values - Electronic card transactions A/S/T by division,Actual,Debit,,,
ECTM.S19AX,2000.08,,,C,Dollars,6,Electronic Card Transactions (ANZSIC06) - ECT,Total values - Electronic card transactions A/S/T by division,Actual,Debit,,,
ECTM.S19AX,2000.09,,,C,Dollars,6,Electronic Card Transactions (ANZSIC06) - ECT,Total values - Electronic card transactions A/S/T by division,Actual,Debit,,,
ECTM.S19AX,2000.10,,,C,Dollars,6,Electronic Card Transactions (ANZSIC06) - ECT,Total values - Electronic card transactions A/S/T by division,Actual,Debit,,,
ECTM.S19AX,2000.11,,,C,Dollars,6,Electronic Card Transactions (ANZSIC06) - ECT,Total values - Electronic card transactions A/S/T by division,Actual,Debit,,,
ECTM.S19AX,2000.12,,,C,Dollars,6,Electronic Card Transactions (ANZSIC06) - ECT,Total values - Electronic card transactions A/S/T by division,Actual,Debit,,,
ECTM.S19AX,2001.01,,,C,Dollars,6,Electronic Card Transactions (ANZSIC06) - ECT,Total values - Electronic card transactions A/S/T by division,Actual,Debit,,,
ECTM.S19AX,2001.02,,,C,Dollars,6,Electronic Card Transactions (ANZSIC06) - ECT,Total values - Electronic card transactions A/S/T by division,Actual,Debit,,,
ECTM.S19AX,2001.03,,,C,Dollars,6,Electronic Card Transactions (ANZSIC06) - ECT,Total values - Electronic card transactions A/S/T by division,Actual,Debit,,,
ECTM.S19AX,2001.04,,,C,Dollars,6,Electronic Card Transactions (ANZSIC06) - ECT,Total values - Electronic card transactions A/S/T by division,Actual,Debit,,,
ECTM.S19AX,2001.05,,,C,Dollars,6,Electronic Card Transactions (ANZSIC06) - ECT,Total values - Electronic card transactions A/S/T by division,Actual,Debit,,,
ECTM.S19AX,2001.06,,,C,Dollars,6,Electronic Card Transactions (ANZSIC06) - ECT,Total values - Electronic card transactions A/S/T by division,Actual,Debit,,,
ECTM.S19AX,2001.07,,,C,Dollars,6,Electronic Card Transactions (ANZSIC06) - ECT,Total values - Electronic card transactions A/S/T by division,Actual,Debit,,,
ECTM.S19AX,2001.08,,,C,Dollars,6,Electronic Card Transactions (ANZSIC06) - ECT,Total values - Electronic card transactions A/S/T by division,Actual,Debit,,,
ECTM.S19AX,2001.09,,,C,Dollars,6,Electronic Card Transactions (ANZSIC06) - ECT,Total values - Electronic card transactions A/S/T by division,Actual,Debit,,,
ECTM.S19AX,2001.10,,,C,Dollars,6,Electronic Card Transactions (ANZSIC06) - ECT,Total values - Electronic card transactions A/S/T by division,Actual,Debit,,,
ECTM.S19AX,2001.11,,,C,Dollars,6,Electronic Card Transactions (ANZSIC06) - ECT,Total values - Electronic card transactions A/S/T by division,Actual,Debit,,,
ECTM.S19AX,2001.12,,,C,Dollars,6,Electronic Card Transactions (ANZSIC06) - ECT,Total values - Electronic card transactions A/S/T by division,Actual,Debit,,,
ECTM.S19AX,2002.01,,,C,Dollars,6,Electronic Card Transactions (ANZSIC06) - ECT,Total values - Electronic card transactions A/S/T by division,Actual,Debit,,,
ECTM.S19AX,2002.02,,,C,Dollars,6,Electronic Card Transactions (ANZSIC06) - ECT,Total values - Electronic card transactions A/S/T by division,Actual,Debit,,,
ECTM.S19AX,2002.03,,,C,Dollars,6,Electronic Card Transactions (ANZSIC06) - ECT,Total values - Electronic card transactions A/S/T by division,Actual,Debit,,,
ECTM.S19AX,2002.04,,,C,Dollars,6,Electronic Card Transactions (ANZSIC06) - ECT,Total values - Electronic card transactions A/S/T by division,Actual,Debit,,,
ECTM.S19AX,2002.05,,,C,Dollars,6,Electronic Card Transactions (ANZSIC06) - ECT,Total values - Electronic card transactions A/S/T by division,Actual,Debit,,,
ECTM.S19AX,2002.06,,,C,Dollars,6,Electronic Card Transactions (ANZSIC06) - ECT,Total values - Electronic card transactions A/S/T by division,Actual,Debit,,,
ECTM.S19AX,2002.07,,,C,Dollars,6,Electronic Card Transactions (ANZSIC06) - ECT,Total values - Electronic card transactions A/S/T by division,Actual,Debit,,,
ECTM.S19AX,2002.08,,,C,Dollars,6,Electronic Card Transactions (ANZSIC06) - ECT,Total values - Electronic card transactions A/S/T by division,Actual,Debit,,,
ECTM.S19AX,2002.09,,,C,Dollars,6,Electronic Card Transactions (ANZSIC06) - ECT,Total values - Electronic card transactions A/S/T by division,Actual,Debit,,,
ECTM.S19AX,2002.10,1615.6,,F,Dollars,6,Electronic Card Transactions (ANZSIC06) - ECT,Total values - Electronic card transactions A/S/T by division,Actual,Debit,,,
ECTM.S19AX,2002.11,1588.7,,F,Dollars,6,Electronic Card Transactions (ANZSIC06) - ECT,Total values - Electronic card transactions A/S/T by division,Actual,Debit,,,
ECTM.S19AX,2002.12,1910.6,,F,Dollars,6,Electronic Card Transactions (ANZSIC06) - ECT,Total values - Electronic card transactions A/S/T by division,Actual,Debit,,,
ECTM.S19AX,2003.01,1573.5,,F,Dollars,6,Electronic Card Transactions (ANZSIC06) - ECT,Total values - Electronic card transactions A/S/T by division,Actual,Debit,,,
ECTM.S19AX,2003.02,1466.9,,F,Dollars,6,Electronic Card Transactions (ANZSIC06) - ECT,Total values - Electronic card transactions A/S/T by division,Actual,Debit,,,
ECTM.S19AX,2003.03,1615.7,,F,Dollars,6,Electronic Card Transactions (ANZSIC06) - ECT,Total values - Electronic card transactions A/S/T by division,Actual,Debit,,,
ECTM.S19AX,2003.04,1586.3,,F,Dollars,6,Electronic Card Transactions (ANZSIC06) - ECT,Total values - Electronic card transactions A/S/T by division,Actual,Debit,,,
ECTM.S19AX,2003.05,1676.5,,F,Dollars,6,Electronic Card Transactions (ANZSIC06) - ECT,Total values - Electronic card transactions A/S/T by division,Actual,Debit,,,
ECTM.S19AX,2003.06,1552.4,,F,Dollars,6,Electronic Card Transactions (ANZSIC06) - ECT,Total values - Electronic card transactions A/S/T by division,Actual,Debit,,,
ECTM.S19AX,2003.07,1687,,F,Dollars,6,Electronic Card Transactions (ANZSIC06) - ECT,Total values - Electronic card transactions A/S/T by division,Actual,Debit,,,
ECTM.S19AX,2003.08,1684.8,,F,Dollars,6,Electronic Card Transactions (ANZSIC06) - ECT,Total values - Electronic card transactions A/S/T by division,Actual,Debit,,,
ECTM.S19AX,2003.09,1632.9,,F,Dollars,6,Electronic Card Transactions (ANZSIC06) - ECT,Total values - Electronic card transactions A/S/T by division,Actual,Debit,,,
ECTM.S19AX,2003.10,1741.5,,F,Dollars,6,Electronic Card Transactions (ANZSIC06) - ECT,Total values - Electronic card transactions A/S/T by division,Actual,Debit,,,
ECTM.S19AX,2003.11,1737.1,,F,Dollars,6,Electronic Card Transactions (ANZSIC06) - ECT,Total values - Electronic card transactions A/S/T by division,Actual,Debit,,,
ECTM.S19AX,2003.12,2114.9,,F,Dollars,6,Electronic Card Transactions (ANZSIC06) - ECT,Total values - Electronic card transactions A/S/T by division,Actual,Debit,,,
ECTM.S19AX,2004.01,1732.1,,F,Dollars,6,Electronic Card Transactions (ANZSIC06) - ECT,Total values - Electronic card transactions A/S/T by division,Actual,Debit,,,
ECTM.S19AX,2004.02,1642.1,,F,Dollars,6,Electronic Card Transactions (ANZSIC06) - ECT,Total values - Electronic card transactions A/S/T by division,Actual,Debit,,,
ECTM.S19AX,2004.03,1783.3,,F,Dollars,6,Electronic Card Transactions (ANZSIC06) - ECT,Total values - Electronic card transactions A/S/T by division,Actual,Debit,,,
ECTM.S19AX,2004.04,1778.6,,F,Dollars,6,Electronic Card Transactions (ANZSIC06) - ECT,Total values - Electronic card transactions A/S/T by division,Actual,Debit,,,
ECTM.S19AX,2004.05,1793.2,,F,Dollars,6,Electronic Card Transactions (ANZSIC06) - ECT,Total values - Electronic card transactions A/S/T by division,Actual,Debit,,,
ECTM.S19AX,2004.06,1730,,F,Dollars,6,Electronic Card Transactions (ANZSIC06) - ECT,Total values - Electronic card transactions A/S/T by division,Actual,Debit,,,
ECTM.S19AX,2004.07,1855.4,,F,Dollars,6,Electronic Card Transactions (ANZSIC06) - ECT,Total values - Electronic card transactions A/S/T by division,Actual,Debit,,,
ECTM.S19AX,2004.08,1791.6,,F,Dollars,6,Electronic Card Transactions (ANZSIC06) - ECT,Total values - Electronic card transactions A/S/T by division,Actual,Debit,,,
ECTM.S19AX,2004.09,1791.5,,F,Dollars,6,Electronic Card Transactions (ANZSIC06) - ECT,Total values - Electronic card transactions A/S/T by division,Actual,Debit,,,
ECTM.S19AX,2004.10,1847.8,,F,Dollars,6,Electronic Card Transactions (ANZSIC06) - ECT,Total values - Electronic card transactions A/S/T by division,Actual,Debit,,,
ECTM.S19AX,2004.11,1877.7,,F,Dollars,6,Electronic Card Transactions (ANZSIC06) - ECT,Total values - Electronic card transactions A/S/T by division,Actual,Debit,,,
ECTM.S19AX,2004.12,2291.6,,F,Dollars,6,Electronic Card Transactions (ANZSIC06) - ECT,Total values - Electronic card transactions A/S/T by division,Actual,Debit,,,
ECTM.S19AX,2005.01,1838.9,,F,Dollars,6,Electronic Card Transactions (ANZSIC06) - ECT,Total values - Electronic card transactions A/S/T by division,Actual,Debit,,,
ECTM.S19AX,2005.02,1746.2,,F,Dollars,6,Electronic Card Transactions (ANZSIC06) - ECT,Total values - Electronic card transactions A/S/T by division,Actual,Debit,,,
ECTM.S19AX,2005.03,1932.5,,F,Dollars,6,Electronic Card Transactions (ANZSIC06) - ECT,Total values - Electronic card transactions A/S/T by division,Actual,Debit,,,
ECTM.S19AX,2005.04,1917.4,,F,Dollars,6,Electronic Card Transactions (ANZSIC06) - ECT,Total values - Electronic card transactions A/S/T by division,Actual,Debit,,,
ECTM.S19AX,2005.05,1907.8,,F,Dollars,6,Electronic Card Transactions (ANZSIC06) - ECT,Total values - Electronic card transactions A/S/T by division,Actual,Debit,,,
ECTM.S19AX,2005.06,1882.7,,F,Dollars,6,Electronic Card Transactions (ANZSIC06) - ECT,Total values - Electronic card transactions A/S/T by division,Actual,Debit,,,
ECTM.S19AX,2005.07,1977.6,,F,Dollars,6,Electronic Card Transactions (ANZSIC06) - ECT,Total values - Electronic card transactions A/S/T by division,Actual,Debit,,,
ECTM.S19AX,2005.08,1959.8,,F,Dollars,6,Electronic Card Transactions (ANZSIC06) - ECT,Total values - Electronic card transactions A/S/T by division,Actual,Debit,,,
ECTM.S19AX,2005.09,1954.4,,F,Dollars,6,Electronic Card Transactions (ANZSIC06) - ECT,Total values - Electronic card transactions A/S/T by division,Actual,Debit,,,
ECTM.S19AX,2005.10,2013.1,,F,Dollars,6,Electronic Card Transactions (ANZSIC06) - ECT,Total values - Electronic card transactions A/S/T by division,Actual,Debit,,,
ECTM.S19AX,2005.11,2049.2,,F,Dollars,6,Electronic Card Transactions (ANZSIC06) - ECT,Total values - Electronic card transactions A/S/T by division,Actual,Debit,,,
ECTM.S19AX,2005.12,2464,,F,Dollars,6,Electronic Card Transactions (ANZSIC06) - ECT,Total values - Electronic card transactions A/S/T by division,Actual,Debit,,,
ECTM.S19AX,2006.01,1974.8,,F,Dollars,6,Electronic Card Transactions (ANZSIC06) - ECT,Total values - Electronic card transactions A/S/T by division,Actual,Debit,,,
ECTM.S19AX,2006.02,1876.1,,F,Dollars,6,Electronic Card Transactions (ANZSIC06) - ECT,Total values - Electronic card transactions A/S/T by division,Actual,Debit,,,
ECTM.S19AX,2006.03,2116.4,,F,Dollars,6,Electronic Card Transactions (ANZSIC06) - ECT,Total values - Electronic card transactions A/S/T by division,Actual,Debit,,,
ECTM.S19AX,2006.04,2040.7,,F,Dollars,6,Electronic Card Transactions (ANZSIC06) - ECT,Total values - Electronic card transactions A/S/T by division,Actual,Debit,,,
ECTM.S19AX,2006.05,2115.8,,F,Dollars,6,Electronic Card Transactions (ANZSIC06) - ECT,Total values - Electronic card transactions A/S/T by division,Actual,Debit,,,
ECTM.S19AX,2006.06,2069.1,,F,Dollars,6,Electronic Card Transactions (ANZSIC06) - ECT,Total values - Electronic card transactions A/S/T by division,Actual,Debit,,,
ECTM.S19AX,2006.07,2128.4,,F,Dollars,6,Electronic Card Transactions (ANZSIC06) - ECT,Total values - Electronic card transactions A/S/T by division,Actual,Debit,,,
ECTM.S19AX,2006.08,2143.3,,F,Dollars,6,Electronic Card Transactions (ANZSIC06) - ECT,Total values - Electronic card transactions A/S/T by division,Actual,Debit,,,
ECTM.S19AX,2006.09,2112.9,,F,Dollars,6,Electronic Card Transactions (ANZSIC06) - ECT,Total values - Electronic card transactions A/S/T by division,Actual,Debit,,,
ECTM.S19AX,2006.10,2170.3,,F,Dollars,6,Electronic Card Transactions (ANZSIC06) - ECT,Total values - Electronic card transactions A/S/T by division,Actual,Debit,,,
ECTM.S19AX,2006.11,2243,,F,Dollars,6,Electronic Card Transactions (ANZSIC06) - ECT,Total values - Electronic card transactions A/S/T by division,Actual,Debit,,,
ECTM.S19AX,2006.12,2707.3,,F,Dollars,6,Electronic Card Transactions (ANZSIC06) - ECT,Total values - Electronic card transactions A/S/T by division,Actual,Debit,,,
ECTM.S19AX,2007.01,2182.7,,F,Dollars,6,Electronic Card Transactions (ANZSIC06) - ECT,Total values - Electronic card transactions A/S/T by division,Actual,Debit,,,
ECTM.S19AX,2007.02,2088.9,,F,Dollars,6,Electronic Card Transactions (ANZSIC06) - ECT,Total values - Electronic card transactions A/S/T by division,Actual,Debit,,,
ECTM.S19AX,2007.03,2342.2,,F,Dollars,6,Electronic Card Transactions (ANZSIC06) - ECT,Total values - Electronic card transactions A/S/T by division,Actual,Debit,,,
ECTM.S19AX,2007.04,2234.2,,F,Dollars,6,Electronic Card Transactions (ANZSIC06) - ECT,Total values - Electronic card transactions A/S/T by division,Actual,Debit,,,
ECTM.S19AX,2007.05,2333.4,,F,Dollars,6,Electronic Card Transactions (ANZSIC06) - ECT,Total values - Electronic card transactions A/S/T by division,Actual,Debit,,,
ECTM.S19AX,2007.06,2262.2,,F,Dollars,6,Electronic Card Transactions (ANZSIC06) - ECT,Total values - Electronic card transactions A/S/T by division,Actual,Debit,,,
ECTM.S19AX,2007.07,2306.5,,F,Dollars,6,Electronic Card Transactions (ANZSIC06) - ECT,Total values - Electronic card transactions A/S/T by division,Actual,Debit,,,
ECTM.S19AX,2007.08,2369.2,,F,Dollars,6,Electronic Card Transactions (ANZSIC06) - ECT,Total values - Electronic card transactions A/S/T by division,Actual,Debit,,,
ECTM.S19AX,2007.09,2293.3,,F,Dollars,6,Electronic Card Transactions (ANZSIC06) - ECT,Total values - Electronic card transactions A/S/T by division,Actual,Debit,,,
ECTM.S19AX,2007.10,2379.8,,F,Dollars,6,Electronic Card Transactions (ANZSIC06) - ECT,Total values - Electronic card transactions A/S/T by division,Actual,Debit,,,
ECTM.S19AX,2007.11,2464.4,,F,Dollars,6,Electronic Card Transactions (ANZSIC06) - ECT,Total values - Electronic card transactions A/S/T by division,Actual,Debit,,,
ECTM.S19AX,2007.12,2907.7,,F,Dollars,6,Electronic Card Transactions (ANZSIC06) - ECT,Total values - Electronic card transactions A/S/T by division,Actual,Debit,,,
ECTM.S19AX,2008.01,2374.9,,F,Dollars,6,Electronic Card Transactions (ANZSIC06) - ECT,Total values - Electronic card transactions A/S/T by division,Actual,Debit,,,
ECTM.S19AX,2008.02,2324.2,,F,Dollars,6,Electronic Card Transactions (ANZSIC06) - ECT,Total values - Electronic card transactions A/S/T by division,Actual,Debit,,,
ECTM.S19AX,2008.03,2437,,F,Dollars,6,Electronic Card Transactions (ANZSIC06) - ECT,Total values - Electronic card transactions A/S/T by division,Actual,Debit,,,
ECTM.S19AX,2008.04,2375.4,,F,Dollars,6,Electronic Card Transactions (ANZSIC06) - ECT,Total values - Electronic card transactions A/S/T by division,Actual,Debit,,,
ECTM.S19AX,2008.05,2507.1,,F,Dollars,6,Electronic Card Transactions (ANZSIC06) - ECT,Total values - Electronic card transactions A/S/T by division,Actual,Debit,,,
ECTM.S19AX,2008.06,2296.3,,F,Dollars,6,Electronic Card Transactions (ANZSIC06) - ECT,Total values - Electronic card transactions A/S/T by division,Actual,Debit,,,
ECTM.S19AX,2008.07,2459.3,,F,Dollars,6,Electronic Card Transactions (ANZSIC06) - ECT,Total values - Electronic card transactions A/S/T by division,Actual,Debit,,,
ECTM.S19AX,2008.08,2480.4,,F,Dollars,6,Electronic Card Transactions (ANZSIC06) - ECT,Total values - Electronic card transactions A/S/T by division,Actual,Debit,,,
ECTM.S19AX,2008.09,2413.8,,F,Dollars,6,Electronic Card Transactions (ANZSIC06) - ECT,Total values - Electronic card transactions A/S/T by division,Actual,Debit,,,
ECTM.S19AX,2008.10,2587.9,,F,Dollars,6,Electronic Card Transactions (ANZSIC06) - ECT,Total values - Electronic card transactions A/S/T by division,Actual,Debit,,,
ECTM.S19AX,2008.11,2547.1,,F,Dollars,6,Electronic Card Transactions (ANZSIC06) - ECT,Total values - Electronic card transactions A/S/T by division,Actual,Debit,,,
ECTM.S19AX,2008.12,3022.2,,F,Dollars,6,Electronic Card Transactions (ANZSIC06) - ECT,Total values - Electronic card transactions A/S/T by division,Actual,Debit,,,
ECTM.S19AX,2009.01,2513.7,,F,Dollars,6,Electronic Card Transactions (ANZSIC06) - ECT,Total values - Electronic card transactions A/S/T by division,Actual,Debit,,,
ECTM.S19AX,2009.02,2341.3,,F,Dollars,6,Electronic Card Transactions (ANZSIC06) - ECT,Total values - Electronic card transactions A/S/T by division,Actual,Debit,,,
